Birth Rate,Business Tax Rate,CO2 Emissions,Country,Days to Start Business,Energy Usage,GDP,Health Exp % GDP,Health Exp/Capita,Hours to do Tax,Infant Mortality Rate,Internet Usage,Lending Interest,Life Expectancy Female,Life Expectancy Male,Mobile Phone Usage,Population 0-14,Population 15-64,Population 65+,Population Total,Population Urban,Tourism Inbound,Tourism Outbound
0.02,44.1,87931.0,Algeria,39.99941792782305,26998.0,54790058957,0.035,60,302.06850282485874,0.034,0.0,0.1,71.0,67.0,0.0,0.342,0.619,0.039,31719449,0.599,102000000,363.9777439355405
0.05,44.1,9542.0,Angola,39.99941792782305,7499.0,9129594819,0.034,22,302.06850282485874,0.128,0.0,1.032,47.0,44.0,0.0,0.476,0.499,0.025,13924930,0.324,34000000,353.40680699258405
0.043,44.1,1617.0,Benin,39.99941792782305,1983.0,2359122303,0.043,15,302.06850282485874,0.09,0.0,0.14810265957446808,57.0,53.0,0.0,0.454,0.517,0.029,6949366,0.383,77000000,314.26544695030617
0.027,44.1,4276.0,Botswana,39.99941792782305,1836.0,5788311645,0.047,152,302.06850282485874,0.054,0.0,0.155,52.0,49.0,0.1,0.383,0.587,0.029,1755375,0.532,227000000,367.0230179446554
0.046,44.1,1041.0,Burkina Faso,39.99941792782305,77236.84089635854,2610959139,0.051,12,302.06850282485874,0.096,0.0,0.14810265957446808,52.0,49.0,0.0,0.468,0.505,0.028,11607944,0.178,23000000,296.4150334261763
0.042,44.1,301.0,Burundi,39.99941792782305,77236.84089635854,870486066,0.063,7,302.06850282485874,0.092,0.0,0.158,49.0,47.0,0.0,0.49,0.481,0.029,6674286,0.082,1400000,270.75280671761607
0.041,44.1,3432.0,Cameroon,39.99941792782305,6310.0,9287367569,0.044,26,302.06850282485874,0.093,0.0,0.22,53.0,51.0,0.0,0.453,0.513,0.034,15927713,0.455,132000000,372.5018694248798
0.039,44.1,268.0,Central African Republic,39.99941792782305,77236.84089635854,914500332,0.043,11,302.06850282485874,0.113,0.0,0.22,45.0,42.0,0.0,0.423,0.537,0.04,3638316,0.376,5000000,299.705972416712
0.051,44.1,176.0,Chad,39.99941792782305,77236.84089635854,1385058212,0.063,10,302.06850282485874,0.106,0.0,0.22,48.0,46.0,0.0,0.49,0.482,0.028,8301151,0.216,14000000,318.2963664142419
0.039,44.1,84.0,Comoros,39.99941792782305,77236.84089635854,201899884,0.035,13,302.06850282485874,0.073,0.0,0.12,59.0,56.0,0.5781237682301931,0.415,0.554,0.031,528312,0.281,15000000,252.6495062237185
0.048,44.1,1646.0,"Congo, Dem. Rep.",39.99941792782305,16679.0,19088046305,0.048,14,302.06850282485874,0.115,0.0,0.14810265957446808,48.0,45.0,0.0,0.464,0.507,0.028,46949244,0.351,26000000,252.6495062237185
0.039,44.1,1049.0,"Congo, Rep.",39.99941792782305,814.0,3219910666,0.021,22,302.06850282485874,0.077,0.0,0.22,53.0,51.0,0.0,0.419,0.545,0.036,3126204,0.587,12400000,320.1611674037678
0.038,44.1,6791.0,Cote d'Ivoire,39.99941792782305,6734.0,10417060605,0.065,42,302.06850282485874,0.1,0.0,0.14810265957446808,47.0,46.0,0.0,0.421,0.55,0.029,16131332,0.435,53000000,379.81464399769993
0.03,44.1,403.0,Djibouti,39.99941792782305,77236.84089635854,551230862,0.058,44,302.06850282485874,0.08,0.0,0.14810265957446808,59.0,55.0,0.0,0.414,0.556,0.03,722887,0.765,8100000,272.58465038307963
0.025,44.1,141326.0,"Egypt, Arab Rep.",39.99941792782305,40658.0,99838540997,0.054,79,302.06850282485874,0.036,0.0,0.132,71.0,66.0,0.0,0.354,0.592,0.053,66136590,0.428,4657000000,437.2521441574419
0.04,44.1,455.0,Equatorial Guinea,39.99941792782305,77236.84089635854,1045998534,0.024,57,302.06850282485874,0.099,0.0,0.22,49.0,46.0,0.0,0.426,0.537,0.037,518179,0.388,5000000,280.89591025137327
0.04,44.1,609.0,Eritrea,39.99941792782305,708.0,706370812,0.045,7,302.06850282485874,0.058,0.0,0.14810265957446808,58.0,54.0,0.5781237682301931,0.47,0.512,0.018,3939348,0.176,36000000,252.6495062237185
0.044,44.1,5831.0,Ethiopia,39.99941792782305,25242.0,8091384891,0.043,5,302.06850282485874,0.09,0.0,0.109,53.0,51.0,0.0,0.466,0.503,0.031,66024199,0.147,205000000,331.1503603323873
0.034,44.1,1052.0,Gabon,39.99941792782305,1463.0,5067865503,0.029,118,302.06850282485874,0.056,0.0,0.22,61.0,59.0,0.1,0.406,0.535,0.059,1225527,0.801,99000000,361.95050005409104
0.045,44.1,275.0,"Gambia, The",39.99941792782305,77236.84089635854,782913866,0.045,29,302.06850282485874,0.063,0.0,0.24,56.0,54.0,0.0,0.459,0.514,0.027,1228863,0.479,26000000,252.6495062237185
0.035,44.1,6289.0,Ghana,39.99941792782305,7736.0,4982849054,0.048,13,302.06850282485874,0.065,0.0,0.14810265957446808,58.0,56.0,0.0,0.414,0.556,0.03,18825034,0.439,357000000,357.3274504489907
0.042,44.1,1280.0,Guinea,39.99941792782305,77236.84089635854,2995360969,0.056,19,302.06850282485874,0.103,0.0,0.194,51.0,51.0,0.0,0.44,0.525,0.034,8746128,0.31,7800000,268.3194695609425
0.042,44.1,147.0,Guinea-Bissau,39.99941792782305,77236.84089635854,361858968,0.049,16,302.06850282485874,0.109,0.0,0.14810265957446808,53.0,50.0,0.5781237682301931,0.435,0.534,0.031,1273312,0.367,26000000,252.6495062237185
0.039,44.1,10418.0,Kenya,39.99941792782305,14055.0,12705350153,0.047,19,302.06850282485874,0.069,0.0,0.223,54.0,52.0,0.0,0.442,0.531,0.028,31285050,0.199,500000000,355.90205588175087
0.031,44.1,142307.10776470587,Lesotho,39.99941792782305,77236.84089635854,771200632,0.069,29,302.06850282485874,0.081,0.0,0.171,48.0,47.0,0.0,0.412,0.543,0.045,1856225,0.195,18000000,364.37121866457227
0.043,44.1,436.0,Liberia,39.99941792782305,77236.84089635854,529064647,0.059,11,302.06850282485874,0.119,0.0,0.205,53.0,52.0,0.0,0.432,0.537,0.031,2891968,0.443,26000000,252.6495062237185
0.022,44.1,47114.0,Libya,39.99941792782305,15901.0,33896600871,0.034,252,302.06850282485874,0.024,0.0,0.07,74.0,70.0,0.0,0.333,0.628,0.039,5176185,0.763,84000000,400.8031356396967
0.041,44.1,1874.0,Madagascar,39.99941792782305,77236.84089635854,3877673635,0.05,12,302.06850282485874,0.071,0.0,0.265,60.0,57.0,0.0,0.455,0.515,0.03,15744811,0.271,152000000,351.56191868608573
0.045,44.1,906.0,Malawi,39.99941792782305,77236.84089635854,1743506287,0.061,9,302.06850282485874,0.103,0.0,0.531,46.0,46.0,0.0,0.458,0.511,0.031,11321496,0.146,29000000,316.3347702269611
0.048,44.1,543.0,Mali,39.99941792782305,77236.84089635854,2422482318,0.063,16,302.06850282485874,0.116,0.0,0.14810265957446808,49.0,49.0,0.0,0.461,0.504,0.035,10260577,0.284,47000000,324.18597802560026
0.038,44.1,1236.0,Mauritania,39.99941792782305,77236.84089635854,1293653473,0.06,24,302.06850282485874,0.076,0.0,0.256,61.0,58.0,0.0,0.428,0.54,0.032,2708095,0.492,26000000,252.6495062237185
0.017,44.1,2769.0,Mauritius,39.99941792782305,77236.84089635854,4582562398,0.037,146,302.06850282485874,0.016,0.1,0.208,75.0,68.0,0.2,0.258,0.681,0.061,1186873,0.427,732000000,365.90779654158945
0.022,44.1,33905.0,Morocco,39.99941792782305,10238.0,37020609825,0.042,54,302.06850282485874,0.043,0.0,0.133,70.0,67.0,0.1,0.341,0.613,0.047,28710123,0.533,2280000000,401.68365713860675
0.044,44.1,1349.0,Mozambique,39.99941792782305,7173.0,4310090791,0.062,15,302.06850282485874,0.114,0.0,0.19,49.0,46.0,0.0,0.438,0.53,0.032,18275618,0.291,74000000,346.6869574090903
0.032,44.1,1643.0,Namibia,39.99941792782305,978.0,3908645566,0.061,126,302.06850282485874,0.049,0.0,0.153,57.0,53.0,0.0,0.405,0.562,0.033,1897953,0.324,193000000,333.78770643820366
0.053,44.1,796.0,Niger,39.99941792782305,77236.84089635854,1798374533,0.064,10,302.06850282485874,0.101,0.0,0.14810265957446808,51.0,51.0,0.0,0.479,0.495,0.025,10989815,0.162,23000000,298.64148031774613
0.043,44.1,79182.0,Nigeria,39.99941792782305,90596.0,46385996027,0.046,17,302.06850282485874,0.113,0.0,0.213,47.0,46.0,0.0,0.435,0.537,0.028,122876727,0.348,186000000,409.2112077104493
0.041,44.1,686.0,Rwanda,39.99941792782305,77236.84089635854,1734938190,0.042,9,302.06850282485874,0.108,0.0,0.17,49.0,47.0,0.0,0.466,0.505,0.03,8395577,0.149,27000000,301.746730169669
0.036,44.1,48.0,Sao Tome and Principe,39.99941792782305,77236.84089635854,76709305,0.089,46,302.06850282485874,0.058,0.0,0.397,65.0,62.0,0.5781237682301931,0.44,0.52,0.04,139428,0.534,9900000,213.275892235901
0.04,44.1,3938.0,Senegal,39.99941792782305,2398.0,4679604922,0.046,22,302.06850282485874,0.069,0.0,0.14810265957446808,59.0,56.0,0.0,0.451,0.517,0.032,9861679,0.403,152000000,347.59218465107347
0.019,44.1,565.0,Seychelles,39.99941792782305,77236.84089635854,614877971,0.048,371,302.06850282485874,0.012,0.1,0.107,71.15926791277259,66.46183800623054,0.3,0.282,0.637,0.081,81131,0.501,225000000,309.7494476441365
0.044,44.1,425.0,Sierra Leone,39.99941792782305,77236.84089635854,635874002,0.184,28,302.06850282485874,0.141,0.0,0.263,39.0,37.0,0.0,0.43,0.546,0.025,4139757,0.356,10000000,301.746730169669
0.049,44.1,517.0,Somalia,39.99941792782305,77236.84089635854,1001970945,0.06416951983298538,15,302.06850282485874,0.105,0.0,0.14810265957446808,52.0,49.0,0.0,0.472,0.499,0.029,7385416,0.332,26000000,252.6495062237185
0.024,44.1,368611.0,South Africa,39.99941792782305,109264.0,132877640158,0.083,246,302.06850282485874,0.052,0.1,0.145,58.0,54.0,0.2,0.33,0.636,0.034,44000000,0.569,3338000000,471.34902585966296
0.043,44.1,142307.10776470587,South Sudan,39.99941792782305,77236.84089635854,1001970945,0.06416951983298538,15,302.06850282485874,0.11,0.23974713551955748,0.14810265957446808,50.0,48.0,0.5781237682301931,0.447,0.523,0.03,6652984,0.165,26000000,252.6495062237185
0.04,44.1,5534.0,Sudan,39.99941792782305,13340.0,12257299163,0.034,15,302.06850282485874,0.069,0.0,0.14810265957446808,60.0,56.0,0.0,0.437,0.533,0.03,27729798,0.325,5000000,317.65375974251083
0.033,44.1,1188.0,Swaziland,39.99941792782305,77236.84089635854,1524490159,0.053,75,302.06850282485874,0.08,0.0,0.14,49.0,48.0,0.0,0.446,0.524,0.029,1063715,0.227,24000000,298.64148031774613
0.042,44.1,2651.0,Tanzania,39.99941792782305,13390.0,10185786171,0.034,10,302.06850282485874,0.08,0.0,0.216,51.0,49.0,0.0,0.448,0.523,0.029,34020512,0.223,381000000,389.12719593478414
0.039,44.1,1357.0,Togo,39.99941792782305,2111.0,1294250280,0.053,14,302.06850282485874,0.077,0.0,0.14810265957446808,54.0,53.0,0.0,0.442,0.529,0.029,4864753,0.329,11000000,273.0280623617032
0.017,44.1,19923.0,Tunisia,39.99941792782305,7306.0,21473188882,0.054,123,302.06850282485874,0.026,0.0,0.14810265957446808,75.0,71.0,0.0,0.298,0.641,0.06,9563500,0.634,1977000000,382.2839441122688
0.048,44.1,1533.0,Uganda,39.99941792782305,77236.84089635854,6193246632,0.066,16,302.06850282485874,0.089,0.0,0.229,48.0,48.0,0.0,0.493,0.481,0.027,24275641,0.121,165000000,252.6495062237185
0.045,44.1,1819.0,Zambia,39.99941792782305,6244.0,3253551750,0.056,18,302.06850282485874,0.1,0.0,0.388,42.0,42.0,0.0,0.457,0.515,0.027,10100981,0.348,67000000,340.0514273268722
0.032,44.1,13887.0,Zimbabwe,39.99941792782305,9865.0,6689957610,0.06416951983298538,15,302.06850282485874,0.061,0.0,0.682,44.0,44.0,0.0,0.422,0.545,0.034,12503652,0.338,125000000,252.6495062237185
0.05,44.1,781.0,Afghanistan,39.99941792782305,77236.84089635854,1001970945,0.06416951983298538,15,302.06850282485874,0.095,0.23974713551955748,0.14810265957446808,56.0,54.0,0.5781237682301931,0.495,0.485,0.02,20595360,0.213,26000000,252.6495062237185
0.013,44.1,3465.0,Armenia,39.99941792782305,2015.0,1911563665,0.063,39,302.06850282485874,0.027,0.0,0.316,75.0,68.0,0.0,0.259,0.641,0.1,3076098,0.647,52000000,318.2963664142419
0.015,44.1,29508.0,Azerbaijan,39.99941792782305,11296.0,5272617196,0.047,30,302.06850282485874,0.061,0.0,0.197,70.0,64.0,0.1,0.311,0.633,0.056,8048600,0.514,68000000,351.2912117448673
0.027,44.1,27869.0,Bangladesh,39.99941792782305,18591.0,47124925462,0.028,10,302.06850282485874,0.064,0.0,0.155,66.0,65.0,0.0,0.37,0.59,0.041,132383265,0.236,50000000,398.81562418081296
0.028,44.1,400.0,Bhutan,39.99941792782305,77236.84089635854,439158233,0.067,52,302.06850282485874,0.059,0.0,0.16,60.0,60.0,0.5781237682301931,0.406,0.556,0.038,564350,0.254,10000000,252.6495062237185
0.023,44.1,6527.0,Brunei Darussalam,39.99941792782305,2385.0,6001153318,0.03,543,302.06850282485874,0.008,0.1,0.055,78.0,74.0,0.3,0.304,0.668,0.028,331801,0.712,26000000,252.6495062237185
0.028,44.1,1977.0,Cambodia,39.99941792782305,3412.0,3654031716,0.063,19,302.06850282485874,0.082,0.0,0.14810265957446808,65.0,59.0,0.0,0.408,0.554,0.038,12222871,0.186,345000000,315.6575582064916
0.014,44.1,3405180.0,China,39.99941792782305,1161353.0,1198474937925,0.046,43,302.06850282485874,0.03,0.0,0.059,74.0,71.0,0.1,0.256,0.675,0.069,1262645000,0.359,17318000000,546.3589437602617
0.012,44.1,4536.0,Georgia,39.99941792782305,2869.0,3057453461,0.069,45,302.06850282485874,0.031,0.0,0.247,75.0,68.0,0.0,0.219,0.656,0.125,4418300,0.526,107000000,348.7676880367186
0.008,44.1,40465.0,"Hong Kong SAR, China",39.99941792782305,13392.0,171668164083,0.06416951983298538,15,302.06850282485874,0.032813011456628474,0.3,0.095,84.0,78.0,0.8,0.173,0.717,0.11,6665000,1.0,8198000000,540.5231835018484
0.026,44.1,1186663.0,India,39.99941792782305,457198.0,476609148166,0.043,20,302.06850282485874,0.067,0.0,0.123,63.0,61.0,0.0,0.342,0.614,0.044,1042261758,0.277,3598000000,485.22431191245755
0.022,44.1,263419.0,Indonesia,39.99941792782305,154768.0,165021012262,0.02,15,302.06850282485874,0.041,0.0,0.185,69.0,65.0,0.0,0.307,0.647,0.047,208938698,0.42,4975000000,478.9741782492972
0.009,44.1,1219589.0,Japan,39.99941792782305,518964.0,4731198760271,0.076,2834,302.06850282485874,0.003,0.3,0.021,85.0,78.0,0.5,0.146,0.682,0.172,126870000,0.786,5970000000,599.0808893964759
0.015,44.1,127769.0,Kazakhstan,39.99941792782305,35679.0,18291990619,0.042,52,302.06850282485874,0.038,0.0,0.14810265957446808,71.0,60.0,0.0,0.277,0.655,0.068,14883626,0.557,403000000,399.821108553307
0.018,44.1,76699.0,"Korea, Dem. Rep.",39.99941792782305,19717.0,1001970945,0.06416951983298538,15,302.06850282485874,0.045,0.23974713551955748,0.14810265957446808,69.0,61.0,0.5781237682301931,0.26,0.681,0.059,22840225,0.594,26000000,252.6495062237185
0.013,44.1,447561.0,"Korea, Rep.",39.99941792782305,188161.0,561633037420,0.043,491,302.06850282485874,0.005,0.4,0.085,80.0,72.0,0.6,0.21,0.717,0.073,47008111,0.796,8527000000,519.6488914175028
0.02,44.1,4529.0,Kyrgyz Republic,39.99941792782305,2317.0,1369691955,0.047,13,302.06850282485874,0.042,0.0,0.519,72.0,65.0,0.0,0.35,0.596,0.055,4898400,0.353,20000000,294.04413328293447
0.031,44.1,972.0,Lao PDR,39.99941792782305,77236.84089635854,1731198022,0.033,11,302.06850282485874,0.083,0.0,0.32,63.0,60.0,0.0,0.435,0.529,0.036,5388281,0.22,114000000,252.6495062237185
0.009,44.1,1635.0,"Macao SAR, China",39.99941792782305,77236.84089635854,6101794939,0.06416951983298538,15,302.06850282485874,0.032813011456628474,0.1,0.099,80.0,75.0,0.3,0.228,0.698,0.074,431907,1.0,3205000000,252.6495062237185
0.023,44.1,126603.0,Malaysia,39.99941792782305,47110.0,93789473684,0.03,120,302.06850282485874,0.009,0.2,0.077,75.0,71.0,0.2,0.333,0.628,0.038,23420751,0.62,5873000000,469.0087707160385
0.025,44.1,499.0,Maldives,39.99941792782305,77236.84089635854,624337144,0.071,162,302.06850282485874,0.035,0.0,0.13,70.0,69.0,0.0,0.413,0.549,0.038,272745,0.277,321000000,320.76291102306135
0.019,44.1,7506.0,Mongolia,39.99941792782305,2397.0,1136896162,0.047,22,302.06850282485874,0.049,0.0,0.37,66.0,60.0,0.1,0.348,0.615,0.037,2397473,0.571,43000000,317.0000287821119
0.021,44.1,10088.0,Myanmar,39.99941792782305,12841.0,1001970945,0.021,3,302.06850282485874,0.059,0.23974713551955748,0.153,64.0,60.0,0.0,0.307,0.645,0.047,48453000,0.27,195000000,296.4150334261763
0.033,44.1,3234.0,Nepal,39.99941792782305,8108.0,5494252208,0.05,12,302.06850282485874,0.06,0.0,0.095,63.0,61.0,0.0,0.404,0.558,0.038,23184177,0.134,219000000,342.5038096649337
0.031,44.1,106449.0,Pakistan,39.99941792782305,64067.0,73952374970,0.03,15,302.06850282485874,0.088,0.23974713551955748,0.14810265957446808,65.0,63.0,0.0,0.415,0.546,0.039,143832014,0.332,551000000,406.75386928585243
0.03,44.1,73307.0,Philippines,39.99941792782305,39872.0,81026294681,0.032,33,302.06850282485874,0.03,0.0,0.109,70.0,64.0,0.1,0.385,0.583,0.032,77651848,0.48,2334000000,455.1214111760954
0.012,44.1,49006.0,Singapore,39.99941792782305,18692.0,95835970989,0.027,662,302.06850282485874,0.003,0.4,0.058,80.0,76.0,0.7,0.215,0.712,0.073,4027900,1.0,5142000000,494.3992682533083
0.018,44.1,10161.0,Sri Lanka,39.99941792782305,8327.0,16330810304,0.037,32,302.06850282485874,0.014,0.0,0.162,75.0,68.0,0.0,0.269,0.669,0.063,19102000,0.184,388000000,390.59773269727566
0.03,44.1,2237.0,Tajikistan,39.99941792782305,2149.0,860550294,0.046,6,302.06850282485874,0.075,0.0,0.256,68.0,60.0,0.0,0.429,0.536,0.035,6186152,0.265,26000000,252.6495062237185
0.015,44.1,188355.0,Thailand,39.99941792782305,72284.0,122725247706,0.034,67,302.06850282485874,0.019,0.0,0.078,75.0,67.0,0.0,0.242,0.693,0.066,62343379,0.314,9935000000,479.260797385735
0.043,44.1,142307.10776470587,Timor-Leste,39.99941792782305,77236.84089635854,350100000,0.051,19,302.06850282485874,0.084,0.23974713551955748,0.14810265957446808,61.0,58.0,0.5781237682301931,0.498,0.479,0.024,853585,0.243,26000000,252.6495062237185
0.024,44.1,35365.0,Turkmenistan,39.99941792782305,14871.0,2904662605,0.039,44,302.06850282485874,0.066,0.0,0.14810265957446808,68.0,60.0,0.0,0.363,0.594,0.043,4501419,0.459,26000000,252.6495062237185
0.021,44.1,119951.0,Uzbekistan,39.99941792782305,50757.0,13760374488,0.053,29,302.06850282485874,0.053,0.0,0.14810265957446808,70.0,64.0,0.0,0.373,0.584,0.043,24650400,0.374,63000000,252.6495062237185
0.017,44.1,53645.0,Vietnam,39.99941792782305,28736.0,33640085728,0.053,20,302.06850282485874,0.027,0.0,0.106,78.0,69.0,0.0,0.316,0.62,0.064,77630900,0.244,26000000,252.6495062237185
0.019,44.1,3022.0,Albania,39.99941792782305,1763.0,3686649387,0.064,70,302.06850282485874,0.023,0.0,0.221,77.0,71.0,0.0,0.303,0.628,0.068,3089027,0.417,398000000,379.680481300058
0.011,44.1,524.0,Andorra,39.99941792782305,77236.84089635854,1133644295,0.062,1330,302.06850282485874,0.004,0.1,0.14810265957446808,71.15926791277259,66.46183800623054,0.4,0.3030511272141707,0.6234814814814815,0.07346457326892109,65399,0.924,26000000,252.6495062237185
0.01,44.1,63696.0,Austria,39.99941792782305,28558.0,192070749954,0.1,2403,302.06850282485874,0.005,0.3,0.14810265957446808,81.0,75.0,0.8,0.17,0.675,0.155,8011566,0.658,11382000000,513.8980163560309
0.009,44.1,53469.0,Belarus,39.99941792782305,24695.0,12736856485,0.061,64,302.06850282485874,0.011,0.0,0.677,75.0,63.0,0.0,0.186,0.679,0.134,10005000,0.7,188000000,373.45171744268976
0.011,44.1,115709.0,Belgium,39.99941792782305,58508.0,232672747374,0.081,1845,302.06850282485874,0.005,0.3,0.08,81.0,75.0,0.5,0.176,0.655,0.169,10251250,0.971,6592000000,527.4856559574658
0.01,44.1,23223.0,Bosnia and Herzegovina,39.99941792782305,4346.0,5505984456,0.071,103,302.06850282485874,0.008,0.0,0.305,77.0,72.0,0.0,0.202,0.691,0.107,3834364,0.393,246000000,336.256539965597
0.009,44.1,43531.0,Bulgaria,39.99941792782305,18688.0,12903546765,0.062,98,302.06850282485874,0.018,0.1,0.113,75.0,68.0,0.1,0.157,0.677,0.166,8170172,0.689,1364000000,418.36932108410946
0.01,44.1,19644.0,Croatia,39.99941792782305,7790.0,21517784659,0.078,377,302.06850282485874,0.007,0.1,0.121,77.0,69.0,0.2,0.172,0.673,0.156,4426000,0.556,2871000000,410.7739686526721
0.013,44.1,6850.0,Cyprus,39.99941792782305,2137.0,9314937556,0.058,744,302.06850282485874,0.006,0.2,0.08,80.0,76.0,0.2,0.224,0.674,0.102,943287,0.686,2137000000,404.5174784269059
0.009,44.1,124649.0,Czech Republic,39.99941792782305,40993.0,58807244368,0.063,361,302.06850282485874,0.006,0.1,0.072,78.0,72.0,0.4,0.165,0.697,0.138,10255063,0.74,2973000000,439.6149222139345
0.013,44.1,47260.0,Denmark,39.99941792782305,18634.0,160082517846,0.087,2613,302.06850282485874,0.005,0.4,0.081,79.0,74.0,0.6,0.185,0.667,0.149,5339616,0.851,3671000000,495.69508046065283
0.01,44.1,15181.0,Estonia,39.99941792782305,4715.0,5675697575,0.053,213,302.06850282485874,0.009,0.3,0.074,76.0,65.0,0.4,0.18,0.669,0.152,1396985,0.694,657000000,374.37993316982545
0.022714893617021278,44.1,711.0,Faeroe Islands,39.99941792782305,77236.84089635854,1062339944,0.06416951983298538,15,302.06850282485874,0.032813011456628474,0.3,0.14810265957446808,82.0,76.0,0.4,0.3030511272141707,0.6234814814814815,0.07346457326892109,46491,0.363,26000000,252.6495062237185
0.011,44.1,52141.0,Finland,39.99941792782305,32233.0,121793808734,0.072,1700,302.06850282485874,0.004,0.4,0.056,81.0,74.0,0.7,0.182,0.669,0.149,5176209,0.822,2035000000,464.5372766353684
0.013,44.1,365560.0,France,39.99941792782305,251981.0,1326334438917,0.101,2209,302.06850282485874,0.004,0.1,0.067,83.0,75.0,0.5,0.189,0.65,0.16,60911057,0.759,38534000000,576.3860689400143
0.009,44.1,829978.0,Germany,39.99941792782305,336584.0,1886401326700,0.104,2387,302.06850282485874,0.004,0.3,0.096,81.0,75.0,0.6,0.156,0.681,0.163,82211508,0.731,24943000000,613.890103947559
0.01,44.1,91616.0,Greece,39.99941792782305,27086.0,124418163928,0.079,918,302.06850282485874,0.007,0.1,0.123,81.0,75.0,0.5,0.152,0.68,0.168,10917482,0.727,9262000000,494.6827773194883
0.01,44.1,57238.0,Hungary,39.99941792782305,24999.0,46385589534,0.072,326,302.06850282485874,0.01,0.1,0.126,76.0,67.0,0.3,0.168,0.68,0.151,10210971,0.646,3809000000,452.27475098780195
0.014,44.1,2164.0,Iceland,39.99941792782305,3100.0,8697298234,0.095,2961,302.06850282485874,0.003,0.4,0.168,82.0,78.0,0.8,0.233,0.651,0.116,281205,0.924,386000000,398.81562418081296
0.014,44.1,41345.0,Ireland,39.99941792782305,13574.0,97331522066,0.061,1572,302.06850282485874,0.006,0.2,0.048,79.0,74.0,0.6,0.218,0.67,0.112,3805174,0.591,3517000000,470.40090547992355
0.022714893617021278,44.1,142307.10776470587,Isle of Man,39.99941792782305,77236.84089635854,1563667800,0.06416951983298538,15,302.06850282485874,0.032813011456628474,0.23974713551955748,0.14810265957446808,71.15926791277259,66.46183800623054,0.5781237682301931,0.3030511272141707,0.6234814814814815,0.07346457326892109,76806,0.518,26000000,252.6495062237185
0.01,44.1,451441.0,Italy,39.99941792782305,171522.0,1104009462562,0.079,1527,302.06850282485874,0.005,0.2,0.07,83.0,77.0,0.7,0.143,0.674,0.183,56942108,0.672,28706000000,558.0453107998244
0.023,44.1,142307.10776470587,Kosovo,39.99941792782305,1545.0,1849196082,0.06416951983298538,15,302.06850282485874,0.032813011456628474,0.23974713551955748,0.14810265957446808,70.0,66.0,0.5781237682301931,0.3030511272141707,0.6234814814814815,0.07346457326892109,1700000,0.5629525765496639,26000000,252.6495062237185
0.009,44.1,6241.0,Latvia,39.99941792782305,3832.0,7833068425,0.06,197,302.06850282485874,0.015,0.1,0.119,76.0,65.0,0.2,0.179,0.671,0.15,2367550,0.681,172000000,378.4528724203367
0.013,44.1,142307.10776470587,Liechtenstein,39.99941792782305,77236.84089635854,2483890594,0.06416951983298538,15,302.06850282485874,0.032813011456628474,0.4,0.14810265957446808,80.0,74.0,0.3,0.3030511272141707,0.6234814814814815,0.07346457326892109,33093,0.151,26000000,252.6495062237185
0.01,44.1,12200.0,Lithuania,39.99941792782305,7131.0,11434200000,0.065,212,302.06850282485874,0.01,0.1,0.121,78.0,67.0,0.2,0.199,0.662,0.139,3499536,0.67,430000000,375.5856003639876
0.013,44.1,8240.0,Luxembourg,39.99941792782305,3335.0,20267551133,0.075,3495,302.06850282485874,0.004,0.2,0.14810265957446808,81.0,75.0,0.7,0.189,0.67,0.141,436300,0.842,1686000000,440.68628744579127
0.013,44.1,12064.0,"Macedonia, FYR",39.99941792782305,2668.0,3586883989,0.087,153,302.06850282485874,0.014,0.0,0.189,76.0,71.0,0.1,0.224,0.676,0.1,2052129,0.585,88000000,319.5497165999623
0.012,44.1,2065.0,Malta,39.99941792782305,676.0,3957418083,0.066,643,302.06850282485874,0.007,0.1,0.073,80.0,76.0,0.3,0.207,0.686,0.107,381363,0.924,731000000,369.6835514701896
0.012,44.1,3513.0,Moldova,39.99941792782305,2883.0,1288420223,0.067,24,302.06850282485874,0.025,0.0,0.338,71.0,63.0,0.0,0.237,0.663,0.1,3639592,0.458,57000000,333.78770643820366
0.022714893617021278,44.1,142307.10776470587,Monaco,39.99941792782305,77236.84089635854,2647883820,0.033,2685,302.06850282485874,0.004,0.4,0.14810265957446808,71.15926791277259,66.46183800623054,0.4,0.3030511272141707,0.6234814814814815,0.07346457326892109,32081,1.0,26000000,252.6495062237185
0.013,44.1,142307.10776470587,Montenegro,39.99941792782305,77236.84089635854,984279596,0.075,121,302.06850282485874,0.013,0.23974713551955748,0.14810265957446808,77.0,71.0,0.5781237682301931,0.213,0.673,0.113,611196,0.585,26000000,252.6495062237185
0.013,44.1,165363.0,Netherlands,39.99941792782305,73223.0,385074626866,0.08,1932,302.06850282485874,0.005,0.4,0.048,81.0,76.0,0.7,0.186,0.679,0.136,15925513,0.768,11285000000,544.6123996483552
0.013,44.1,38808.0,Norway,39.99941792782305,26092.0,168288531891,0.091,3432,302.06850282485874,0.004,0.5,0.089,81.0,76.0,0.7,0.2,0.648,0.152,4490967,0.761,2521000000,497.78390922280965
0.01,44.1,301691.0,Poland,39.99941792782305,89116.0,171276118424,0.055,247,302.06850282485874,0.008,0.1,0.2,78.0,70.0,0.2,0.194,0.684,0.123,38258629,0.617,6128000000,481.89156889141196
0.012,44.1,62966.0,Portugal,39.99941792782305,24673.0,117299520914,0.093,1070,302.06850282485874,0.006,0.2,0.14810265957446808,80.0,73.0,0.6,0.162,0.676,0.162,10289898,0.544,6027000000,472.4676174721941
0.01,44.1,89985.0,Romania,39.99941792782305,36228.0,37305099928,0.043,72,302.06850282485874,0.023,0.0,0.539,75.0,68.0,0.1,0.186,0.68,0.134,22442971,0.53,394000000,396.7294788559919
0.009,44.1,1558112.0,Russian Federation,39.99941792782305,619265.0,259708496267,0.054,96,302.06850282485874,0.02,0.0,0.244,72.0,59.0,0.0,0.182,0.694,0.124,146596870,0.734,3429000000,524.5683554610428
0.022714893617021278,44.1,142307.10776470587,San Marino,39.99941792782305,77236.84089635854,773907642,0.053,2161,302.06850282485874,0.005,0.5,0.092,84.0,77.0,0.5,0.3030511272141707,0.6234814814814815,0.07346457326892109,26969,0.934,26000000,252.6495062237185
0.01,44.1,142307.10776470587,Serbia,39.99941792782305,13728.0,6082791506,0.074,51,302.06850282485874,0.011,0.23974713551955748,0.063,75.0,70.0,0.5781237682301931,0.202,0.669,0.129,7516346,0.532,26000000,252.6495062237185
0.01,44.1,37312.0,Slovak Republic,39.99941792782305,17743.0,28724041828,0.055,208,302.06850282485874,0.01,0.1,0.149,77.0,69.0,0.2,0.197,0.689,0.114,5388720,0.562,441000000,386.0200531967374
0.009,44.1,14265.0,Slovenia,39.99941792782305,6413.0,19979467790,0.083,831,302.06850282485874,0.005,0.2,0.158,79.0,72.0,0.6,0.159,0.7,0.141,1988925,0.508,1016000000,404.59149331367837
0.01,44.1,294434.0,Spain,39.99941792782305,121856.0,580345494748,0.072,1045,302.06850282485874,0.005,0.1,0.052,83.0,76.0,0.6,0.148,0.684,0.169,40263216,0.763,32656000000,518.2809222570706
0.01,44.1,49794.0,Sweden,39.99941792782305,47556.0,247260155858,0.082,2282,302.06850282485874,0.003,0.5,0.058,82.0,77.0,0.7,0.184,0.643,0.173,8872109,0.84,4825000000,525.1395934289743
0.011,44.1,39050.0,Switzerland,39.99941792782305,25005.0,256042925982,0.099,3541,302.06850282485874,0.005,0.5,0.043,83.0,77.0,0.6,0.174,0.673,0.153,7184250,0.733,8988000000,516.1677634353464
0.021,44.1,216148.0,Turkey,39.99941792782305,76348.0,266567532726,0.049,196,302.06850282485874,0.034,0.0,0.14810265957446808,74.0,66.0,0.3,0.307,0.634,0.06,63174483,0.647,7636000000,452.05189494452037
0.008,44.1,320774.0,Ukraine,39.99941792782305,133794.0,31261527363,0.056,36,302.06850282485874,0.016,0.0,0.415,74.0,62.0,0.0,0.175,0.688,0.138,49175848,0.671,563000000,405.83035078928435
0.012,44.1,543662.0,United Kingdom,39.99941792782305,222940.0,1493628385535,0.07,1761,302.06850282485874,0.006,0.3,0.06,80.0,75.0,0.7,0.19,0.652,0.158,58892514,0.787,29978000000,603.8620582584102
0.021,44.1,18643.0,Bahrain,39.99941792782305,5865.0,9063147901,0.035,476,302.06850282485874,0.011,0.1,0.116,76.0,74.0,0.3,0.308,0.667,0.024,668239,0.884,854000000,394.7215190013622
0.019,44.1,372703.0,"Iran, Islamic Rep.",39.99941792782305,122983.0,101286514977,0.046,231,302.06850282485874,0.029,0.0,0.14810265957446808,71.0,69.0,0.0,0.347,0.611,0.042,65911052,0.64,677000000,413.07634517856513
0.036,44.1,72445.0,Iraq,39.99941792782305,25937.0,1001970945,0.008,7,302.06850282485874,0.036,0.23974713551955748,0.14810265957446808,73.0,69.0,0.5781237682301931,0.428,0.537,0.035,23801156,0.685,2000000,256.4076900716723
0.022,44.1,62691.0,Israel,39.99941792782305,18234.0,124895151203,0.074,1454,302.06850282485874,0.006,0.2,0.128,81.0,77.0,0.7,0.281,0.619,0.1,6289000,0.912,4611000000,485.7826721059477
0.031,44.1,15508.0,Jordan,39.99941792782305,4864.0,8457923945,0.097,171,302.06850282485874,0.023,0.0,0.118,73.0,70.0,0.1,0.394,0.575,0.031,4797000,0.798,935000000,391.0085154126962
0.024,44.1,55181.0,Kuwait,39.99941792782305,18805.0,37718011469,0.025,494,302.06850282485874,0.011,0.1,0.089,74.0,72.0,0.3,0.257,0.712,0.031,1906231,0.981,394000000,473.9889088916996
0.019,44.1,15354.0,Lebanon,39.99941792782305,4907.0,17260364842,0.109,579,302.06850282485874,0.017,0.1,0.182,76.0,73.0,0.2,0.286,0.643,0.071,3235380,0.86,742000000,252.6495062237185
0.024,44.1,21896.0,Oman,39.99941792782305,8083.0,19867880550,0.031,264,302.06850282485874,0.014,0.0,0.101,74.0,70.0,0.1,0.372,0.605,0.023,2192535,0.716,377000000,410.45308652292954
0.019,44.1,34730.0,Qatar,39.99941792782305,10876.0,17759889598,0.022,652,302.06850282485874,0.011,0.0,0.14810265957446808,78.0,76.0,0.2,0.259,0.724,0.017,593693,0.963,128000000,381.90376826986835
0.027,44.1,296935.0,Saudi Arabia,39.99941792782305,101325.0,188441864875,0.042,398,302.06850282485874,0.019,0.0,0.14810265957446808,74.0,71.0,0.1,0.384,0.581,0.035,20144584,0.798,26000000,252.6495062237185
0.03,44.1,51048.0,Syrian Arab Republic,39.99941792782305,15765.0,19325894913,0.049,59,302.06850282485874,0.02,0.0,0.09,75.0,72.0,0.0,0.408,0.558,0.034,16371208,0.519,1082000000,412.95501501606657
0.017,44.1,112562.0,United Arab Emirates,39.99941792782305,33944.0,104337375343,0.022,752,302.06850282485874,0.01,0.2,0.097,75.0,73.0,0.5,0.254,0.736,0.01,3026352,0.802,1063000000,476.4699436368982
0.039,44.1,14639.0,"Yemen, Rep.",39.99941792782305,4747.0,9636342275,0.041,25,302.06850282485874,0.069,0.0,0.195,62.0,59.0,0.0,0.486,0.485,0.029,17522537,0.263,73000000,348.18431647513376
0.022714893617021278,44.1,142307.10776470587,American Samoa,39.99941792782305,77236.84089635854,1001970945,0.06416951983298538,15,302.06850282485874,0.032813011456628474,0.23974713551955748,0.14810265957446808,71.15926791277259,66.46183800623054,0.0,0.3030511272141707,0.6234814814814815,0.07346457326892109,57522,0.886,26000000,252.6495062237185
0.013,44.1,329605.0,Australia,39.99941792782305,108110.0,415208189412,0.081,1713,302.06850282485874,0.005,0.5,0.093,82.0,77.0,0.4,0.207,0.669,0.124,19153000,0.872,13016000000,524.2150129360759
0.025,44.1,865.0,Fiji,39.99941792782305,77236.84089635854,1684109743,0.039,80,302.06850282485874,0.021,0.0,0.084,70.0,65.0,0.1,0.351,0.615,0.034,811647,0.479,291000000,337.8192080319898
0.02,44.1,631.0,French Polynesia,39.99941792782305,77236.84089635854,3447543138,0.06416951983298538,15,302.06850282485874,0.032813011456628474,0.1,0.14810265957446808,75.0,70.0,0.2,0.318,0.64,0.043,237267,0.561,26000000,252.6495062237185
0.022,44.1,142307.10776470587,Guam,39.99941792782305,77236.84089635854,1001970945,0.06416951983298538,15,302.06850282485874,0.032813011456628474,0.2,0.14810265957446808,78.0,73.0,0.2,0.305,0.642,0.054,155328,0.931,26000000,252.6495062237185
0.029,44.1,33.0,Kiribati,39.99941792782305,77236.84089635854,67512715,0.079,65,302.06850282485874,0.054,0.0,0.14810265957446808,68.0,62.0,0.0,0.399,0.567,0.034,82788,0.43,2700000,252.6495062237185
0.022714893617021278,44.1,77.0,Marshall Islands,39.99941792782305,77236.84089635854,110937729,0.225,466,302.06850282485874,0.034,0.0,0.14810265957446808,68.0,63.0,0.0,0.3030511272141707,0.6234814814814815,0.07346457326892109,52161,0.684,3000000,148.9883314884063
0.03,44.1,136.0,"Micronesia, Fed. Sts.",39.99941792782305,77236.84089635854,233226323,0.078,170,302.06850282485874,0.042,0.0,0.153,68.0,67.0,0.5781237682301931,0.403,0.56,0.037,107430,0.223,17000000,237.92904148442395
0.021,44.1,2299.0,New Caledonia,39.99941792782305,77236.84089635854,2682347064,0.06416951983298538,15,302.06850282485874,0.032813011456628474,0.1,0.14810265957446808,78.0,72.0,0.2,0.287,0.654,0.059,213230,0.618,111000000,252.6495062237185
0.015,44.1,32897.0,New Zealand,39.99941792782305,17056.0,52011621745,0.076,1052,302.06850282485874,0.006,0.5,0.078,81.0,76.0,0.4,0.227,0.655,0.118,3857700,0.857,2272000000,438.24645758392
0.035,44.1,2688.0,Papua New Guinea,39.99941792782305,77236.84089635854,3521348155,0.04,26,302.06850282485874,0.058,0.0,0.175,61.0,57.0,0.0,0.402,0.573,0.025,5379226,0.132,7000000,314.26544695030617
0.031,44.1,139.0,Samoa,39.99941792782305,77236.84089635854,239698992,0.06,80,302.06850282485874,0.019,0.0,0.14810265957446808,73.0,66.0,0.0,0.407,0.548,0.045,174614,0.22,41000000,252.6495062237185
0.036,44.1,165.0,Solomon Islands,39.99941792782305,77236.84089635854,435101217,0.046,48,302.06850282485874,0.028,0.0,0.146,64.0,62.0,0.0,0.419,0.553,0.028,412336,0.158,4000000,266.24274607543396
0.028,44.1,121.0,Tonga,39.99941792782305,77236.84089635854,188623258,0.048,92,302.06850282485874,0.015,0.0,0.113,73.0,69.0,0.0,0.384,0.559,0.057,97962,0.23,7000000,252.6495062237185
0.032,44.1,81.0,Vanuatu,39.99941792782305,77236.84089635854,272014693,0.036,52,302.06850282485874,0.02,0.0,0.099,69.0,66.0,0.0,0.415,0.552,0.033,185058,0.217,69000000,256.4076900716723
0.02,44.1,345.0,Antigua and Barbuda,39.99941792782305,77236.84089635854,787693391,0.04,408,302.06850282485874,0.014,0.1,0.122,76.0,71.0,0.3,0.292,0.637,0.071,77648,0.321,291000000,297.54517416961835
0.019,44.1,141077.0,Argentina,39.99941792782305,60954.0,344272910000,0.092,710,302.06850282485874,0.018,0.1,0.111,78.0,70.0,0.2,0.279,0.621,0.099,36903067,0.891,3195000000,502.6884443802767
0.014,44.1,2233.0,Aruba,39.99941792782305,77236.84089635854,1873452514,0.06416951983298538,15,302.06850282485874,0.032813011456628474,0.2,0.121,76.0,71.0,0.2,0.232,0.692,0.076,90858,0.467,850000000,357.5601426752136
0.018,44.1,1668.0,"Bahamas, The",39.99941792782305,77236.84089635854,6327552000,0.052,1107,302.06850282485874,0.013,0.1,0.06,75.0,69.0,0.1,0.293,0.654,0.054,297759,0.82,1753000000,386.81893624787165
0.013,44.1,1188.0,Barbados,39.99941792782305,77236.84089635854,3119500000,0.063,602,302.06850282485874,0.015,0.0,0.102,75.0,71.0,0.1,0.219,0.666,0.115,267190,0.338,733000000,352.0978457246973
0.029,44.1,689.0,Belize,39.99941792782305,77236.84089635854,831750000,0.04,139,302.06850282485874,0.021,0.1,0.16,74.0,67.0,0.1,0.402,0.555,0.043,238586,0.477,111000000,309.7494476441365
0.014,44.1,495.0,Bermuda,39.99941792782305,77236.84089635854,3480219000,0.06416951983298538,15,302.06850282485874,0.032813011456628474,0.4,0.14810265957446808,81.0,75.0,0.2,0.3030511272141707,0.6234814814814815,0.07346457326892109,61833,1.0,431000000,252.6495062237185
0.031,44.1,10224.0,Bolivia,39.99941792782305,3737.0,8397858185,0.061,60,302.06850282485874,0.057,0.0,0.346,65.0,61.0,0.1,0.398,0.56,0.042,8495271,0.618,101000000,344.8115029492926
0.021,44.1,327984.0,Brazil,39.99941792782305,187442.0,644701831101,0.072,265,302.06850282485874,0.029,0.0,0.568,74.0,67.0,0.1,0.296,0.649,0.055,174504898,0.812,1969000000,494.5265720011857
0.011,44.1,534484.0,Canada,39.99941792782305,251450.0,739455928894,0.088,2090,302.06850282485874,0.005,0.5,0.073,82.0,77.0,0.3,0.192,0.683,0.125,30769700,0.795,13035000000,549.4155438911193
0.022714893617021278,44.1,455.0,Cayman Islands,39.99941792782305,77236.84089635854,1001970945,0.06416951983298538,15,302.06850282485874,0.032813011456628474,0.23974713551955748,0.14810265957446808,71.15926791277259,66.46183800623054,0.3,0.3030511272141707,0.6234814814814815,0.07346457326892109,41685,1.0,559000000,252.6495062237185
0.017,44.1,58694.0,Chile,39.99941792782305,25174.0,79328640264,0.077,390,302.06850282485874,0.009,0.2,0.148,80.0,74.0,0.2,0.278,0.65,0.072,15454402,0.861,1179000000,425.2809037538626
0.023,44.1,57924.0,Colombia,39.99941792782305,25814.0,99886577576,0.059,148,302.06850282485874,0.021,0.0,0.188,75.0,67.0,0.1,0.328,0.624,0.047,39897984,0.721,1313000000,445.04998160152127
0.02,44.1,5475.0,Costa Rica,39.99941792782305,2874.0,15946443103,0.071,287,302.06850282485874,0.011,0.1,0.249,80.0,75.0,0.1,0.315,0.631,0.055,3929588,0.59,1477000000,405.10600614119744
0.013,44.1,26039.0,Cuba,39.99941792782305,12859.0,30565200000,0.061,166,302.06850282485874,0.007,0.0,0.14810265957446808,79.0,75.0,0.0,0.216,0.685,0.099,11138416,0.753,1948000000,252.6495062237185
0.022714893617021278,44.1,142307.10776470587,Curacao,39.99941792782305,77236.84089635854,1001970945,0.06416951983298538,15,302.06850282485874,0.032813011456628474,0.23974713551955748,0.14810265957446808,71.15926791277259,66.46183800623054,0.5781237682301931,0.249,0.648,0.103,133860,0.908,227000000,252.6495062237185
0.022714893617021278,44.1,103.0,Dominica,39.99941792782305,77236.84089635854,324463833,0.05,231,302.06850282485874,0.014,0.1,0.117,71.15926791277259,66.46183800623054,0.0,0.3030511272141707,0.6234814814814815,0.07346457326892109,69679,0.653,48000000,256.4076900716723
0.025,44.1,20117.0,Dominican Republic,39.99941792782305,7499.0,23996656676,0.063,173,302.06850282485874,0.033,0.0,0.268,74.0,68.0,0.1,0.349,0.599,0.051,8663421,0.617,2860000000,396.1009596510798
0.025,44.1,20942.0,Ecuador,39.99941792782305,7815.0,18327386416,0.036,53,302.06850282485874,0.028,0.0,0.171,76.0,71.0,0.0,0.345,0.604,0.051,12533087,0.603,451000000,393.8714885507672
0.025,44.1,5743.0,El Salvador,39.99941792782305,3968.0,13134100000,0.081,179,302.06850282485874,0.027,0.0,0.14,74.0,65.0,0.1,0.383,0.562,0.055,5958794,0.589,437000000,368.81598102352734
0.016,44.1,532.0,Greenland,39.99941792782305,77236.84089635854,1068024994,0.06416951983298538,15,302.06850282485874,0.032813011456628474,0.3,0.14810265957446808,70.0,64.0,0.3,0.3030511272141707,0.6234814814814815,0.07346457326892109,56200,0.816,26000000,252.6495062237185
0.019,44.1,191.0,Grenada,39.99941792782305,77236.84089635854,523256355,0.066,339,302.06850282485874,0.014,0.0,0.116,73.0,68.0,0.0,0.35,0.572,0.078,101620,0.359,93000000,252.6495062237185
0.037,44.1,9916.0,Guatemala,39.99941792782305,7041.0,19290566570,0.056,96,302.06850282485874,0.04,0.0,0.209,71.0,64.0,0.1,0.441,0.519,0.04,11204183,0.451,498000000,368.2863813017463
0.022,44.1,1610.0,Guyana,39.99941792782305,77236.84089635854,712667925,0.058,56,302.06850282485874,0.039,0.1,0.173,67.0,60.0,0.1,0.354,0.602,0.045,744471,0.287,80000000,329.7607573265424
0.031,44.1,1368.0,Haiti,39.99941792782305,2010.0,3664503846,0.061,26,302.06850282485874,0.075,0.0,0.314,59.0,56.0,0.0,0.403,0.557,0.04,8578234,0.356,128000000,359.8154553185416
0.032,44.1,5031.0,Honduras,39.99941792782305,2990.0,7105529647,0.066,76,302.06850282485874,0.031,0.0,0.268,73.0,68.0,0.0,0.424,0.537,0.039,6235561,0.455,263000000,364.95431834991
0.021,44.1,10319.0,Jamaica,39.99941792782305,3829.0,9008629729,0.055,189,302.06850282485874,0.02,0.0,0.233,73.0,68.0,0.1,0.327,0.599,0.075,2589389,0.518,1577000000,372.0185050015224
0.024,44.1,381518.0,Mexico,39.99941792782305,145384.0,683647980782,0.051,328,302.06850282485874,0.022,0.1,0.169,77.0,72.0,0.1,0.341,0.61,0.049,103873607,0.747,9133000000,509.5890909667199
0.028,44.1,3762.0,Nicaragua,39.99941792782305,2522.0,5107329010,0.054,54,302.06850282485874,0.033,0.0,0.181,72.0,67.0,0.0,0.409,0.554,0.037,5100920,0.547,129000000,347.88936245034824
0.024,44.1,5790.0,Panama,39.99941792782305,2569.0,11620500000,0.078,295,302.06850282485874,0.022,0.1,0.105,78.0,73.0,0.1,0.321,0.623,0.055,3054812,0.622,628000000,372.5018694248798
0.028,44.1,3689.0,Paraguay,39.99941792782305,3850.0,8195993231,0.081,124,302.06850282485874,0.028,0.0,0.268,72.0,68.0,0.2,0.382,0.574,0.044,5350253,0.553,88000000,355.41536745824317
0.024,44.1,30297.0,Peru,39.99941792782305,12222.0,50681123109,0.047,96,302.06850282485874,0.03,0.0,0.3,73.0,68.0,0.0,0.341,0.611,0.048,26000080,0.73,861000000,411.21918519856143
0.016,44.1,142307.10776470587,Puerto Rico,39.99941792782305,77236.84089635854,61701810000,0.06416951983298538,15,302.06850282485874,0.032813011456628474,0.1,0.14810265957446808,81.0,73.0,0.3,0.236,0.651,0.113,3810605,0.944,2388000000,441.44942535812606
0.022714893617021278,44.1,142307.10776470587,Sint Maarten (Dutch part),39.99941792782305,77236.84089635854,1001970945,0.06416951983298538,15,302.06850282485874,0.032813011456628474,0.23974713551955748,0.14810265957446808,71.15926791277259,66.46183800623054,0.5781237682301931,0.3030511272141707,0.6234814814814815,0.07346457326892109,30519,1.0,511000000,348.18431647513376
0.022714893617021278,44.1,103.0,St. Kitts and Nevis,39.99941792782305,77236.84089635854,416566954,0.043,392,302.06850282485874,0.014,0.1,0.111,71.15926791277259,66.46183800623054,0.0,0.3030511272141707,0.6234814814814815,0.07346457326892109,45544,0.328,58000000,256.4076900716723
0.02,44.1,330.0,St. Lucia,39.99941792782305,77236.84089635854,764457723,0.056,272,302.06850282485874,0.015,0.1,0.131,73.0,70.0,0.0,0.322,0.602,0.076,156949,0.278,281000000,299.705972416712
0.017,44.1,142307.10776470587,St. Martin (French part),39.99941792782305,77236.84089635854,1001970945,0.06416951983298538,15,302.06850282485874,0.032813011456628474,0.23974713551955748,0.14810265957446808,80.0,74.0,0.5781237682301931,0.3030511272141707,0.6234814814814815,0.07346457326892109,28384,0.5629525765496639,26000000,252.6495062237185
0.02,44.1,158.0,St. Vincent and the Grenadines,39.99941792782305,77236.84089635854,397447007,0.037,137,302.06850282485874,0.019,0.0,0.115,73.0,68.0,0.0,0.314,0.616,0.069,107897,0.452,82000000,259.7930106370605
0.023,44.1,2127.0,Suriname,39.99941792782305,77236.84089635854,892164364,0.087,167,302.06850282485874,0.03,0.0,0.29,71.0,65.0,0.1,0.306,0.637,0.057,466668,0.664,42000000,324.72772309108046
0.015,44.1,24514.0,Trinidad and Tobago,39.99941792782305,10854.0,8154315708,0.04,260,302.06850282485874,0.025,0.1,0.165,72.0,65.0,0.1,0.256,0.679,0.065,1267980,0.108,371000000,363.380226725364
0.022714893617021278,44.1,15.0,Turks and Caicos Islands,39.99941792782305,77236.84089635854,1001970945,0.06416951983298538,15,302.06850282485874,0.032813011456628474,0.23974713551955748,0.14810265957446808,71.15926791277259,66.46183800623054,0.5781237682301931,0.3030511272141707,0.6234814814814815,0.07346457326892109,18876,0.846,285000000,252.6495062237185
0.014,44.1,5713560.0,United States,39.99941792782305,2273332.0,10289700000000,0.136,4790,302.06850282485874,0.007,0.4,0.092,79.0,74.0,0.4,0.213,0.663,0.124,282162411,0.791,120912000000,637.022753311043
0.016,44.1,5306.0,Uruguay,39.99941792782305,3092.0,22823255806,0.112,773,302.06850282485874,0.015,0.1,0.461,78.0,71.0,0.1,0.246,0.624,0.131,3320841,0.92,827000000,390.39081151579967
0.024,44.1,152415.0,"Venezuela, RB",39.99941792782305,56424.0,117147614566,0.057,273,302.06850282485874,0.018,0.0,0.252,75.0,70.0,0.2,0.337,0.617,0.046,24407553,0.88,469000000,450.3826764286346
0.014,44.1,142307.10776470587,Virgin Islands (U.S.),39.99941792782305,77236.84089635854,1001970945,0.06416951983298538,15,302.06850282485874,0.032813011456628474,0.1,0.14810265957446808,80.0,73.0,0.3,0.259,0.655,0.086,108639,0.926,1206000000,252.6495062237185
0.019,44.1,84293.0,Algeria,39.99941792782305,27072.0,54744716706,0.038,65,302.06850282485874,0.033,0.0,0.095,71.0,68.0,0.0,0.33,0.63,0.04,32150198,0.607,100000000,364.17496178676356
0.05,44.1,9732.0,Angola,39.99941792782305,7883.0,8936079253,0.058,36,302.06850282485874,0.127,0.0,0.96,47.0,45.0,0.0,0.477,0.499,0.025,14385283,0.332,35000000,331.1503603323873
0.042,44.1,1738.0,Benin,39.99941792782305,2109.0,2499269391,0.047,16,302.06850282485874,0.088,0.0,0.14810265957446808,57.0,54.0,0.0,0.453,0.518,0.029,7174911,0.387,86000000,312.81976685742285
0.027,44.1,4334.0,Botswana,39.99941792782305,1868.0,5489646903,0.052,175,302.06850282485874,0.054,0.0,0.158,51.0,48.0,0.2,0.377,0.593,0.03,1783349,0.541,235000000,368.1082977460734
0.046,44.1,997.0,Burkina Faso,39.99941792782305,77236.84089635854,2812845486,0.049,12,302.06850282485874,0.095,0.0,0.14810265957446808,52.0,50.0,0.0,0.467,0.506,0.027,11946080,0.185,25000000,301.746730169669
0.042,44.1,216.0,Burundi,39.99941792782305,77236.84089635854,876794723,0.068,7,302.06850282485874,0.089,0.0,0.168,50.0,47.0,0.0,0.484,0.487,0.029,6839376,0.085,900000,265.7036038635226
0.041,44.1,3421.0,Cameroon,39.99941792782305,6384.0,9633109257,0.047,27,302.06850282485874,0.09,0.0,0.207,53.0,51.0,0.0,0.451,0.515,0.034,16350440,0.461,182000000,365.1468255217313
0.039,44.1,246.0,Central African Republic,39.99941792782305,77236.84089635854,931833294,0.04,10,302.06850282485874,0.113,0.0,0.207,45.0,42.0,0.0,0.422,0.538,0.04,3704045,0.377,5000000,295.2488365508221
0.051,44.1,172.0,Chad,39.99941792782305,77236.84089635854,1709347777,0.06,12,302.06850282485874,0.105,0.0,0.207,48.0,46.0,0.0,0.491,0.481,0.028,8620917,0.217,23000000,318.2963664142419
0.039,44.1,88.0,Comoros,39.99941792782305,77236.84089635854,220115655,0.028,11,302.06850282485874,0.073,0.0,0.12,60.0,57.0,0.5781237682301931,0.414,0.555,0.031,541976,0.28,9000000,252.6495062237185
0.047,44.1,1566.0,"Congo, Dem. Rep.",39.99941792782305,17242.0,7438189100,0.043,6,302.06850282485874,0.114,0.0,0.14810265957446808,48.0,45.0,0.0,0.464,0.507,0.028,48167045,0.356,26000000,252.6495062237185
0.039,44.1,862.0,"Congo, Rep.",39.99941792782305,884.0,2794259756,0.024,21,302.06850282485874,0.075,0.0,0.207,54.0,51.0,0.0,0.419,0.545,0.036,3205636,0.592,22600000,332.0496595190035
0.038,44.1,7726.0,Cote d'Ivoire,39.99941792782305,6483.0,10545285037,0.052,34,302.06850282485874,0.098,0.0,0.14810265957446808,47.0,46.0,0.0,0.421,0.55,0.029,16420173,0.442,58000000,379.5458789948939
0.03,44.1,385.0,Djibouti,39.99941792782305,77236.84089635854,572417441,0.054,41,302.06850282485874,0.078,0.0,0.115,59.0,56.0,0.0,0.407,0.562,0.031,733732,0.766,8600000,268.06654787626377
0.025,44.1,125452.0,"Egypt, Arab Rep.",39.99941792782305,45698.0,97632008051,0.058,76,302.06850282485874,0.034,0.0,0.133,71.0,66.0,0.0,0.348,0.598,0.054,67204189,0.428,4119000000,438.6849866681632
0.039,44.1,3095.0,Equatorial Guinea,39.99941792782305,77236.84089635854,1461139008,0.015,50,302.06850282485874,0.096,0.0,0.207,49.0,47.0,0.0,0.423,0.541,0.036,534592,0.388,14000000,296.4150334261763
0.04,44.1,631.0,Eritrea,39.99941792782305,742.0,752368494,0.039,7,302.06850282485874,0.056,0.0,0.14810265957446808,59.0,54.0,0.5781237682301931,0.462,0.519,0.019,4101609,0.178,74000000,252.6495062237185
0.043,44.1,4309.0,Ethiopia,39.99941792782305,26171.0,8080496318,0.047,6,302.06850282485874,0.087,0.0,0.109,54.0,52.0,0.0,0.466,0.504,0.031,67956866,0.149,218000000,314.26544695030617
0.034,44.1,1782.0,Gabon,39.99941792782305,1579.0,4712849280,0.033,125,302.06850282485874,0.055,0.0,0.207,61.0,58.0,0.1,0.404,0.538,0.058,1255299,0.809,46000000,374.83624007922816
0.045,44.1,282.0,"Gambia, The",39.99941792782305,77236.84089635854,687410629,0.046,25,302.06850282485874,0.062,0.0,0.24,57.0,54.0,0.0,0.459,0.515,0.027,1266691,0.488,26000000,252.6495062237185
0.034,44.1,6920.0,Ghana,39.99941792782305,8045.0,5314871684,0.056,15,302.06850282485874,0.063,0.0,0.14810265957446808,58.0,56.0,0.0,0.412,0.557,0.031,19293392,0.446,374000000,358.02149859514583
0.042,44.1,1298.0,Guinea,39.99941792782305,77236.84089635854,2833442750,0.059,19,302.06850282485874,0.099,0.0,0.14810265957446808,51.0,51.0,0.0,0.44,0.526,0.034,8895353,0.314,8200000,291.5080605814495
0.041,44.1,150.0,Guinea-Bissau,39.99941792782305,77236.84089635854,384270400,0.05,15,302.06850282485874,0.106,0.0,0.14810265957446808,53.0,51.0,0.5781237682301931,0.434,0.535,0.031,1301748,0.375,2700000,240.87843421292166
0.039,44.1,9369.0,Kenya,39.99941792782305,14259.0,12985991723,0.046,19,302.06850282485874,0.068,0.0,0.197,54.0,52.0,0.0,0.438,0.534,0.028,32126351,0.202,536000000,361.95050005409104
0.031,44.1,142307.10776470587,Lesotho,39.99941792782305,77236.84089635854,706430933,0.075,28,302.06850282485874,0.082,0.0,0.166,46.0,45.0,0.0,0.41,0.545,0.046,1871500,0.201,16000000,358.2501938780194
0.042,44.1,502.0,Liberia,39.99941792782305,77236.84089635854,515000000,0.064,11,302.06850282485874,0.112,0.0,0.221,53.0,52.0,0.0,0.432,0.537,0.031,2998770,0.447,26000000,252.6495062237185
0.022,44.1,48100.0,Libya,39.99941792782305,16361.0,28420321952,0.041,261,302.06850282485874,0.024,0.0,0.07,74.0,71.0,0.0,0.326,0.634,0.04,5258677,0.764,90000000,406.61309151836787
0.04,44.1,1742.0,Madagascar,39.99941792782305,77236.84089635854,4529575233,0.05,14,302.06850282485874,0.067,0.0,0.253,60.0,58.0,0.0,0.455,0.516,0.03,16235767,0.274,149000000,361.11007042583725
0.045,44.1,906.0,Malawi,39.99941792782305,77236.84089635854,1716502069,0.051,8,302.06850282485874,0.097,0.0,0.562,46.0,46.0,0.0,0.46,0.51,0.03,11623166,0.147,40000000,315.6575582064916
0.048,44.1,546.0,Mali,39.99941792782305,77236.84089635854,2629739067,0.064,18,302.06850282485874,0.113,0.0,0.14810265957446808,49.0,50.0,0.0,0.461,0.505,0.034,10562768,0.291,91000000,323.6364244103741
0.038,44.1,1349.0,Mauritania,39.99941792782305,77236.84089635854,1295536829,0.048,19,302.06850282485874,0.076,0.0,0.225,61.0,58.0,0.0,0.426,0.543,0.032,2791403,0.5,26000000,252.6495062237185
0.016,44.1,2967.0,Mauritius,39.99941792782305,77236.84089635854,4536544699,0.038,147,302.06850282485874,0.015,0.1,0.211,75.0,68.0,0.2,0.255,0.683,0.063,1199881,0.425,820000000,368.2863813017463
0.021,44.1,37715.0,Morocco,39.99941792782305,10894.0,37724674865,0.044,58,302.06850282485874,0.041,0.0,0.133,70.0,67.0,0.2,0.333,0.619,0.048,29021156,0.537,2966000000,407.7950811929532
0.045,44.1,1580.0,Mozambique,39.99941792782305,7547.0,4075049537,0.056,12,302.06850282485874,0.109,0.0,0.227,49.0,46.0,0.0,0.44,0.529,0.032,18785719,0.293,64000000,349.62688990362375
0.031,44.1,2017.0,Namibia,39.99941792782305,1127.0,3546791603,0.062,113,302.06850282485874,0.049,0.0,0.145,56.0,52.0,0.1,0.403,0.564,0.033,1931282,0.329,264000000,326.8209699135724
0.053,44.1,759.0,Niger,39.99941792782305,77236.84089635854,1945327546,0.074,12,302.06850282485874,0.098,0.0,0.14810265957446808,51.0,51.0,0.0,0.481,0.494,0.025,11396434,0.163,30000000,299.705972416712
0.043,44.1,83351.0,Nigeria,39.99941792782305,94633.0,44138014092,0.048,18,302.06850282485874,0.11,0.0,0.234,47.0,46.0,0.0,0.435,0.538,0.028,126004992,0.357,168000000,423.12961706868026
0.04,44.1,689.0,Rwanda,39.99941792782305,77236.84089635854,1674685126,0.044,8,302.06850282485874,0.101,0.0,0.173,50.0,48.0,0.0,0.464,0.507,0.029,8760003,0.158,29000000,299.705972416712
0.037,44.1,51.0,Sao Tome and Principe,39.99941792782305,77236.84089635854,76553443,0.103,52,302.06850282485874,0.056,0.1,0.37,65.0,62.0,0.5781237682301931,0.434,0.526,0.04,141783,0.544,6200000,210.5011638822931
0.04,44.1,4331.0,Senegal,39.99941792782305,2592.0,4877602012,0.05,24,302.06850282485874,0.067,0.0,0.14810265957446808,60.0,57.0,0.0,0.449,0.519,0.032,10119118,0.405,175000000,343.50950585483963
0.018,44.1,642.0,Seychelles,39.99941792782305,77236.84089635854,618433501,0.047,356,302.06850282485874,0.012,0.1,0.106,71.15926791277259,66.46183800623054,0.5,0.275,0.645,0.08,81202,0.503,221000000,307.26873851753516
0.044,44.1,568.0,Sierra Leone,39.99941792782305,77236.84089635854,1079478388,0.16,40,302.06850282485874,0.139,0.0,0.243,40.0,38.0,0.0,0.429,0.547,0.024,4295667,0.359,14000000,308.11413513567896
0.048,44.1,502.0,Somalia,39.99941792782305,77236.84089635854,1001970945,0.06416951983298538,15,302.06850282485874,0.105,0.0,0.14810265957446808,53.0,50.0,0.0,0.473,0.497,0.029,7609265,0.336,26000000,252.6495062237185
0.024,44.1,362743.0,South Africa,39.99941792782305,112399.0,118478986833,0.086,223,302.06850282485874,0.053,0.1,0.138,57.0,53.0,0.2,0.325,0.64,0.036,44909738,0.574,3256000000,465.88919853279594
0.042,44.1,142307.10776470587,South Sudan,39.99941792782305,77236.84089635854,1001970945,0.06416951983298538,15,302.06850282485874,0.105,0.23974713551955748,0.14810265957446808,51.0,48.0,0.5781237682301931,0.446,0.523,0.031,6924455,0.166,26000000,252.6495062237185
0.039,44.1,6370.0,Sudan,39.99941792782305,13988.0,13182872555,0.035,16,302.06850282485874,0.067,0.0,0.14810265957446808,60.0,57.0,0.0,0.436,0.534,0.03,28434810,0.325,3000000,328.3190222681346
0.032,44.1,1144.0,Swaziland,39.99941792782305,77236.84089635854,1349326983,0.052,65,302.06850282485874,0.081,0.0,0.133,48.0,47.0,0.1,0.44,0.53,0.03,1074761,0.226,23000000,297.54517416961835
0.042,44.1,3128.0,Tanzania,39.99941792782305,14203.0,10383560998,0.035,11,302.06850282485874,0.076,0.0,0.201,51.0,50.0,0.0,0.447,0.524,0.029,34895398,0.227,626000000,388.4806860377676
0.039,44.1,1162.0,Togo,39.99941792782305,2106.0,1332328986,0.052,14,302.06850282485874,0.075,0.0,0.14810265957446808,54.0,53.0,0.0,0.439,0.532,0.028,4992225,0.334,14000000,282.6178872213985
0.017,44.1,20818.0,Tunisia,39.99941792782305,7711.0,22066101341,0.053,122,302.06850282485874,0.024,0.0,0.14810265957446808,75.0,71.0,0.0,0.289,0.649,0.062,9673600,0.638,2061000000,383.7705333410044
0.048,44.1,1621.0,Uganda,39.99941792782305,77236.84089635854,5840503703,0.072,17,302.06850282485874,0.085,0.0,0.227,49.0,49.0,0.0,0.493,0.48,0.027,25088033,0.122,187000000,252.6495062237185
0.045,44.1,1907.0,Zambia,39.99941792782305,6430.0,3653822712,0.06,21,302.06850282485874,0.095,0.0,0.462,43.0,42.0,0.0,0.459,0.514,0.027,10362137,0.35,80000000,340.0514273268722
0.032,44.1,12563.0,Zimbabwe,39.99941792782305,9690.0,6777384733,0.06416951983298538,15,302.06850282485874,0.06,0.0,0.38,43.0,43.0,0.0,0.419,0.547,0.034,12586763,0.342,81000000,252.6495062237185
0.049,44.1,645.0,Afghanistan,39.99941792782305,77236.84089635854,2461666315,0.06416951983298538,15,302.06850282485874,0.093,0.0,0.14810265957446808,56.0,54.0,0.5781237682301931,0.495,0.484,0.02,21347782,0.216,26000000,252.6495062237185
0.013,44.1,3542.0,Armenia,39.99941792782305,2006.0,2118467913,0.059,41,302.06850282485874,0.025,0.0,0.267,75.0,68.0,0.0,0.25,0.646,0.104,3059960,0.644,81000000,320.1611674037678
0.014,44.1,28771.0,Azerbaijan,39.99941792782305,11445.0,5707618247,0.045,31,302.06850282485874,0.057,0.0,0.197,70.0,64.0,0.1,0.301,0.641,0.058,8111200,0.516,57000000,345.7604158059426
0.026,44.1,32457.0,Bangladesh,39.99941792782305,20223.0,46987842847,0.03,10,302.06850282485874,0.062,0.0,0.158,66.0,66.0,0.0,0.364,0.595,0.041,134729503,0.241,48000000,386.0200531967374
0.027,44.1,389.0,Bhutan,39.99941792782305,77236.84089635854,476360697,0.062,51,302.06850282485874,0.056,0.0,0.158,61.0,61.0,0.5781237682301931,0.393,0.568,0.039,580888,0.265,9000000,252.6495062237185
0.022,44.1,6197.0,Brunei Darussalam,39.99941792782305,2208.0,5601090584,0.032,525,302.06850282485874,0.008,0.1,0.055,78.0,74.0,0.4,0.301,0.671,0.028,339114,0.717,155000000,397.5239783690377
0.027,44.1,2252.0,Cambodia,39.99941792782305,3430.0,3979813388,0.062,20,302.06850282485874,0.076,0.0,0.14810265957446808,66.0,60.0,0.0,0.397,0.564,0.039,12472586,0.187,429000000,320.1611674037678
0.013,44.1,3487566.0,China,39.99941792782305,1186797.0,1324806909021,0.046,47,302.06850282485874,0.028,0.0,0.059,74.0,71.0,0.1,0.246,0.683,0.07,1271850000,0.371,19006000000,549.0015714915843
0.012,44.1,3770.0,Georgia,39.99941792782305,2570.0,3219487823,0.078,54,302.06850282485874,0.029,0.0,0.223,76.0,68.0,0.1,0.212,0.659,0.129,4386400,0.524,136000000,350.74418116202526
0.007,44.1,37972.0,"Hong Kong SAR, China",39.99941792782305,14145.0,169403241524,0.06416951983298538,15,302.06850282485874,0.032813011456628474,0.4,0.051,85.0,78.0,0.8,0.167,0.72,0.112,6714300,1.0,7923000000,539.8301992232489
0.025,44.1,1203843.0,India,39.99941792782305,464501.0,493954333981,0.045,21,302.06850282485874,0.064,0.0,0.121,64.0,61.0,0.0,0.338,0.617,0.044,1059500888,0.279,3342000000,492.72199682291017
0.021,44.1,294907.0,Indonesia,39.99941792782305,158963.0,160446947638,0.022,17,302.06850282485874,0.039,0.0,0.185,70.0,66.0,0.0,0.304,0.649,0.047,211970371,0.428,5277000000,481.750015444607
0.009,44.1,1202266.0,Japan,39.99941792782305,510791.0,4159859918094,0.078,2554,302.06850282485874,0.003,0.4,0.02,85.0,78.0,0.6,0.144,0.679,0.177,127149000,0.8,5750000000,590.1756319163228
0.015,44.1,147908.0,Kazakhstan,39.99941792782305,34493.0,22152689130,0.035,53,302.06850282485874,0.036,0.0,0.14810265957446808,71.0,61.0,0.0,0.271,0.661,0.069,14858335,0.555,502000000,418.20838623173904
0.017,44.1,79475.0,"Korea, Dem. Rep.",39.99941792782305,20369.0,1001970945,0.06416951983298538,15,302.06850282485874,0.039,0.23974713551955748,0.14810265957446808,70.0,62.0,0.5781237682301931,0.258,0.68,0.062,23043449,0.595,26000000,252.6495062237185
0.012,44.1,450194.0,"Korea, Rep.",39.99941792782305,191046.0,533051998854,0.05,528,302.06850282485874,0.006,0.6,0.077,80.0,73.0,0.6,0.206,0.717,0.077,47357362,0.799,7919000000,521.9126487883685
0.02,44.1,3781.0,Kyrgyz Republic,39.99941792782305,2151.0,1525113501,0.048,15,302.06850282485874,0.04,0.0,0.373,73.0,65.0,0.0,0.342,0.602,0.055,4945100,0.353,32000000,284.26071422139523
0.03,44.1,902.0,Lao PDR,39.99941792782305,77236.84089635854,1768619058,0.041,13,302.06850282485874,0.08,0.0,0.262,64.0,61.0,0.0,0.43,0.533,0.036,5470169,0.23,108000000,231.0948803987931
0.008,44.1,1687.0,"Macao SAR, China",39.99941792782305,77236.84089635854,6514271488,0.06416951983298538,15,302.06850282485874,0.032813011456628474,0.2,0.08,80.0,76.0,0.4,0.219,0.708,0.074,438080,1.0,3745000000,252.6495062237185
0.022,44.1,136717.0,Malaysia,39.99941792782305,49255.0,92783947368,0.033,130,302.06850282485874,0.008,0.3,0.071,75.0,71.0,0.3,0.327,0.634,0.039,23925742,0.629,7627000000,481.5562832111354
0.023,44.1,576.0,Maldives,39.99941792782305,77236.84089635854,802442810,0.053,153,302.06850282485874,0.032,0.0,0.13,72.0,70.0,0.1,0.399,0.561,0.039,277825,0.289,327000000,320.1611674037678
0.019,44.1,7884.0,Mongolia,39.99941792782305,2415.0,1267997923,0.046,24,302.06850282485874,0.047,0.0,0.374,67.0,60.0,0.1,0.336,0.627,0.037,2419669,0.582,49000000,320.1611674037678
0.02,44.1,8724.0,Myanmar,39.99941792782305,12547.0,1001970945,0.021,2,302.06850282485874,0.057,0.0,0.15,64.0,60.0,0.0,0.301,0.651,0.048,48894203,0.273,132000000,298.64148031774613
0.032,44.1,3454.0,Nepal,39.99941792782305,8375.0,6007061224,0.053,13,302.06850282485874,0.057,0.0,0.077,64.0,62.0,0.0,0.403,0.559,0.039,23655119,0.14,191000000,348.4770806283819
0.03,44.1,108283.0,Pakistan,39.99941792782305,65091.0,72309738921,0.028,13,302.06850282485874,0.086,0.0,0.14810265957446808,65.0,63.0,0.0,0.409,0.552,0.04,146857081,0.334,533000000,405.3972314541301
0.029,44.1,71052.0,Philippines,39.99941792782305,38202.0,76261998623,0.03,29,302.06850282485874,0.03,0.0,0.124,70.0,64.0,0.2,0.382,0.585,0.033,79297756,0.477,2011000000,456.8713369990351
0.012,44.1,49541.0,Singapore,39.99941792782305,21229.0,89285087395,0.024,526,302.06850282485874,0.003,0.4,0.056,80.0,76.0,0.7,0.211,0.714,0.075,4138000,1.0,4641000000,511.22727079536344
0.018,44.1,10246.0,Sri Lanka,39.99941792782305,8050.0,15746224410,0.037,31,302.06850282485874,0.013,0.0,0.194,76.0,68.0,0.0,0.265,0.672,0.064,18797000,0.184,347000000,392.5138640081787
0.03,44.1,2292.0,Tajikistan,39.99941792782305,2122.0,1080774006,0.046,8,302.06850282485874,0.07,0.0,0.211,68.0,60.0,0.0,0.421,0.543,0.036,6289340,0.265,26000000,252.6495062237185
0.014,44.1,202132.0,Thailand,39.99941792782305,74385.0,115536405150,0.033,61,302.06850282485874,0.018,0.1,0.073,75.0,67.0,0.1,0.238,0.694,0.068,63069070,0.326,9378000000,480.8125645029369
0.041,44.1,142307.10776470587,Timor-Leste,39.99941792782305,77236.84089635854,429700000,0.062,20,302.06850282485874,0.08,0.23974713551955748,0.14810265957446808,62.0,59.0,0.5781237682301931,0.5,0.475,0.024,871353,0.246,26000000,252.6495062237185
0.023,44.1,39270.0,Turkmenistan,39.99941792782305,15153.0,3534771969,0.038,58,302.06850282485874,0.065,0.0,0.14810265957446808,68.0,60.0,0.0,0.356,0.6,0.044,4551762,0.461,26000000,252.6495062237185
0.021,44.1,122038.0,Uzbekistan,39.99941792782305,51070.0,11401351420,0.053,24,302.06850282485874,0.052,0.0,0.14810265957446808,70.0,64.0,0.0,0.365,0.591,0.044,24964450,0.373,72000000,252.6495062237185
0.017,44.1,61140.0,Vietnam,39.99941792782305,30646.0,35291349277,0.056,22,302.06850282485874,0.026,0.0,0.094,79.0,69.0,0.0,0.307,0.628,0.065,78621000,0.249,26000000,252.6495062237185
0.018,44.1,3223.0,Albania,39.99941792782305,1783.0,4091020249,0.06,75,302.06850282485874,0.022,0.0,0.197,78.0,72.0,0.1,0.297,0.632,0.071,3064111,0.424,451000000,376.75671580988666
0.012,44.1,524.0,Andorra,39.99941792782305,77236.84089635854,1264760246,0.056,1294,302.06850282485874,0.004,0.23974713551955748,0.14810265957446808,71.15926791277259,66.46183800623054,0.4,0.3030511272141707,0.6234814814814815,0.07346457326892109,68000,0.921,26000000,252.6495062237185
0.009,44.1,65716.0,Austria,39.99941792782305,30177.0,191678678300,0.101,2406,302.06850282485874,0.005,0.4,0.14810265957446808,82.0,76.0,0.8,0.168,0.676,0.156,8042293,0.658,11511000000,516.4631825824574
0.009,44.1,52596.0,Belarus,39.99941792782305,24785.0,12354820144,0.066,83,302.06850282485874,0.01,0.0,0.47,75.0,63.0,0.0,0.179,0.684,0.137,9928000,0.705,272000000,400.06877031248865
0.011,44.1,114766.0,Belgium,39.99941792782305,58391.0,232485906040,0.083,1878,302.06850282485874,0.005,0.3,0.085,81.0,75.0,0.7,0.175,0.655,0.17,10286570,0.972,8304000000,534.0724807622354
0.01,44.1,20700.0,Bosnia and Herzegovina,39.99941792782305,4201.0,5748990555,0.072,108,302.06850282485874,0.008,0.0,0.14810265957446808,77.0,73.0,0.1,0.199,0.689,0.112,3879353,0.393,279000000,337.8192080319898
0.009,44.1,46454.0,Bulgaria,39.99941792782305,19416.0,13868600710,0.074,129,302.06850282485874,0.017,0.1,0.111,75.0,69.0,0.2,0.152,0.68,0.168,8020282,0.692,1262000000,422.0616543285776
0.009,44.1,20715.0,Croatia,39.99941792782305,7948.0,23052044813,0.072,376,302.06850282485874,0.007,0.1,0.095,78.0,71.0,0.4,0.169,0.672,0.159,4440000,0.557,3463000000,413.43828342755666
0.013,44.1,6846.0,Cyprus,39.99941792782305,2114.0,9679304971,0.058,776,302.06850282485874,0.005,0.2,0.075,80.0,76.0,0.3,0.219,0.678,0.103,961481,0.688,2203000000,406.3301269784683
0.009,44.1,124407.0,Czech Republic,39.99941792782305,42078.0,64375288107,0.064,403,302.06850282485874,0.005,0.1,0.072,78.0,72.0,0.7,0.161,0.7,0.139,10216605,0.739,3104000000,443.089353885647
0.012,44.1,49035.0,Denmark,39.99941792782305,19203.0,160476161869,0.091,2730,302.06850282485874,0.005,0.4,0.082,79.0,75.0,0.7,0.186,0.665,0.148,5358783,0.852,4003000000,497.4911670188463
0.009,44.1,15596.0,Estonia,39.99941792782305,4919.0,6240147810,0.049,218,302.06850282485874,0.008,0.3,0.078,76.0,65.0,0.5,0.174,0.671,0.155,1388115,0.692,661000000,374.37993316982545
0.022714893617021278,44.1,792.0,Faeroe Islands,39.99941792782305,77236.84089635854,1154899793,0.06416951983298538,15,302.06850282485874,0.032813011456628474,0.4,0.14810265957446808,82.0,77.0,0.5,0.3030511272141707,0.6234814814814815,0.07346457326892109,47135,0.372,26000000,252.6495062237185
0.011,44.1,56424.0,Finland,39.99941792782305,33150.0,124642505593,0.074,1786,302.06850282485874,0.003,0.4,0.058,82.0,75.0,0.8,0.18,0.669,0.151,5188008,0.824,2065000000,467.25505347326106
0.013,44.1,385827.0,France,39.99941792782305,260565.0,1338302997763,0.102,2241,302.06850282485874,0.004,0.3,0.07,83.0,76.0,0.6,0.188,0.651,0.161,61355725,0.761,38385000000,576.4687157843075
0.009,44.1,853663.0,Germany,39.99941792782305,346679.0,1880894854586,0.105,2402,302.06850282485874,0.004,0.3,0.1,81.0,76.0,0.7,0.154,0.679,0.168,82349925,0.731,24175000000,612.9595353940111
0.009,44.1,93806.0,Greece,39.99941792782305,28004.0,129841808535,0.088,1055,302.06850282485874,0.006,0.1,0.086,81.0,76.0,0.7,0.15,0.678,0.172,10951764,0.729,9216000000,490.8762778549458
0.01,44.1,57022.0,Hungary,39.99941792782305,25591.0,52720966883,0.072,374,302.06850282485874,0.009,0.1,0.121,77.0,68.0,0.5,0.166,0.682,0.153,10187576,0.647,4191000000,456.1750183651707
0.014,44.1,2101.0,Iceland,39.99941792782305,3238.0,7922983043,0.093,2612,302.06850282485874,0.003,0.5,0.18,83.0,78.0,0.9,0.23,0.653,0.116,284968,0.925,383000000,389.4467176118347
0.015,44.1,44151.0,Ireland,39.99941792782305,14432.0,105166579628,0.067,1848,302.06850282485874,0.006,0.2,0.048,80.0,75.0,0.8,0.214,0.674,0.112,3866243,0.594,3789000000,475.54973429050216
0.022714893617021278,44.1,142307.10776470587,Isle of Man,39.99941792782305,77236.84089635854,1614595291,0.06416951983298538,15,302.06850282485874,0.032813011456628474,0.23974713551955748,0.14810265957446808,71.15926791277259,66.46183800623054,0.5781237682301931,0.3030511272141707,0.6234814814814815,0.07346457326892109,77616,0.518,26000000,252.6495062237185
0.009,44.1,450348.0,Italy,39.99941792782305,172142.0,1123702691037,0.081,1590,302.06850282485874,0.004,0.3,0.073,83.0,77.0,0.9,0.143,0.672,0.186,56974100,0.673,26916000000,554.8993966537746
0.022,44.1,142307.10776470587,Kosovo,39.99941792782305,1902.0,2535333632,0.06416951983298538,15,302.06850282485874,0.032813011456628474,0.23974713551955748,0.14810265957446808,70.0,66.0,0.5781237682301931,0.3030511272141707,0.6234814814814815,0.07346457326892109,1701154,0.5629525765496639,26000000,252.6495062237185
0.008,44.1,6854.0,Latvia,39.99941792782305,4111.0,8313047744,0.062,215,302.06850282485874,0.014,0.1,0.112,77.0,65.0,0.3,0.172,0.674,0.154,2337170,0.68,153000000,374.6847038311395
0.012,44.1,142307.10776470587,Liechtenstein,39.99941792782305,77236.84089635854,2491800559,0.06416951983298538,15,302.06850282485874,0.032813011456628474,0.5,0.14810265957446808,82.0,76.0,0.3,0.3030511272141707,0.6234814814814815,0.07346457326892109,33475,0.15,26000000,252.6495062237185
0.009,44.1,12919.0,Lithuania,39.99941792782305,8277.0,12159225000,0.063,220,302.06850282485874,0.009,0.1,0.096,78.0,66.0,0.3,0.193,0.665,0.142,3470818,0.669,425000000,370.1953233247989
0.012,44.1,8801.0,Luxembourg,39.99941792782305,3509.0,20196868009,0.074,3405,302.06850282485874,0.004,0.4,0.14810265957446808,81.0,75.0,0.9,0.19,0.669,0.142,441525,0.848,1780000000,445.3973139818058
0.012,44.1,11998.0,"Macedonia, FYR",39.99941792782305,2577.0,3436961385,0.085,141,302.06850282485874,0.014,0.0,0.194,76.0,71.0,0.1,0.219,0.679,0.103,2065098,0.583,49000000,320.76291102306135
0.01,44.1,2486.0,Malta,39.99941792782305,787.0,3917620728,0.07,675,302.06850282485874,0.007,0.2,0.069,81.0,77.0,0.6,0.2,0.688,0.111,393028,0.926,704000000,366.09581828068383
0.012,44.1,3715.0,Moldova,39.99941792782305,3052.0,1480656884,0.071,29,302.06850282485874,0.024,0.0,0.287,71.0,63.0,0.1,0.228,0.669,0.102,3631462,0.457,58000000,335.45095547198224
0.022714893617021278,44.1,142307.10776470587,Monaco,39.99941792782305,77236.84089635854,2671401083,0.033,2718,302.06850282485874,0.004,0.5,0.14810265957446808,71.15926791277259,66.46183800623054,0.4,0.3030511272141707,0.6234814814814815,0.07346457326892109,32366,1.0,26000000,252.6495062237185
0.013,44.1,142307.10776470587,Montenegro,39.99941792782305,77236.84089635854,1159891560,0.085,160,302.06850282485874,0.012,0.23974713551955748,0.14810265957446808,77.0,71.0,0.5781237682301931,0.21,0.673,0.117,611525,0.596,26000000,252.6495062237185
0.013,44.1,167274.0,Netherlands,39.99941792782305,75614.0,400654138702,0.083,2079,302.06850282485874,0.005,0.5,0.05,81.0,76.0,0.8,0.186,0.678,0.136,16046180,0.778,11147000000,542.5590286463355
0.013,44.1,41092.0,Norway,39.99941792782305,26823.0,170922851074,0.098,3705,302.06850282485874,0.004,0.6,0.087,82.0,76.0,0.8,0.2,0.65,0.15,4513751,0.766,2380000000,496.1600690702364
0.01,44.1,302806.0,Poland,39.99941792782305,89733.0,190420870075,0.059,292,302.06850282485874,0.008,0.1,0.184,78.0,70.0,0.3,0.187,0.688,0.125,38248076,0.618,5121000000,484.12364034462934
0.011,44.1,62863.0,Portugal,39.99941792782305,24815.0,120332080537,0.093,1087,302.06850282485874,0.005,0.2,0.14810265957446808,80.0,73.0,0.8,0.16,0.676,0.164,10362722,0.55,6236000000,470.0693303945899
0.01,44.1,95672.0,Romania,39.99941792782305,36819.0,40585886769,0.044,79,302.06850282485874,0.022,0.0,0.454,75.0,68.0,0.2,0.181,0.683,0.137,22131970,0.529,419000000,399.15346292937244
0.009,44.1,1558013.0,Russian Federation,39.99941792782305,626014.0,306602673980,0.057,119,302.06850282485874,0.019,0.0,0.179,72.0,59.0,0.1,0.175,0.698,0.127,145976473,0.733,4726000000,529.0716813519022
0.022714893617021278,44.1,142307.10776470587,San Marino,39.99941792782305,77236.84089635854,815205233,0.052,2183,302.06850282485874,0.005,0.5,0.088,84.0,78.0,0.6,0.3030511272141707,0.6234814814814815,0.07346457326892109,27467,0.938,26000000,252.6495062237185
0.011,44.1,142307.10776470587,Serbia,39.99941792782305,14965.0,11390468619,0.076,84,302.06850282485874,0.011,0.23974713551955748,0.345,75.0,70.0,0.5781237682301931,0.197,0.67,0.132,7503433,0.535,26000000,252.6495062237185
0.01,44.1,39358.0,Slovak Republic,39.99941792782305,18593.0,30318731991,0.055,216,302.06850282485874,0.01,0.1,0.112,78.0,70.0,0.4,0.191,0.695,0.114,5378867,0.562,649000000,385.90465854962196
0.009,44.1,15163.0,Slovenia,39.99941792782305,6732.0,20498926981,0.086,883,302.06850282485874,0.004,0.3,0.151,80.0,72.0,0.7,0.155,0.701,0.144,1992060,0.508,1059000000,405.7584708795186
0.01,44.1,297830.0,Spain,39.99941792782305,125038.0,608856375839,0.072,1089,302.06850282485874,0.005,0.2,0.052,83.0,76.0,0.7,0.146,0.685,0.169,40756001,0.763,33829000000,522.5486927843486
0.01,44.1,51129.0,Sweden,39.99941792782305,50532.0,227359498891,0.089,2268,302.06850282485874,0.003,0.5,0.056,82.0,78.0,0.8,0.183,0.645,0.172,8895960,0.841,5200000000,519.4821866287014
0.01,44.1,42963.0,Switzerland,39.99941792782305,26557.0,262647169330,0.103,3748,302.06850282485874,0.005,0.6,0.043,83.0,77.0,0.7,0.173,0.673,0.154,7229854,0.733,9290000000,514.4389069678357
0.021,44.1,194538.0,Turkey,39.99941792782305,70402.0,196005289695,0.052,148,302.06850282485874,0.032,0.1,0.14810265957446808,74.0,67.0,0.3,0.302,0.637,0.061,64100297,0.653,10067000000,452.66821278045956
0.008,44.1,321651.0,Ukraine,39.99941792782305,134096.0,38009344577,0.057,44,302.06850282485874,0.015,0.0,0.323,74.0,63.0,0.0,0.168,0.691,0.141,48683865,0.672,759000000,413.378172721256
0.011,44.1,550552.0,United Kingdom,39.99941792782305,223770.0,1485147545703,0.073,1819,302.06850282485874,0.006,0.3,0.051,80.0,76.0,0.8,0.188,0.654,0.158,59119673,0.788,26137000000,603.231953025291
0.021,44.1,13927.0,Bahrain,39.99941792782305,6069.0,8976446420,0.038,488,302.06850282485874,0.011,0.2,0.107,76.0,74.0,0.4,0.305,0.67,0.024,698749,0.884,886000000,394.53411071814617
0.018,44.1,398827.0,"Iran, Islamic Rep.",39.99941792782305,133435.0,115438386682,0.051,294,302.06850282485874,0.027,0.0,0.14810265957446808,71.0,69.0,0.0,0.328,0.629,0.043,66857624,0.648,1122000000,415.60504082179193
0.036,44.1,85342.0,Iraq,39.99941792782305,26935.0,1001970945,0.011,8,302.06850282485874,0.035,0.0,0.14810265957446808,73.0,69.0,0.5781237682301931,0.426,0.539,0.035,24516842,0.686,15000000,297.54517416961835
0.021,44.1,65749.0,Israel,39.99941792782305,19143.0,122940533086,0.079,1499,302.06850282485874,0.005,0.2,0.1,81.0,78.0,0.9,0.28,0.619,0.1,6439000,0.913,2854000000,487.56629889379
0.031,44.1,16003.0,Jordan,39.99941792782305,4818.0,8972965061,0.099,184,302.06850282485874,0.023,0.0,0.109,73.0,71.0,0.2,0.392,0.577,0.031,4917000,0.801,884000000,394.2514145217757
0.023,44.1,55122.0,Kuwait,39.99941792782305,20067.0,34890773740,0.036,634,302.06850282485874,0.011,0.1,0.079,74.0,73.0,0.4,0.257,0.711,0.033,1980604,0.981,286000000,479.1108869189745
0.018,44.1,16208.0,Lebanon,39.99941792782305,5258.0,17649751244,0.109,571,302.06850282485874,0.016,0.1,0.172,77.0,73.0,0.2,0.285,0.644,0.072,3357600,0.861,837000000,252.6495062237185
0.023,44.1,20286.0,Oman,39.99941792782305,8420.0,19949284975,0.031,263,302.06850282485874,0.013,0.1,0.092,75.0,71.0,0.1,0.369,0.607,0.024,2239025,0.715,538000000,414.97224071425416
0.019,44.1,30363.0,Qatar,39.99941792782305,12452.0,17538461033,0.026,732,302.06850282485874,0.01,0.1,0.14810265957446808,78.0,76.0,0.3,0.263,0.72,0.017,611808,0.965,272000000,388.80519862834956
0.026,44.1,297214.0,Saudi Arabia,39.99941792782305,106657.0,183012268442,0.045,397,302.06850282485874,0.019,0.0,0.14810265957446808,75.0,71.0,0.1,0.376,0.589,0.035,20891594,0.801,26000000,252.6495062237185
0.03,44.1,48786.0,Syrian Arab Republic,39.99941792782305,15638.0,21099833784,0.049,58,302.06850282485874,0.019,0.0,0.09,75.0,72.0,0.0,0.404,0.563,0.034,16700984,0.523,1150000000,413.01572314211154
0.016,44.1,101415.0,United Arab Emirates,39.99941792782305,37365.0,103311643523,0.025,815,302.06850282485874,0.009,0.3,0.081,76.0,74.0,0.6,0.249,0.741,0.01,3132104,0.807,1200000000,480.6412456929787
0.039,44.1,16252.0,"Yemen, Rep.",39.99941792782305,5265.0,9854042165,0.043,27,302.06850282485874,0.067,0.0,0.175,62.0,59.0,0.0,0.481,0.491,0.028,18029989,0.268,38000000,350.74418116202526
0.022714893617021278,44.1,142307.10776470587,American Samoa,39.99941792782305,77236.84089635854,1001970945,0.06416951983298538,15,302.06850282485874,0.032813011456628474,0.23974713551955748,0.14810265957446808,71.15926791277259,66.46183800623054,0.0,0.3030511272141707,0.6234814814814815,0.07346457326892109,58176,0.885,26000000,252.6495062237185
0.013,44.1,324860.0,Australia,39.99941792782305,105751.0,378642266824,0.082,1632,302.06850282485874,0.005,0.5,0.087,82.0,77.0,0.6,0.206,0.669,0.125,19413000,0.874,12804000000,520.264646848677
0.024,44.1,1115.0,Fiji,39.99941792782305,77236.84089635854,1660102346,0.033,67,302.06850282485874,0.02,0.0,0.083,70.0,65.0,0.1,0.343,0.621,0.036,814700,0.483,316000000,332.9284624462214
0.02,44.1,737.0,French Polynesia,39.99941792782305,77236.84089635854,1001970945,0.06416951983298538,15,302.06850282485874,0.032813011456628474,0.1,0.14810265957446808,76.0,70.0,0.3,0.31,0.645,0.044,241276,0.56,26000000,252.6495062237185
0.021,44.1,142307.10776470587,Guam,39.99941792782305,77236.84089635854,1001970945,0.06416951983298538,15,302.06850282485874,0.032813011456628474,0.3,0.14810265957446808,78.0,73.0,0.2,0.303,0.641,0.055,156417,0.932,26000000,252.6495062237185
0.028,44.1,26.0,Kiribati,39.99941792782305,77236.84089635854,63101272,0.088,67,302.06850282485874,0.053,0.0,0.14810265957446808,68.0,62.0,0.0,0.394,0.572,0.034,84261,0.435,3200000,252.6495062237185
0.022714893617021278,44.1,81.0,Marshall Islands,39.99941792782305,77236.84089635854,115152143,0.194,412,302.06850282485874,0.033,0.0,0.14810265957446808,71.15926791277259,66.46183800623054,0.0,0.3030511272141707,0.6234814814814815,0.07346457326892109,52184,0.687,3100000,159.05096858823447
0.029,44.1,176.0,"Micronesia, Fed. Sts.",39.99941792782305,77236.84089635854,240051900,0.085,190,302.06850282485874,0.041,0.0,0.153,68.0,67.0,0.5781237682301931,0.399,0.563,0.038,107170,0.223,15000000,237.92904148442395
0.02,44.1,1907.0,New Caledonia,39.99941792782305,77236.84089635854,1001970945,0.06416951983298538,15,302.06850282485874,0.032813011456628474,0.2,0.14810265957446808,78.0,72.0,0.3,0.284,0.655,0.061,217324,0.622,94000000,252.6495062237185
0.014,44.1,34510.0,New Zealand,39.99941792782305,17120.0,53305639461,0.077,1052,302.06850282485874,0.006,0.5,0.076,81.0,76.0,0.6,0.225,0.657,0.118,3880500,0.858,2340000000,438.9193192538304
0.035,44.1,3231.0,Papua New Guinea,39.99941792782305,77236.84089635854,3081029666,0.045,25,302.06850282485874,0.058,0.0,0.162,61.0,57.0,0.0,0.402,0.573,0.025,5518971,0.132,5200000,304.6105859556485
0.03,44.1,143.0,Samoa,39.99941792782305,77236.84089635854,243324190,0.058,79,302.06850282485874,0.018,0.0,0.14810265957446808,73.0,67.0,0.0,0.406,0.549,0.045,175567,0.221,39000000,252.6495062237185
0.035,44.1,172.0,Solomon Islands,39.99941792782305,77236.84089635854,400464593,0.064,61,302.06850282485874,0.029,0.0,0.146,65.0,62.0,0.0,0.418,0.554,0.029,423529,0.162,8800000,261.3682000387856
0.028,44.1,143.0,Tonga,39.99941792782305,77236.84089635854,167042880,0.057,96,302.06850282485874,0.015,0.0,0.113,73.0,69.0,0.0,0.382,0.56,0.058,98504,0.23,6800000,224.3603057319861
0.032,44.1,88.0,Vanuatu,39.99941792782305,77236.84089635854,257926882,0.037,50,302.06850282485874,0.019,0.0,0.088,70.0,66.0,0.0,0.411,0.556,0.033,189285,0.22,58000000,252.6495062237185
0.02,44.1,345.0,Antigua and Barbuda,39.99941792782305,77236.84089635854,778311557,0.044,429,302.06850282485874,0.013,0.1,0.116,76.0,71.0,0.3,0.291,0.639,0.07,78972,0.317,272000000,298.64148031774613
0.018,44.1,132632.0,Argentina,39.99941792782305,57835.0,325488360000,0.094,676,302.06850282485874,0.018,0.1,0.277,78.0,70.0,0.2,0.276,0.624,0.1,37273361,0.893,2756000000,497.73828901589195
0.014,44.1,2237.0,Aruba,39.99941792782305,77236.84089635854,1920262570,0.06416951983298538,15,302.06850282485874,0.032813011456628474,0.2,0.121,76.0,71.0,0.6,0.229,0.694,0.078,92894,0.463,825000000,355.90205588175087
0.017,44.1,1569.0,"Bahamas, The",39.99941792782305,77236.84089635854,6516651000,0.051,1107,302.06850282485874,0.013,0.1,0.06,76.0,70.0,0.2,0.286,0.659,0.055,303005,0.821,1665000000,386.13512711270107
0.013,44.1,1221.0,Barbados,39.99941792782305,77236.84089635854,3112350000,0.067,635,302.06850282485874,0.015,0.1,0.096,76.0,71.0,0.2,0.217,0.669,0.115,268296,0.337,706000000,354.1719569051693
0.029,44.1,711.0,Belize,39.99941792782305,77236.84089635854,871840755,0.045,160,302.06850282485874,0.021,0.23974713551955748,0.155,74.0,67.0,0.2,0.397,0.56,0.042,245198,0.474,111000000,310.5409837075112
0.013,44.1,495.0,Bermuda,39.99941792782305,77236.84089635854,3680483000,0.06416951983298538,15,302.06850282485874,0.032813011456628474,0.5,0.14810265957446808,81.0,75.0,0.2,0.3030511272141707,0.6234814814814815,0.07346457326892109,62504,1.0,351000000,252.6495062237185
0.031,44.1,9824.0,Bolivia,39.99941792782305,2903.0,8141513292,0.063,59,302.06850282485874,0.054,0.0,0.201,65.0,61.0,0.1,0.396,0.562,0.042,8669066,0.623,119000000,344.16590738208174
0.02,44.1,337434.0,Brazil,39.99941792782305,190712.0,553582178386,0.073,228,302.06850282485874,0.027,0.0,0.576,74.0,67.0,0.2,0.291,0.653,0.056,176968205,0.816,1844000000,486.15900507504756
0.011,44.1,525690.0,Canada,39.99941792782305,247878.0,732716942149,0.093,2152,302.06850282485874,0.005,0.6,0.058,82.0,77.0,0.3,0.189,0.685,0.127,31081900,0.798,12680000000,547.8695520497006
0.022714893617021278,44.1,455.0,Cayman Islands,39.99941792782305,77236.84089635854,1001970945,0.06416951983298538,15,302.06850282485874,0.032813011456628474,0.23974713551955748,0.14810265957446808,71.15926791277259,66.46183800623054,0.4,0.3030511272141707,0.6234814814814815,0.07346457326892109,43317,1.0,585000000,252.6495062237185
0.016,44.1,52757.0,Chile,39.99941792782305,24697.0,72336972322,0.077,348,302.06850282485874,0.009,0.2,0.119,80.0,74.0,0.3,0.273,0.654,0.074,15639289,0.864,1184000000,426.8490720062744
0.023,44.1,56274.0,Colombia,39.99941792782305,25708.0,98203544965,0.06,144,302.06850282485874,0.021,0.0,0.207,75.0,68.0,0.1,0.324,0.628,0.048,40558648,0.724,1483000000,447.9734910150642
0.02,44.1,5761.0,Costa Rica,39.99941792782305,2889.0,16403602943,0.071,291,302.06850282485874,0.011,0.1,0.238,80.0,76.0,0.1,0.308,0.637,0.055,4013488,0.604,1339000000,395.5546237417442
0.013,44.1,25453.0,Cuba,39.99941792782305,12588.0,31683300000,0.063,178,302.06850282485874,0.006,0.0,0.14810265957446808,79.0,75.0,0.0,0.213,0.687,0.101,11175465,0.756,1840000000,252.6495062237185
0.022714893617021278,44.1,142307.10776470587,Curacao,39.99941792782305,77236.84089635854,1001970945,0.06416951983298538,15,302.06850282485874,0.032813011456628474,0.23974713551955748,0.14810265957446808,71.15926791277259,66.46183800623054,0.5781237682301931,0.242,0.651,0.107,128905,0.91,271000000,252.6495062237185
0.022714893617021278,44.1,114.0,Dominica,39.99941792782305,77236.84089635854,330949850,0.05,236,302.06850282485874,0.013,0.1,0.111,71.15926791277259,66.46183800623054,0.1,0.3030511272141707,0.6234814814814815,0.07346457326892109,69660,0.654,46000000,256.4076900716723
0.025,44.1,20235.0,Dominican Republic,39.99941792782305,7291.0,24894907435,0.062,173,302.06850282485874,0.032,0.0,0.243,74.0,68.0,0.1,0.345,0.602,0.053,8799298,0.626,2798000000,394.7215190013622
0.025,44.1,23447.0,Ecuador,39.99941792782305,8442.0,24468324000,0.04,77,302.06850282485874,0.027,0.0,0.162,77.0,71.0,0.1,0.342,0.606,0.052,12780869,0.608,438000000,398.3037208033028
0.024,44.1,5948.0,El Salvador,39.99941792782305,4151.0,13812700000,0.08,184,302.06850282485874,0.025,0.0,0.14810265957446808,75.0,65.0,0.1,0.379,0.564,0.057,5985299,0.595,452000000,373.45171744268976
0.017,44.1,539.0,Greenland,39.99941792782305,77236.84089635854,1086170639,0.06416951983298538,15,302.06850282485874,0.032813011456628474,0.4,0.14810265957446808,70.0,65.0,0.3,0.3030511272141707,0.6234814814814815,0.07346457326892109,56350,0.818,26000000,252.6495062237185
0.019,44.1,194.0,Grenada,39.99941792782305,77236.84089635854,523279846,0.076,392,302.06850282485874,0.013,0.1,0.102,73.0,68.0,0.1,0.341,0.582,0.077,101849,0.361,83000000,252.6495062237185
0.036,44.1,10627.0,Guatemala,39.99941792782305,7188.0,18702820735,0.064,105,302.06850282485874,0.039,0.0,0.19,72.0,65.0,0.1,0.439,0.52,0.041,11478984,0.455,588000000,376.3214675619146
0.022,44.1,1595.0,Guyana,39.99941792782305,77236.84089635854,696281469,0.058,54,302.06850282485874,0.038,0.1,0.17,67.0,60.0,0.1,0.356,0.601,0.044,747657,0.286,65000000,321.9385081296946
0.031,44.1,1569.0,Haiti,39.99941792782305,2054.0,3507981946,0.056,23,302.06850282485874,0.073,0.0,0.34,59.0,56.0,0.0,0.398,0.561,0.04,8720247,0.373,105000000,358.7036959770631
0.031,44.1,5713.0,Honduras,39.99941792782305,3224.0,7566517572,0.069,83,302.06850282485874,0.03,0.0,0.238,73.0,68.0,0.0,0.419,0.541,0.04,6365040,0.46,260000000,366.28296853581844
0.019,44.1,10627.0,Jamaica,39.99941792782305,3841.0,9104515930,0.051,178,302.06850282485874,0.02,0.0,0.206,74.0,68.0,0.2,0.324,0.601,0.075,2605556,0.521,1494000000,370.1953233247989
0.024,44.1,394800.0,Mexico,39.99941792782305,146302.0,724703571307,0.054,373,302.06850282485874,0.02,0.1,0.128,77.0,72.0,0.2,0.337,0.613,0.05,105339877,0.75,9190000000,511.8061036454043
0.027,44.1,3964.0,Nicaragua,39.99941792782305,2544.0,5323146568,0.053,54,302.06850282485874,0.031,0.0,0.186,73.0,67.0,0.0,0.403,0.559,0.038,5176685,0.55,135000000,348.4770806283819
0.024,44.1,7008.0,Panama,39.99941792782305,2816.0,11807500000,0.077,293,302.06850282485874,0.021,0.1,0.11,78.0,73.0,0.2,0.318,0.625,0.056,3116409,0.625,665000000,370.1953233247989
0.028,44.1,3821.0,Paraguay,39.99941792782305,3919.0,7662595076,0.076,107,302.06850282485874,0.027,0.0,0.283,73.0,68.0,0.2,0.377,0.578,0.045,5460621,0.56,91000000,349.0561710740736
0.024,44.1,27165.0,Peru,39.99941792782305,11795.0,51295103189,0.047,96,302.06850282485874,0.028,0.1,0.25,74.0,68.0,0.1,0.337,0.614,0.049,26372358,0.734,763000000,418.84854427259097
0.015,44.1,142307.10776470587,Puerto Rico,39.99941792782305,77236.84089635854,69668635000,0.06416951983298538,15,302.06850282485874,0.032813011456628474,0.2,0.14810265957446808,81.0,73.0,0.4,0.233,0.652,0.115,3818774,0.943,2728000000,445.16606191272933
0.022714893617021278,44.1,142307.10776470587,Sint Maarten (Dutch part),39.99941792782305,77236.84089635854,1001970945,0.06416951983298538,15,302.06850282485874,0.032813011456628474,0.23974713551955748,0.14810265957446808,71.15926791277259,66.46183800623054,0.5781237682301931,0.3030511272141707,0.6234814814814815,0.07346457326892109,31189,1.0,484000000,351.0186414127683
0.017,44.1,183.0,St. Kitts and Nevis,39.99941792782305,77236.84089635854,455905602,0.038,378,302.06850282485874,0.013,0.1,0.111,71.15926791277259,66.46183800623054,0.0,0.3030511272141707,0.6234814814814815,0.07346457326892109,46214,0.326,62000000,252.6495062237185
0.019,44.1,363.0,St. Lucia,39.99941792782305,77236.84089635854,708290496,0.062,278,302.06850282485874,0.015,0.1,0.13,74.0,70.0,0.0,0.315,0.61,0.075,158650,0.275,233000000,298.64148031774613
0.017,44.1,142307.10776470587,St. Martin (French part),39.99941792782305,77236.84089635854,1001970945,0.06416951983298538,15,302.06850282485874,0.032813011456628474,0.23974713551955748,0.14810265957446808,81.0,74.0,0.5781237682301931,0.3030511272141707,0.6234814814814815,0.07346457326892109,27782,0.5629525765496639,26000000,252.6495062237185
0.019,44.1,180.0,St. Vincent and the Grenadines,39.99941792782305,77236.84089635854,431017935,0.036,145,302.06850282485874,0.019,0.1,0.116,73.0,68.0,0.1,0.308,0.622,0.07,107989,0.455,89000000,265.7036038635226
0.022,44.1,2266.0,Suriname,39.99941792782305,77236.84089635854,763465571,0.084,136,302.06850282485874,0.029,0.0,0.257,72.0,65.0,0.2,0.304,0.638,0.058,473312,0.665,26000000,321.9385081296946
0.015,44.1,25024.0,Trinidad and Tobago,39.99941792782305,11762.0,8824873156,0.044,305,302.06850282485874,0.025,0.2,0.157,72.0,65.0,0.2,0.246,0.687,0.067,1272347,0.106,361000000,359.5955601695055
0.022714893617021278,44.1,15.0,Turks and Caicos Islands,39.99941792782305,77236.84089635854,1001970945,0.06416951983298538,15,302.06850282485874,0.032813011456628474,0.23974713551955748,0.14810265957446808,71.15926791277259,66.46183800623054,0.5781237682301931,0.3030511272141707,0.6234814814814815,0.07346457326892109,20186,0.854,311000000,252.6495062237185
0.014,44.1,5601405.0,United States,39.99941792782305,2230817.0,10625300000000,0.142,5138,302.06850282485874,0.007,0.5,0.069,79.0,74.0,0.4,0.212,0.665,0.123,284968955,0.792,109103000000,633.683349295996
0.016,44.1,5090.0,Uruguay,39.99941792782305,2712.0,20898788420,0.112,703,302.06850282485874,0.014,0.1,0.486,79.0,71.0,0.2,0.244,0.624,0.132,3326762,0.923,700000000,385.67289969144076
0.023,44.1,172525.0,"Venezuela, RB",39.99941792782305,57871.0,122909734601,0.06,295,302.06850282485874,0.018,0.0,0.225,76.0,70.0,0.3,0.332,0.621,0.046,24870441,0.883,677000000,452.1758412248984
0.013,44.1,142307.10776470587,Virgin Islands (U.S.),39.99941792782305,77236.84089635854,1001970945,0.06416951983298538,15,302.06850282485874,0.032813011456628474,0.2,0.14810265957446808,81.0,75.0,0.4,0.253,0.658,0.089,108386,0.928,1234000000,252.6495062237185
0.019,44.1,90854.0,Algeria,39.99941792782305,28773.0,56760288962,0.037,65,302.06850282485874,0.032,0.0,0.086,71.0,68.0,0.0,0.318,0.641,0.041,32572977,0.615,111000000,373.6078947785914
0.05,44.1,12666.0,Angola,39.99941792782305,8304.0,12497346043,0.044,33,302.06850282485874,0.126,0.0,0.973,48.0,45.0,0.0,0.477,0.499,0.025,14886574,0.339,51000000,315.6575582064916
0.042,44.1,2054.0,Benin,39.99941792782305,2262.0,2807657386,0.043,16,302.06850282485874,0.085,0.0,0.14810265957446808,58.0,54.0,0.0,0.451,0.52,0.028,7414744,0.39,95000000,313.5495667692504
0.026,44.1,4485.0,Botswana,39.99941792782305,1916.0,5438856515,0.057,193,302.06850282485874,0.054,0.0,0.162,49.0,48.0,0.2,0.372,0.598,0.03,1808976,0.544,324000000,364.7608875989806
0.046,44.1,1005.0,Burkina Faso,39.99941792782305,77236.84089635854,3205592273,0.05,13,302.06850282485874,0.094,0.0,0.14810265957446808,52.0,50.0,0.0,0.467,0.507,0.027,12296399,0.193,37000000,302.72622838391936
0.043,44.1,220.0,Burundi,39.99941792782305,77236.84089635854,825394484,0.071,6,302.06850282485874,0.086,0.0,0.195,50.0,48.0,0.0,0.476,0.495,0.028,7037727,0.087,1600000,270.75280671761607
0.041,44.1,3418.0,Cameroon,39.99941792782305,6518.0,10879778328,0.048,31,302.06850282485874,0.087,0.0,0.18,53.0,51.0,0.0,0.449,0.518,0.034,16782044,0.467,124000000,366.28296853581844
0.039,44.1,246.0,Central African Republic,39.99941792782305,77236.84089635854,991387865,0.042,11,302.06850282485874,0.113,0.0,0.18,46.0,42.0,0.0,0.422,0.539,0.04,3767248,0.378,3000000,295.2488365508221
0.051,44.1,169.0,Chad,39.99941792782305,77236.84089635854,1987622269,0.08,18,302.06850282485874,0.104,0.0,0.18,48.0,46.0,0.0,0.491,0.481,0.028,8959964,0.217,25000000,331.1503603323873
0.039,44.1,92.0,Comoros,39.99941792782305,77236.84089635854,251162421,0.034,15,302.06850282485874,0.072,0.0,0.12,60.0,57.0,0.5781237682301931,0.413,0.556,0.031,556028,0.28,11000000,252.6495062237185
0.047,44.1,1544.0,"Congo, Dem. Rep.",39.99941792782305,17841.0,8728037672,0.042,5,302.06850282485874,0.113,0.0,0.14810265957446808,48.0,46.0,0.0,0.464,0.508,0.028,49516960,0.361,26000000,252.6495062237185
0.039,44.1,708.0,"Congo, Rep.",39.99941792782305,869.0,3019993723,0.025,23,302.06850282485874,0.073,0.0,0.18,54.0,52.0,0.1,0.42,0.545,0.036,3283719,0.596,25600000,333.3604732724116
0.038,44.1,7286.0,Cote d'Ivoire,39.99941792782305,6946.0,11486664265,0.047,33,302.06850282485874,0.096,0.0,0.14810265957446808,47.0,46.0,0.1,0.422,0.549,0.029,16674987,0.449,56000000,400.39673637047684
0.029,44.1,400.0,Djibouti,39.99941792782305,77236.84089635854,591122040,0.054,42,302.06850282485874,0.076,0.0,0.113,59.0,56.0,0.0,0.398,0.57,0.032,744434,0.766,8900000,251.43591853578664
0.024,44.1,127194.0,"Egypt, Arab Rep.",39.99941792782305,47162.0,87850680573,0.061,74,302.06850282485874,0.031,0.0,0.138,71.0,67.0,0.1,0.342,0.604,0.054,68302914,0.429,4133000000,440.68628744579127
0.039,44.1,4980.0,Equatorial Guinea,39.99941792782305,77236.84089635854,1806742733,0.018,71,302.06850282485874,0.094,0.0,0.18,49.0,47.0,0.1,0.419,0.546,0.035,551399,0.388,26000000,252.6495062237185
0.04,44.1,605.0,Eritrea,39.99941792782305,748.0,729321364,0.04,6,302.06850282485874,0.054,0.0,0.14810265957446808,59.0,55.0,0.5781237682301931,0.454,0.527,0.019,4281576,0.18,73000000,252.6495062237185
0.042,44.1,4481.0,Ethiopia,39.99941792782305,26867.0,7707034813,0.047,5,302.06850282485874,0.083,0.0,0.087,55.0,53.0,0.0,0.465,0.504,0.031,69948344,0.151,261000000,317.65375974251083
0.033,44.1,1778.0,Gabon,39.99941792782305,1583.0,4931503836,0.037,142,302.06850282485874,0.054,0.0,0.18,61.0,58.0,0.2,0.402,0.54,0.058,1285318,0.816,77000000,371.36495354621746
0.045,44.1,315.0,"Gambia, The",39.99941792782305,77236.84089635854,578235310,0.038,17,302.06850282485874,0.061,0.0,0.24,57.0,55.0,0.1,0.459,0.515,0.026,1306667,0.497,26000000,252.6495062237185
0.034,44.1,7437.0,Ghana,39.99941792782305,8264.0,6166197192,0.048,15,302.06850282485874,0.062,0.0,0.14810265957446808,58.0,57.0,0.0,0.409,0.559,0.032,19786307,0.453,383000000,362.15788717676855
0.041,44.1,1324.0,Guinea,39.99941792782305,77236.84089635854,2949637039,0.061,20,302.06850282485874,0.095,0.0,0.14810265957446808,51.0,51.0,0.0,0.439,0.527,0.034,9045748,0.317,26000000,304.6105859556485
0.041,44.1,154.0,Guinea-Bissau,39.99941792782305,77236.84089635854,406669723,0.058,17,302.06850282485874,0.104,0.0,0.14810265957446808,53.0,51.0,0.5781237682301931,0.433,0.537,0.03,1330849,0.383,2300000,260.4317640035831
0.039,44.1,7968.0,Kenya,39.99941792782305,14454.0,13147736954,0.045,18,302.06850282485874,0.066,0.0,0.185,54.0,52.0,0.0,0.435,0.538,0.028,33000524,0.206,513000000,347.88936245034824
0.03,44.1,142307.10776470587,Lesotho,39.99941792782305,77236.84089635854,656802669,0.069,24,302.06850282485874,0.082,0.0,0.171,45.0,44.0,0.1,0.407,0.547,0.046,1885487,0.206,14000000,357.7914867451716
0.042,44.1,502.0,Liberia,39.99941792782305,77236.84089635854,536000000,0.054,9,302.06850282485874,0.104,0.0,0.202,54.0,52.0,0.0,0.432,0.537,0.031,3070673,0.45,26000000,252.6495062237185
0.023,44.1,47832.0,Libya,39.99941792782305,16951.0,19842519685,0.049,185,302.06850282485874,0.023,0.0,0.07,74.0,71.0,0.0,0.32,0.64,0.041,5340389,0.765,202000000,412.0338890947615
0.04,44.1,1236.0,Madagascar,39.99941792782305,77236.84089635854,4397254715,0.052,14,302.06850282485874,0.064,0.0,0.253,61.0,59.0,0.0,0.454,0.517,0.03,16736029,0.277,109000000,363.77955540418924
0.044,44.1,884.0,Malawi,39.99941792782305,77236.84089635854,2665158943,0.048,11,302.06850282485874,0.09,0.0,0.505,47.0,47.0,0.0,0.461,0.509,0.03,11926778,0.148,45000000,333.78770643820366
0.048,44.1,554.0,Mali,39.99941792782305,77236.84089635854,3342824260,0.063,19,302.06850282485874,0.109,0.0,0.14810265957446808,50.0,50.0,0.0,0.461,0.506,0.033,10882662,0.298,105000000,321.9385081296946
0.038,44.1,1434.0,Mauritania,39.99941792782305,77236.84089635854,1324424463,0.06,24,302.06850282485874,0.076,0.0,0.21,61.0,58.0,0.1,0.423,0.545,0.032,2877431,0.508,26000000,252.6495062237185
0.017,44.1,2981.0,Mauritius,39.99941792782305,77236.84089635854,4767303153,0.042,168,302.06850282485874,0.014,0.1,0.21,76.0,69.0,0.3,0.252,0.685,0.064,1210196,0.423,829000000,369.5115161103655
0.021,44.1,38254.0,Morocco,39.99941792782305,11079.0,40416114690,0.053,73,302.06850282485874,0.04,0.0,0.131,70.0,67.0,0.2,0.327,0.625,0.048,29311443,0.54,3157000000,412.95501501606657
0.045,44.1,1588.0,Mozambique,39.99941792782305,7645.0,4201332885,0.064,14,302.06850282485874,0.104,0.0,0.267,49.0,46.0,0.0,0.441,0.527,0.032,19319894,0.295,65000000,344.4900330352392
0.031,44.1,1760.0,Namibia,39.99941792782305,1010.0,3361236321,0.062,106,302.06850282485874,0.049,0.0,0.138,56.0,52.0,0.1,0.402,0.565,0.033,1958303,0.338,251000000,323.6364244103741
0.052,44.1,814.0,Niger,39.99941792782305,77236.84089635854,2170481498,0.07,12,302.06850282485874,0.094,0.0,0.14810265957446808,52.0,52.0,0.0,0.483,0.491,0.025,11817297,0.164,20000000,295.2488365508221
0.043,44.1,98125.0,Nigeria,39.99941792782305,97389.0,59116868250,0.039,18,302.06850282485874,0.106,0.0,0.248,48.0,47.0,0.0,0.434,0.538,0.028,129224641,0.365,256000000,425.5537909344598
0.04,44.1,689.0,Rwanda,39.99941792782305,77236.84089635854,1677447003,0.042,8,302.06850282485874,0.092,0.0,0.164,51.0,50.0,0.0,0.459,0.513,0.029,8987523,0.168,31000000,288.78123203584363
0.037,44.1,59.0,Sao Tome and Principe,39.99941792782305,77236.84089635854,84617971,0.106,59,302.06850282485874,0.054,0.1,0.374,66.0,62.0,0.0,0.429,0.53,0.04,144447,0.553,6900000,207.4549868938902
0.04,44.1,4547.0,Senegal,39.99941792782305,2632.0,5333862344,0.051,26,302.06850282485874,0.065,0.0,0.14810265957446808,60.0,57.0,0.1,0.447,0.521,0.032,10390050,0.406,210000000,343.50950585483963
0.018,44.1,543.0,Seychelles,39.99941792782305,77236.84089635854,698083345,0.044,371,302.06850282485874,0.012,0.1,0.106,77.0,69.0,0.5,0.267,0.654,0.079,83700,0.505,247000000,316.3347702269611
0.043,44.1,609.0,Sierra Leone,39.99941792782305,77236.84089635854,1239004288,0.16,44,302.06850282485874,0.136,0.0,0.222,40.0,39.0,0.0,0.428,0.548,0.024,4493047,0.361,38000000,305.51796601229137
0.048,44.1,572.0,Somalia,39.99941792782305,77236.84089635854,1001970945,0.06416951983298538,15,302.06850282485874,0.105,0.0,0.14810265957446808,53.0,50.0,0.0,0.475,0.496,0.029,7825924,0.34,26000000,252.6495062237185
0.024,44.1,347687.0,South Africa,39.99941792782305,109908.0,111100858130,0.085,205,302.06850282485874,0.053,0.1,0.158,55.0,52.0,0.3,0.32,0.643,0.037,45808736,0.579,3695000000,463.74073712782064
0.041,44.1,142307.10776470587,South Sudan,39.99941792782305,77236.84089635854,1001970945,0.06416951983298538,15,302.06850282485874,0.1,0.23974713551955748,0.14810265957446808,51.0,49.0,0.5781237682301931,0.445,0.524,0.031,7186820,0.168,26000000,252.6495062237185
0.039,44.1,8119.0,Sudan,39.99941792782305,15205.0,14803423335,0.036,18,302.06850282485874,0.066,0.0,0.14810265957446808,61.0,57.0,0.0,0.435,0.535,0.03,29186427,0.326,108000000,335.8558401430872
0.032,44.1,1126.0,Swaziland,39.99941792782305,77236.84089635854,1224220675,0.052,58,302.06850282485874,0.082,0.0,0.153,47.0,46.0,0.1,0.435,0.535,0.03,1082183,0.224,45000000,292.7982119312641
0.042,44.1,3590.0,Tanzania,39.99941792782305,14916.0,10805600069,0.034,10,302.06850282485874,0.071,0.0,0.164,52.0,51.0,0.0,0.447,0.524,0.029,35806497,0.23,639000000,388.26292691034877
0.039,44.1,1232.0,Togo,39.99941792782305,2182.0,1474630199,0.05,14,302.06850282485874,0.073,0.0,0.14810265957446808,55.0,53.0,0.0,0.436,0.536,0.028,5123674,0.338,16000000,291.5080605814495
0.017,44.1,21016.0,Tunisia,39.99941792782305,7814.0,23141757278,0.053,128,302.06850282485874,0.023,0.1,0.14810265957446808,75.0,71.0,0.1,0.281,0.656,0.064,9781900,0.642,1831000000,381.3913464786852
0.048,44.1,1668.0,Uganda,39.99941792782305,77236.84089635854,6178563467,0.075,18,302.06850282485874,0.081,0.0,0.191,50.0,50.0,0.0,0.494,0.48,0.026,25943441,0.123,194000000,252.6495062237185
0.045,44.1,1969.0,Zambia,39.99941792782305,6633.0,3711284087,0.067,24,302.06850282485874,0.091,0.0,0.452,44.0,43.0,0.0,0.461,0.511,0.027,10625423,0.354,64000000,342.5038096649337
0.032,44.1,11932.0,Zimbabwe,39.99941792782305,9692.0,6342116354,0.06416951983298538,15,302.06850282485874,0.059,0.0,0.365,43.0,43.0,0.0,0.417,0.548,0.035,12640922,0.346,76000000,252.6495062237185
0.048,44.1,359.0,Afghanistan,39.99941792782305,77236.84089635854,4128818043,0.089,14,302.06850282485874,0.091,0.0,0.14810265957446808,57.0,55.0,0.0,0.495,0.485,0.02,22202806,0.219,26000000,252.6495062237185
0.013,44.1,3044.0,Armenia,39.99941792782305,1876.0,2376335048,0.054,42,302.06850282485874,0.024,0.0,0.211,76.0,69.0,0.0,0.241,0.651,0.108,3047002,0.643,81000000,333.3604732724116
0.014,44.1,29615.0,Azerbaijan,39.99941792782305,11559.0,6236024951,0.045,34,302.06850282485874,0.053,0.1,0.174,70.0,65.0,0.1,0.291,0.649,0.06,8171950,0.518,63000000,342.84192022529453
0.026,44.1,33707.0,Bangladesh,39.99941792782305,20756.0,47571130071,0.031,11,302.06850282485874,0.059,0.0,0.16,67.0,66.0,0.0,0.359,0.6,0.041,137006279,0.248,59000000,382.15760818791796
0.026,44.1,418.0,Bhutan,39.99941792782305,77236.84089635854,537050133,0.079,71,302.06850282485874,0.053,0.0,0.153,62.0,62.0,0.5781237682301931,0.38,0.581,0.039,598455,0.276,8000000,252.6495062237185
0.022,44.1,5321.0,Brunei Darussalam,39.99941792782305,2157.0,5843329102,0.031,526,302.06850282485874,0.008,0.2,0.055,78.0,75.0,0.4,0.298,0.673,0.029,346407,0.721,113000000,392.1177214558109
0.027,44.1,2208.0,Cambodia,39.99941792782305,3994.0,4284028138,0.064,22,302.06850282485874,0.069,0.0,0.14810265957446808,67.0,61.0,0.0,0.388,0.572,0.04,12709336,0.188,509000000,323.07882733496643
0.013,44.1,3694242.0,China,39.99941792782305,1253831.0,1453827558028,0.048,54,302.06850282485874,0.026,0.0,0.053,74.0,72.0,0.2,0.236,0.692,0.072,1280400000,0.384,21742000000,554.2352403739321
0.012,44.1,3388.0,Georgia,39.99941792782305,2544.0,3395778661,0.087,64,302.06850282485874,0.028,0.0,0.236,76.0,69.0,0.1,0.205,0.661,0.134,4357000,0.523,144000000,363.1790664062415
0.007,44.1,36952.0,"Hong Kong SAR, China",39.99941792782305,13195.0,166349228737,0.06416951983298538,15,302.06850282485874,0.032813011456628474,0.4,0.05,85.0,79.0,0.9,0.161,0.724,0.115,6744100,1.0,9849000000,540.2097560181304
0.025,44.1,1226791.0,India,39.99941792782305,477540.0,523968561884,0.044,21,302.06850282485874,0.062,0.0,0.119,64.0,62.0,0.0,0.334,0.621,0.045,1076705723,0.282,3300000000,492.5488537046252
0.021,44.1,306737.0,Indonesia,39.99941792782305,164879.0,195660611034,0.022,20,302.06850282485874,0.038,0.0,0.189,70.0,66.0,0.1,0.302,0.651,0.048,215038285,0.436,5797000000,499.1233491349268
0.009,44.1,1216751.0,Japan,39.99941792782305,510390.0,3980819536160,0.079,2455,302.06850282485874,0.003,0.5,0.019,85.0,78.0,0.6,0.142,0.675,0.182,127445000,0.816,6069000000,589.4191737384278
0.015,44.1,151946.0,Kazakhstan,39.99941792782305,39679.0,24636598581,0.036,61,302.06850282485874,0.034,0.0,0.14810265957446808,72.0,61.0,0.1,0.263,0.665,0.071,14858948,0.553,680000000,423.36869990208334
0.017,44.1,76109.0,"Korea, Dem. Rep.",39.99941792782305,19566.0,1001970945,0.06416951983298538,15,302.06850282485874,0.034,0.23974713551955748,0.14810265957446808,70.0,63.0,0.5781237682301931,0.256,0.68,0.065,23248059,0.596,26000000,252.6495062237185
0.01,44.1,465632.0,"Korea, Rep.",39.99941792782305,198667.0,609020054512,0.048,581,302.06850282485874,0.006,0.6,0.068,80.0,73.0,0.7,0.203,0.716,0.081,47622179,0.803,7621000000,536.403286186476
0.019,44.1,4848.0,Kyrgyz Republic,39.99941792782305,2422.0,1605640633,0.054,17,302.06850282485874,0.039,0.0,0.248,72.0,64.0,0.0,0.335,0.609,0.056,4990700,0.353,48000000,292.7982119312641
0.029,44.1,1177.0,Lao PDR,39.99941792782305,77236.84089635854,1758176653,0.04,13,302.06850282485874,0.078,0.0,0.293,64.0,62.0,0.0,0.425,0.539,0.037,5545245,0.24,110000000,231.0948803987931
0.008,44.1,1525.0,"Macao SAR, China",39.99941792782305,77236.84089635854,7008026415,0.06416951983298538,15,302.06850282485874,0.032813011456628474,0.3,0.061,80.0,76.0,0.6,0.208,0.718,0.074,444150,1.0,4428000000,402.1563056254156
0.021,44.1,135129.0,Malaysia,39.99941792782305,51009.0,100845526316,0.033,138,302.06850282485874,0.008,0.3,0.065,75.0,71.0,0.4,0.321,0.639,0.04,24413795,0.639,8084000000,480.7599190263267
0.022,44.1,689.0,Maldives,39.99941792782305,77236.84089635854,828240882,0.052,152,302.06850282485874,0.028,0.1,0.135,73.0,70.0,0.1,0.385,0.574,0.041,282743,0.3,337000000,320.76291102306135
0.019,44.1,8287.0,Mongolia,39.99941792782305,2586.0,1396555772,0.048,28,302.06850282485874,0.044,0.0,0.355,67.0,61.0,0.1,0.323,0.64,0.037,2443231,0.593,143000000,347.59218465107347
0.02,44.1,9208.0,Myanmar,39.99941792782305,12968.0,1001970945,0.024,3,302.06850282485874,0.056,0.0,0.15,65.0,61.0,0.0,0.296,0.656,0.048,49261313,0.277,136000000,300.7404936649495
0.031,44.1,2710.0,Nepal,39.99941792782305,8467.0,6050875807,0.056,14,302.06850282485874,0.054,0.0,0.068,64.0,62.0,0.0,0.401,0.559,0.04,24102862,0.143,134000000,342.1627519520008
0.029,44.1,114084.0,Pakistan,39.99941792782305,65775.0,72306820396,0.03,15,302.06850282485874,0.085,0.0,0.14810265957446808,65.0,64.0,0.0,0.402,0.558,0.04,149693684,0.338,562000000,400.47833042637853
0.029,44.1,71338.0,Philippines,39.99941792782305,38767.0,81357657790,0.028,28,302.06850282485874,0.029,0.0,0.091,70.0,64.0,0.2,0.38,0.587,0.033,80953652,0.474,2018000000,455.8797634076884
0.011,44.1,47231.0,Singapore,39.99941792782305,21005.0,91941791944,0.029,632,302.06850282485874,0.003,0.5,0.053,81.0,77.0,0.8,0.206,0.717,0.077,4176000,1.0,4458000000,521.1569555663066
0.019,44.1,11008.0,Sri Lanka,39.99941792782305,8199.0,17102623876,0.039,34,302.06850282485874,0.013,0.0,0.132,76.0,69.0,0.0,0.261,0.673,0.065,18921000,0.184,594000000,395.91963808613195
0.029,44.1,1881.0,Tajikistan,39.99941792782305,2129.0,1221113795,0.045,9,302.06850282485874,0.066,0.0,0.147,68.0,61.0,0.0,0.412,0.552,0.036,6404118,0.264,5000000,205.81171560566042
0.014,44.1,215975.0,Thailand,39.99941792782305,82257.0,126876918690,0.037,74,302.06850282485874,0.018,0.1,0.069,75.0,68.0,0.3,0.234,0.696,0.07,63797841,0.338,10388000000,487.57765891036746
0.04,44.1,161.0,Timor-Leste,39.99941792782305,77236.84089635854,426700000,0.061,19,302.06850282485874,0.076,0.23974713551955748,0.14810265957446808,63.0,60.0,0.5781237682301931,0.497,0.478,0.025,899367,0.25,26000000,252.6495062237185
0.023,44.1,40245.0,Turkmenistan,39.99941792782305,15811.0,4462028989,0.033,63,302.06850282485874,0.063,0.0,0.14810265957446808,68.0,60.0,0.0,0.349,0.607,0.044,4600171,0.464,26000000,252.6495062237185
0.021,44.1,126915.0,Uzbekistan,39.99941792782305,53188.0,9687951055,0.054,21,302.06850282485874,0.05,0.0,0.14810265957446808,70.0,64.0,0.0,0.357,0.598,0.045,25271850,0.371,68000000,252.6495062237185
0.017,44.1,70806.0,Vietnam,39.99941792782305,33441.0,37947904054,0.051,22,302.06850282485874,0.026,0.0,0.091,79.0,69.0,0.0,0.298,0.637,0.065,79538700,0.255,26000000,252.6495062237185
0.017,44.1,3751.0,Albania,39.99941792782305,1975.0,4449373456,0.065,89,302.06850282485874,0.021,0.0,0.153,78.0,72.0,0.3,0.29,0.636,0.075,3051427,0.435,492000000,390.9061989698974
0.011,44.1,532.0,Andorra,39.99941792782305,77236.84089635854,1456198796,0.058,1486,302.06850282485874,0.004,0.1,0.14810265957446808,71.15926791277259,66.46183800623054,0.5,0.3030511272141707,0.6234814814814815,0.07346457326892109,71639,0.916,26000000,252.6495062237185
0.01,44.1,67179.0,Austria,39.99941792782305,30447.0,207537336721,0.101,2599,302.06850282485874,0.004,0.4,0.14810265957446808,82.0,76.0,0.8,0.167,0.677,0.156,8081957,0.658,12334000000,518.4754068197359
0.009,44.1,52390.0,Belarus,39.99941792782305,25262.0,14594925393,0.065,96,302.06850282485874,0.009,0.1,0.369,74.0,62.0,0.0,0.172,0.687,0.14,9865000,0.709,295000000,403.3152854635801
0.011,44.1,107531.0,Belgium,39.99941792782305,56375.0,252795031056,0.085,2075,302.06850282485874,0.004,0.5,0.077,81.0,75.0,0.8,0.174,0.655,0.171,10332785,0.972,7598000000,535.7100117101046
0.009,44.1,22919.0,Bosnia and Herzegovina,39.99941792782305,4407.0,6651226179,0.071,122,302.06850282485874,0.007,0.0,0.127,77.0,73.0,0.2,0.197,0.686,0.117,3897579,0.393,307000000,343.50950585483963
0.009,44.1,44635.0,Bulgaria,39.99941792782305,18861.0,15979194511,0.076,154,302.06850282485874,0.016,0.1,0.092,75.0,69.0,0.3,0.148,0.683,0.17,7868468,0.695,1392000000,430.1934679839433
0.009,44.1,21877.0,Croatia,39.99941792782305,8245.0,26524896398,0.063,375,302.06850282485874,0.007,0.2,0.128,78.0,71.0,0.5,0.167,0.671,0.163,4440000,0.559,3952000000,422.84096176691685
0.013,44.1,7022.0,Cyprus,39.99941792782305,2143.0,10557366162,0.061,882,302.06850282485874,0.005,0.3,0.072,80.0,76.0,0.4,0.214,0.682,0.104,979877,0.687,2178000000,407.31235738361636
0.009,44.1,120193.0,Czech Republic,39.99941792782305,42535.0,78425201661,0.068,522,302.06850282485874,0.005,0.2,0.067,79.0,72.0,0.8,0.157,0.704,0.139,10196916,0.738,3376000000,454.0898654377776
0.012,44.1,49266.0,Denmark,39.99941792782305,19004.0,173880831444,0.093,3023,302.06850282485874,0.004,0.6,0.071,79.0,75.0,0.8,0.187,0.664,0.149,5375931,0.853,4791000000,505.69458735074426
0.01,44.1,14936.0,Estonia,39.99941792782305,4713.0,7324390332,0.048,256,302.06850282485874,0.008,0.4,0.067,77.0,65.0,0.7,0.167,0.674,0.159,1379350,0.691,737000000,381.6483544160536
0.022714893617021278,44.1,763.0,Faeroe Islands,39.99941792782305,77236.84089635854,1268445919,0.06416951983298538,15,302.06850282485874,0.032813011456628474,0.5,0.14810265957446808,82.0,77.0,0.7,0.3030511272141707,0.6234814814814815,0.07346457326892109,47751,0.38,26000000,252.6495062237185
0.011,44.1,61078.0,Finland,39.99941792782305,34819.0,135183512140,0.078,2032,302.06850282485874,0.003,0.6,0.048,82.0,75.0,0.9,0.178,0.669,0.153,5200598,0.825,2235000000,467.18418374089146
0.013,44.1,380840.0,France,39.99941792782305,261182.0,1452031150009,0.106,2497,302.06850282485874,0.004,0.3,0.066,83.0,76.0,0.6,0.187,0.651,0.162,61803229,0.764,40537000000,578.334661079011
0.009,44.1,828771.0,Germany,39.99941792782305,338553.0,2006587615283,0.107,2610,302.06850282485874,0.004,0.5,0.097,81.0,75.0,0.7,0.151,0.676,0.173,82488495,0.732,26690000000,615.4951602292289
0.009,44.1,93670.0,Greece,39.99941792782305,28321.0,146049724849,0.091,1223,302.06850282485874,0.006,0.1,0.074,81.0,76.0,0.8,0.148,0.676,0.176,10983723,0.733,10005000000,467.44937587136445
0.01,44.1,56094.0,Hungary,39.99941792782305,25601.0,66389489264,0.076,495,302.06850282485874,0.009,0.2,0.102,77.0,68.0,0.7,0.163,0.683,0.154,10158608,0.651,3774000000,462.96884103758924
0.014,44.1,2171.0,Iceland,39.99941792782305,3285.0,8907207933,0.102,3156,302.06850282485874,0.003,0.8,0.154,83.0,79.0,0.9,0.228,0.656,0.117,287523,0.927,415000000,389.55268141584764
0.015,44.1,43762.0,Ireland,39.99941792782305,14673.0,123016253873,0.07,2221,302.06850282485874,0.005,0.3,0.038,80.0,75.0,0.8,0.211,0.678,0.111,3931947,0.596,4228000000,486.9716994850743
0.011,44.1,142307.10776470587,Isle of Man,39.99941792782305,77236.84089635854,1897606791,0.06416951983298538,15,302.06850282485874,0.032813011456628474,0.23974713551955748,0.14810265957446808,82.0,75.0,0.5781237682301931,0.3030511272141707,0.6234814814814815,0.07346457326892109,78338,0.519,26000000,252.6495062237185
0.009,44.1,452632.0,Italy,39.99941792782305,172396.0,1225176959595,0.082,1761,302.06850282485874,0.004,0.3,0.065,83.0,77.0,0.9,0.142,0.669,0.189,57059007,0.674,28192000000,561.7198838788263
0.021,44.1,142307.10776470587,Kosovo,39.99941792782305,1894.0,2702427047,0.06416951983298538,15,302.06850282485874,0.032813011456628474,0.23974713551955748,0.14810265957446808,70.0,66.0,0.5781237682301931,0.3030511272141707,0.6234814814814815,0.07346457326892109,1702310,0.5629525765496639,26000000,252.6495062237185
0.009,44.1,6652.0,Latvia,39.99941792782305,4073.0,9314784080,0.063,248,302.06850282485874,0.013,0.2,0.08,77.0,65.0,0.4,0.165,0.677,0.158,2310173,0.679,201000000,376.46706535355753
0.012,44.1,142307.10776470587,Liechtenstein,39.99941792782305,77236.84089635854,2688617885,0.06416951983298538,15,302.06850282485874,0.032813011456628474,0.6,0.14810265957446808,82.0,77.0,0.3,0.3030511272141707,0.6234814814814815,0.07346457326892109,33821,0.149,26000000,252.6495062237185
0.009,44.1,13212.0,Lithuania,39.99941792782305,8865.0,14163949142,0.064,263,302.06850282485874,0.009,0.2,0.068,78.0,66.0,0.5,0.187,0.669,0.144,3443067,0.668,556000000,385.20545121957866
0.012,44.1,9417.0,Luxembourg,39.99941792782305,3646.0,22568793525,0.083,4202,302.06850282485874,0.003,0.4,0.14810265957446808,82.0,75.0,1.1,0.189,0.668,0.143,446175,0.853,2547000000,457.8632665264244
0.012,44.1,10935.0,"Macedonia, FYR",39.99941792782305,2527.0,3791306758,0.093,170,302.06850282485874,0.013,0.2,0.184,76.0,71.0,0.2,0.213,0.681,0.106,2074441,0.581,55000000,320.76291102306135
0.01,44.1,2299.0,Malta,39.99941792782305,734.0,4296164768,0.079,839,302.06850282485874,0.006,0.3,0.06,81.0,76.0,0.7,0.193,0.69,0.117,395969,0.929,757000000,361.32183344468825
0.012,44.1,3986.0,Moldova,39.99941792782305,3096.0,1661818168,0.081,37,302.06850282485874,0.023,0.0,0.235,71.0,63.0,0.1,0.219,0.676,0.105,3623062,0.456,72000000,342.5038096649337
0.022714893617021278,44.1,142307.10776470587,Monaco,39.99941792782305,77236.84089635854,2905973022,0.034,2985,302.06850282485874,0.004,0.5,0.14810265957446808,71.15926791277259,66.46183800623054,0.5,0.3030511272141707,0.6234814814814815,0.07346457326892109,32653,1.0,26000000,252.6495062237185
0.013,44.1,142307.10776470587,Montenegro,39.99941792782305,77236.84089635854,1284504509,0.086,180,302.06850282485874,0.011,0.23974713551955748,0.14810265957446808,77.0,71.0,0.5781237682301931,0.207,0.671,0.121,612325,0.606,26000000,252.6495062237185
0.013,44.1,172364.0,Netherlands,39.99941792782305,75706.0,437807265199,0.089,2411,302.06850282485874,0.005,0.6,0.04,81.0,76.0,0.8,0.186,0.677,0.137,16148929,0.791,11745000000,546.4644093543099
0.012,44.1,37429.0,Norway,39.99941792782305,24912.0,191927027230,0.104,4418,302.06850282485874,0.004,0.7,0.087,82.0,77.0,0.8,0.2,0.651,0.149,4538159,0.77,2581000000,503.904468161426
0.009,44.1,296932.0,Poland,39.99941792782305,88855.0,198179425151,0.063,328,302.06850282485874,0.007,0.2,0.12,79.0,70.0,0.4,0.18,0.692,0.127,38230364,0.618,4971000000,482.1861441890861
0.011,44.1,66820.0,Portugal,39.99941792782305,25824.0,132285714286,0.093,1190,302.06850282485874,0.005,0.2,0.14810265957446808,81.0,74.0,0.8,0.159,0.675,0.166,10419631,0.557,6595000000,470.48342282920385
0.01,44.1,92174.0,Romania,39.99941792782305,38140.0,45988510814,0.046,97,302.06850282485874,0.022,0.1,0.354,75.0,67.0,0.2,0.174,0.686,0.14,21730496,0.528,400000000,396.81850318992826
0.01,44.1,1557665.0,Russian Federation,39.99941792782305,623098.0,345110438694,0.06,142,302.06850282485874,0.018,0.0,0.157,72.0,59.0,0.1,0.168,0.702,0.13,145408033,0.733,5278000000,536.0864280148029
0.022714893617021278,44.1,142307.10776470587,San Marino,39.99941792782305,77236.84089635854,879957210,0.065,2894,302.06850282485874,0.004,0.5,0.08,85.0,78.0,0.6,0.3030511272141707,0.6234814814814815,0.07346457326892109,28064,0.939,26000000,252.6495062237185
0.01,44.1,142307.10776470587,Serbia,39.99941792782305,15891.0,15102567925,0.089,179,302.06850282485874,0.01,0.23974713551955748,0.197,75.0,70.0,0.5781237682301931,0.193,0.672,0.135,7500031,0.537,77000000,341.12135597775693
0.01,44.1,39252.0,Slovak Republic,39.99941792782305,18733.0,34638306042,0.056,256,302.06850282485874,0.009,0.4,0.103,78.0,70.0,0.5,0.185,0.7,0.115,5376912,0.56,742000000,401.68365713860675
0.009,44.1,15420.0,Slovenia,39.99941792782305,6830.0,23136352386,0.086,1000,302.06850282485874,0.004,0.3,0.132,80.0,72.0,0.8,0.151,0.702,0.147,1994530,0.508,1152000000,411.59713572883174
0.01,44.1,314519.0,Spain,39.99941792782305,128757.0,686295878035,0.073,1215,302.06850282485874,0.005,0.2,0.043,83.0,76.0,0.8,0.145,0.686,0.169,41431558,0.765,35468000000,527.1777615675105
0.011,44.1,57425.0,Sweden,39.99941792782305,51784.0,250960758337,0.092,2599,302.06850282485874,0.003,0.7,0.056,82.0,78.0,0.9,0.181,0.647,0.172,8924958,0.841,5671000000,521.2069682750391
0.01,44.1,40718.0,Switzerland,39.99941792782305,25888.0,286658255889,0.106,4190,302.06850282485874,0.005,0.6,0.039,83.0,78.0,0.8,0.171,0.675,0.155,7284753,0.734,9117000000,515.2325609933017
0.021,44.1,205678.0,Turkey,39.99941792782305,74248.0,232534560442,0.054,180,302.06850282485874,0.03,0.1,0.14810265957446808,75.0,68.0,0.4,0.297,0.64,0.063,65022300,0.66,11901000000,456.0162767214155
0.009,44.1,318684.0,Ukraine,39.99941792782305,135601.0,42392896031,0.063,55,302.06850282485874,0.014,0.0,0.253,74.0,63.0,0.1,0.162,0.692,0.145,48202500,0.673,1001000000,419.94640968783796
0.011,44.1,531939.0,United Kingdom,39.99941792782305,218306.0,1620900779377,0.076,2065,302.06850282485874,0.005,0.6,0.04,81.0,76.0,0.8,0.186,0.656,0.158,59370479,0.79,27819000000,607.994251793843
0.02,44.1,15698.0,Bahrain,39.99941792782305,6433.0,9632411109,0.039,510,302.06850282485874,0.01,0.2,0.084,76.0,74.0,0.5,0.301,0.675,0.024,732541,0.884,985000000,405.03288591376315
0.018,44.1,402178.0,"Iran, Islamic Rep.",39.99941792782305,138011.0,116420833374,0.051,102,302.06850282485874,0.026,0.0,0.14810265957446808,72.0,69.0,0.0,0.308,0.647,0.045,67727274,0.655,1607000000,488.7219722121776
0.035,44.1,87260.0,Iraq,39.99941792782305,27981.0,1001970945,0.014,9,302.06850282485874,0.035,0.0,0.14810265957446808,73.0,68.0,0.0,0.424,0.541,0.035,25238267,0.686,45000000,291.5080605814495
0.021,44.1,63146.0,Israel,39.99941792782305,18809.0,112974376293,0.078,1334,302.06850282485874,0.005,0.2,0.099,82.0,78.0,1.0,0.28,0.62,0.1,6570000,0.913,2426000000,480.6544467662726
0.031,44.1,16887.0,Jordan,39.99941792782305,5060.0,9580161951,0.097,189,302.06850282485874,0.022,0.1,0.102,74.0,71.0,0.2,0.39,0.579,0.031,5038000,0.804,1254000000,401.5249237272593
0.022,44.1,52753.0,Kuwait,39.99941792782305,20639.0,38138801497,0.036,661,302.06850282485874,0.011,0.1,0.065,74.0,73.0,0.6,0.256,0.71,0.034,2048232,0.981,320000000,481.8272804141687
0.017,44.1,16039.0,Lebanon,39.99941792782305,5220.0,19152238806,0.1,546,302.06850282485874,0.015,0.1,0.166,77.0,74.0,0.2,0.284,0.643,0.072,3515604,0.862,4284000000,471.3328452090382
0.023,44.1,25471.0,Oman,39.99941792782305,8818.0,20049414986,0.032,278,302.06850282485874,0.013,0.1,0.085,75.0,71.0,0.2,0.366,0.609,0.024,2308409,0.715,539000000,414.9142473786869
0.018,44.1,28482.0,Qatar,39.99941792782305,13711.0,19363735706,0.027,833,302.06850282485874,0.01,0.1,0.14810265957446808,78.0,76.0,0.4,0.268,0.716,0.016,629745,0.967,285000000,394.53411071814617
0.025,44.1,326407.0,Saudi Arabia,39.99941792782305,116953.0,188551196399,0.043,375,302.06850282485874,0.018,0.1,0.14810265957446808,75.0,71.0,0.2,0.368,0.598,0.034,21825217,0.803,26000000,516.2294606740265
0.029,44.1,39068.0,Syrian Arab Republic,39.99941792782305,16735.0,21582248882,0.049,57,302.06850282485874,0.018,0.0,0.09,76.0,72.0,0.0,0.4,0.567,0.034,16994676,0.527,970000000,418.15460716698044
0.016,44.1,84704.0,United Arab Emirates,39.99941792782305,40578.0,109816204634,0.027,917,302.06850282485874,0.009,0.3,0.14810265957446808,76.0,74.0,0.8,0.243,0.746,0.01,3223969,0.811,1332000000,484.8040790364207
0.038,44.1,15764.0,"Yemen, Rep.",39.99941792782305,5100.0,10693278292,0.042,27,302.06850282485874,0.064,0.0,0.177,62.0,60.0,0.0,0.476,0.497,0.028,18551068,0.273,38000000,350.46780388901544
0.022714893617021278,44.1,142307.10776470587,American Samoa,39.99941792782305,77236.84089635854,1001970945,0.06416951983298538,15,302.06850282485874,0.032813011456628474,0.23974713551955748,0.14810265957446808,71.15926791277259,66.46183800623054,0.0,0.3030511272141707,0.6234814814814815,0.07346457326892109,58729,0.884,26000000,252.6495062237185
0.013,44.1,341002.0,Australia,39.99941792782305,109461.0,394442235245,0.084,1847,302.06850282485874,0.005,0.23974713551955748,0.082,83.0,77.0,0.6,0.204,0.67,0.126,19651400,0.875,13624000000,522.6996616238205
0.024,44.1,836.0,Fiji,39.99941792782305,77236.84089635854,1842691481,0.035,79,302.06850282485874,0.02,0.1,0.081,71.0,65.0,0.1,0.334,0.629,0.037,816237,0.487,384000000,330.69271284949457
0.019,44.1,737.0,French Polynesia,39.99941792782305,77236.84089635854,1001970945,0.06416951983298538,15,302.06850282485874,0.032813011456628474,0.1,0.14810265957446808,76.0,70.0,0.2,0.303,0.652,0.045,245032,0.559,471000000,376.02870793538426
0.021,44.1,142307.10776470587,Guam,39.99941792782305,77236.84089635854,1001970945,0.06416951983298538,15,302.06850282485874,0.032813011456628474,0.3,0.14810265957446808,78.0,73.0,0.4,0.302,0.641,0.058,157241,0.933,26000000,252.6495062237185
0.027,44.1,40.0,Kiribati,39.99941792782305,77236.84089635854,72259046,0.088,76,302.06850282485874,0.052,0.0,0.14810265957446808,68.0,63.0,0.0,0.389,0.576,0.035,85799,0.435,26000000,252.6495062237185
0.022714893617021278,44.1,84.0,Marshall Islands,39.99941792782305,77236.84089635854,124735072,0.182,418,302.06850282485874,0.033,0.0,0.14810265957446808,71.15926791277259,66.46183800623054,0.0,0.3030511272141707,0.6234814814814815,0.07346457326892109,52161,0.69,3400000,159.05096858823447
0.028,44.1,147.0,"Micronesia, Fed. Sts.",39.99941792782305,77236.84089635854,241543396,0.079,178,302.06850282485874,0.04,0.1,0.153,68.0,67.0,0.0,0.395,0.566,0.039,106983,0.223,17000000,237.92904148442395
0.019,44.1,2428.0,New Caledonia,39.99941792782305,77236.84089635854,1001970945,0.06416951983298538,15,302.06850282485874,0.032813011456628474,0.2,0.14810265957446808,79.0,71.0,0.4,0.281,0.657,0.062,221490,0.626,156000000,340.7679621610493
0.014,44.1,33201.0,New Zealand,39.99941792782305,17119.0,66021205382,0.08,1244,302.06850282485874,0.006,0.6,0.072,81.0,77.0,0.6,0.223,0.659,0.118,3948500,0.859,3159000000,443.089353885647
0.034,44.1,3513.0,Papua New Guinea,39.99941792782305,77236.84089635854,2999542369,0.046,24,302.06850282485874,0.057,0.0,0.139,62.0,57.0,0.0,0.402,0.573,0.025,5660267,0.132,2800000,320.76291102306135
0.03,44.1,143.0,Samoa,39.99941792782305,77236.84089635854,256677700,0.055,83,302.06850282485874,0.018,0.0,0.114,73.0,67.0,0.0,0.404,0.55,0.046,176592,0.219,45000000,252.6495062237185
0.035,44.1,172.0,Solomon Islands,39.99941792782305,77236.84089635854,341663054,0.061,48,302.06850282485874,0.029,0.0,0.146,66.0,63.0,0.0,0.416,0.555,0.029,434880,0.166,800000,254.58043226866675
0.029,44.1,147.0,Tonga,39.99941792782305,77236.84089635854,181801947,0.05,92,302.06850282485874,0.015,0.0,0.114,73.0,69.0,0.0,0.382,0.559,0.059,99083,0.231,5900000,224.3603057319861
0.031,44.1,84.0,Vanuatu,39.99941792782305,77236.84089635854,262603782,0.038,52,302.06850282485874,0.019,0.0,0.074,70.0,67.0,0.0,0.408,0.56,0.033,193950,0.222,72000000,262.8745315809
0.02,44.1,363.0,Antigua and Barbuda,39.99941792782305,77236.84089635854,806505874,0.043,433,302.06850282485874,0.012,0.1,0.114,76.0,71.0,0.5,0.29,0.64,0.07,80030,0.311,274000000,299.705972416712
0.018,44.1,123266.0,Argentina,39.99941792782305,55386.0,123607470069,0.083,225,302.06850282485874,0.017,0.1,0.517,78.0,71.0,0.2,0.273,0.626,0.101,37627545,0.895,1716000000,472.3094906962623
0.013,44.1,2255.0,Aruba,39.99941792782305,77236.84089635854,1941094972,0.06416951983298538,15,302.06850282485874,0.032813011456628474,0.2,0.131,76.0,71.0,0.7,0.225,0.695,0.079,94995,0.46,835000000,359.5955601695055
0.016,44.1,1577.0,"Bahamas, The",39.99941792782305,77236.84089635854,6957996000,0.053,1183,302.06850282485874,0.013,0.2,0.06,76.0,70.0,0.4,0.279,0.664,0.057,309039,0.821,1773000000,385.67289969144076
0.013,44.1,1228.0,Barbados,39.99941792782305,77236.84089635854,3168600000,0.074,677,302.06850282485874,0.015,0.3,0.085,76.0,71.0,0.4,0.214,0.672,0.114,269524,0.335,666000000,353.40680699258405
0.028,44.1,359.0,Belize,39.99941792782305,77236.84089635854,932676403,0.044,162,302.06850282485874,0.02,0.1,0.148,75.0,68.0,0.2,0.393,0.565,0.042,251766,0.471,121000000,312.81976685742285
0.013,44.1,524.0,Bermuda,39.99941792782305,77236.84089635854,3937228000,0.06416951983298538,15,302.06850282485874,0.032813011456628474,0.5,0.14810265957446808,81.0,76.0,0.5,0.3030511272141707,0.6234814814814815,0.07346457326892109,62912,1.0,378000000,372.82095288849087
0.03,44.1,9567.0,Bolivia,39.99941792782305,3527.0,7905485216,0.065,58,302.06850282485874,0.052,0.0,0.206,66.0,62.0,0.1,0.393,0.564,0.043,8843350,0.628,143000000,344.16590738208174
0.02,44.1,332267.0,Brazil,39.99941792782305,195759.0,504221228974,0.072,203,302.06850282485874,0.025,0.1,0.629,75.0,67.0,0.2,0.287,0.655,0.057,179393768,0.819,2142000000,475.1496173615396
0.011,44.1,519163.0,Canada,39.99941792782305,248220.0,752531702033,0.096,2254,302.06850282485874,0.005,0.6,0.042,82.0,77.0,0.4,0.186,0.687,0.128,31362000,0.799,12744000000,546.6484279456115
0.022714893617021278,44.1,469.0,Cayman Islands,39.99941792782305,77236.84089635854,1001970945,0.06416951983298538,15,302.06850282485874,0.032813011456628474,0.23974713551955748,0.14810265957446808,71.15926791277259,66.46183800623054,0.4,0.3030511272141707,0.6234814814814815,0.07346457326892109,44742,1.0,607000000,252.6495062237185
0.016,44.1,55361.0,Chile,39.99941792782305,25568.0,70984568429,0.075,331,302.06850282485874,0.008,0.2,0.078,81.0,75.0,0.4,0.267,0.658,0.075,15819522,0.866,1221000000,426.5399394195269
0.022,44.1,55661.0,Colombia,39.99941792782305,25205.0,97933392356,0.057,135,302.06850282485874,0.02,0.0,0.163,75.0,68.0,0.1,0.32,0.631,0.049,41216304,0.727,1237000000,442.1375589029725
0.019,44.1,6326.0,Costa Rica,39.99941792782305,3073.0,16844378578,0.08,332,302.06850282485874,0.01,0.2,0.264,80.0,76.0,0.1,0.3,0.644,0.056,4093840,0.618,1292000000,395.1864002704853
0.012,44.1,26091.0,Cuba,39.99941792782305,11729.0,33590400000,0.065,195,302.06850282485874,0.006,0.0,0.14810265957446808,79.0,75.0,0.0,0.209,0.689,0.103,11212125,0.758,1769000000,252.6495062237185
0.022714893617021278,44.1,142307.10776470587,Curacao,39.99941792782305,77236.84089635854,1001970945,0.06416951983298538,15,302.06850282485874,0.032813011456628474,0.23974713551955748,0.14810265957446808,71.15926791277259,66.46183800623054,0.5781237682301931,0.234,0.656,0.11,128804,0.909,217000000,351.0186414127683
0.015,44.1,103.0,Dominica,39.99941792782305,77236.84089635854,326998081,0.051,237,302.06850282485874,0.013,0.2,0.11,79.0,75.0,0.2,0.3030511272141707,0.6234814814814815,0.07346457326892109,69806,0.657,46000000,256.4076900716723
0.024,44.1,21500.0,Dominican Republic,39.99941792782305,7476.0,26570402719,0.063,176,302.06850282485874,0.032,0.1,0.261,74.0,68.0,0.2,0.342,0.604,0.054,8935261,0.634,2730000000,395.09383617010036
0.025,44.1,24690.0,Ecuador,39.99941792782305,9177.0,28548945000,0.048,105,302.06850282485874,0.026,0.0,0.158,77.0,71.0,0.1,0.338,0.609,0.053,13030041,0.611,449000000,401.76280043916927
0.023,44.1,6040.0,El Salvador,39.99941792782305,4232.0,14306700000,0.077,184,302.06850282485874,0.024,0.0,0.14810265957446808,75.0,65.0,0.1,0.374,0.568,0.058,6008308,0.6,521000000,376.3214675619146
0.017,44.1,539.0,Greenland,39.99941792782305,77236.84089635854,1169136691,0.06416951983298538,15,302.06850282485874,0.032813011456628474,0.4,0.14810265957446808,71.0,65.0,0.4,0.3030511272141707,0.6234814814814815,0.07346457326892109,56609,0.821,26000000,252.6495062237185
0.019,44.1,205.0,Grenada,39.99941792782305,77236.84089635854,544381962,0.066,353,302.06850282485874,0.013,0.1,0.113,73.0,68.0,0.1,0.33,0.592,0.077,102099,0.361,91000000,252.6495062237185
0.036,44.1,11096.0,Guatemala,39.99941792782305,7248.0,20776536920,0.062,110,302.06850282485874,0.037,0.0,0.169,72.0,65.0,0.1,0.438,0.521,0.042,11765738,0.459,647000000,384.6136116471882
0.022,44.1,1580.0,Guyana,39.99941792782305,77236.84089635854,722460912,0.058,56,302.06850282485874,0.037,0.23974713551955748,0.163,67.0,60.0,0.1,0.358,0.6,0.042,750629,0.285,53000000,309.7494476441365
0.03,44.1,1826.0,Haiti,39.99941792782305,2309.0,3214632479,0.055,20,302.06850282485874,0.071,0.0,0.342,60.0,56.0,0.0,0.394,0.566,0.04,8859635,0.389,108000000,359.5955601695055
0.03,44.1,6091.0,Honduras,39.99941792782305,3380.0,7776459964,0.073,88,302.06850282485874,0.029,0.0,0.227,73.0,69.0,0.1,0.414,0.545,0.04,6495801,0.466,305000000,369.1652402960141
0.018,44.1,10301.0,Jamaica,39.99941792782305,3586.0,9718989517,0.049,180,302.06850282485874,0.019,0.1,0.185,74.0,68.0,0.5,0.321,0.604,0.076,2615253,0.523,1482000000,377.4720004917818
0.023,44.1,391251.0,Mexico,39.99941792782305,150843.0,741559499085,0.056,396,302.06850282485874,0.019,0.1,0.082,77.0,72.0,0.2,0.334,0.615,0.051,106723661,0.754,9547000000,514.4517104603455
0.027,44.1,4037.0,Nicaragua,39.99941792782305,2636.0,5224213019,0.057,57,302.06850282485874,0.03,0.0,0.183,74.0,68.0,0.0,0.397,0.565,0.039,5248577,0.552,135000000,347.59218465107347
0.023,44.1,5871.0,Panama,39.99941792782305,2625.0,12272400000,0.08,310,302.06850282485874,0.021,0.1,0.106,78.0,73.0,0.2,0.316,0.627,0.057,3178450,0.628,710000000,374.2266900406287
0.027,44.1,3898.0,Paraguay,39.99941792782305,3885.0,6325151760,0.07,79,302.06850282485874,0.026,0.0,0.387,73.0,69.0,0.3,0.372,0.582,0.045,5571371,0.566,76000000,345.13036143017814
0.023,44.1,27187.0,Peru,39.99941792782305,11873.0,53992755100,0.048,102,302.06850282485874,0.026,0.1,0.208,74.0,69.0,0.1,0.333,0.617,0.051,26729909,0.739,836000000,420.56142404359406
0.014,44.1,142307.10776470587,Puerto Rico,39.99941792782305,77236.84089635854,72546194000,0.06416951983298538,15,302.06850282485874,0.032813011456628474,0.2,0.14810265957446808,82.0,74.0,0.4,0.23,0.653,0.117,3823701,0.943,2486000000,441.00586789998835
0.022714893617021278,44.1,142307.10776470587,Sint Maarten (Dutch part),39.99941792782305,77236.84089635854,1001970945,0.06416951983298538,15,302.06850282485874,0.032813011456628474,0.23974713551955748,0.14810265957446808,71.15926791277259,66.46183800623054,0.5781237682301931,0.3030511272141707,0.6234814814814815,0.07346457326892109,32566,1.0,489000000,351.83078820459957
0.017,44.1,198.0,St. Kitts and Nevis,39.99941792782305,77236.84089635854,478067954,0.037,374,302.06850282485874,0.012,0.2,0.109,74.0,69.0,0.1,0.3030511272141707,0.6234814814814815,0.07346457326892109,46934,0.324,57000000,252.6495062237185
0.018,44.1,326.0,St. Lucia,39.99941792782305,77236.84089635854,723027643,0.064,289,302.06850282485874,0.015,0.1,0.126,74.0,70.0,0.1,0.308,0.619,0.073,160217,0.263,210000000,300.7404936649495
0.017,44.1,142307.10776470587,St. Martin (French part),39.99941792782305,77236.84089635854,1001970945,0.06416951983298538,15,302.06850282485874,0.032813011456628474,0.23974713551955748,0.14810265957446808,81.0,74.0,0.5781237682301931,0.3030511272141707,0.6234814814814815,0.07346457326892109,27450,0.5629525765496639,26000000,252.6495062237185
0.019,44.1,187.0,St. Vincent and the Grenadines,39.99941792782305,77236.84089635854,462641610,0.039,168,302.06850282485874,0.019,0.1,0.116,73.0,68.0,0.1,0.302,0.627,0.071,108150,0.459,91000000,259.7930106370605
0.022,44.1,2252.0,Suriname,39.99941792782305,77236.84089635854,1078402128,0.071,161,302.06850282485874,0.029,0.0,0.222,72.0,65.0,0.2,0.303,0.639,0.059,480099,0.666,17000000,317.0000287821119
0.015,44.1,26890.0,Trinidad and Tobago,39.99941792782305,12540.0,9008273516,0.05,352,302.06850282485874,0.025,0.2,0.125,73.0,65.0,0.2,0.238,0.694,0.068,1277723,0.104,402000000,366.8392723009477
0.022714893617021278,44.1,99.0,Turks and Caicos Islands,39.99941792782305,77236.84089635854,1001970945,0.06416951983298538,15,302.06850282485874,0.032813011456628474,0.23974713551955748,0.14810265957446808,71.15926791277259,66.46183800623054,0.5781237682301931,0.3030511272141707,0.6234814814814815,0.07346457326892109,21740,0.86,292000000,252.6495062237185
0.014,44.1,5650950.0,United States,39.99941792782305,2255957.0,10980200000000,0.151,5578,302.06850282485874,0.007,0.6,0.047,80.0,74.0,0.5,0.21,0.667,0.123,287625193,0.794,104427000000,631.4302702123441
0.016,44.1,4620.0,Uruguay,39.99941792782305,2538.0,13606494599,0.11,449,302.06850282485874,0.014,0.1,1.184,79.0,71.0,0.2,0.243,0.624,0.133,3327500,0.926,409000000,372.82095288849087
0.023,44.1,193262.0,"Venezuela, RB",39.99941792782305,57515.0,92889586976,0.057,207,302.06850282485874,0.017,0.0,0.366,76.0,70.0,0.3,0.327,0.625,0.047,25333622,0.884,484000000,447.70060598835875
0.015,44.1,142307.10776470587,Virgin Islands (U.S.),39.99941792782305,77236.84089635854,1001970945,0.06416951983298538,15,302.06850282485874,0.032813011456628474,0.3,0.14810265957446808,81.0,75.0,0.4,0.246,0.662,0.093,108208,0.93,1195000000,252.6495062237185
0.02,44.1,92533.0,Algeria,25.0,30698.0,67863832648,0.036,74,302.06850282485874,0.031,0.0,0.081,71.0,68.0,0.0,0.307,0.651,0.042,33003442,0.623,112000000,374.6847038311395
0.05,44.1,9065.0,Angola,119.0,9004.0,14188949240,0.049,45,302.06850282485874,0.125,0.0,0.961,49.0,46.0,0.0,0.477,0.498,0.025,15421075,0.346,63000000,313.5495667692504
0.041,44.1,2321.0,Benin,32.0,2386.0,3557229702,0.046,21,302.06850282485874,0.082,0.0,0.14810265957446808,58.0,55.0,0.0,0.449,0.522,0.028,7665681,0.393,108000000,316.3347702269611
0.026,44.1,4265.0,Botswana,107.0,1907.0,7511538765,0.043,190,302.06850282485874,0.051,0.0,0.164,48.0,47.0,0.2,0.367,0.602,0.031,1832602,0.546,459000000,371.52932875305333
0.045,44.1,1078.0,Burkina Faso,40.0,77236.84089635854,4205691122,0.055,19,302.06850282485874,0.091,0.0,0.14810265957446808,53.0,51.0,0.0,0.466,0.508,0.026,12659086,0.2,38000000,314.26544695030617
0.043,44.1,165.0,Burundi,13.0,77236.84089635854,784654424,0.072,6,302.06850282485874,0.082,0.0,0.182,50.0,48.0,0.0,0.468,0.504,0.028,7264340,0.089,1200000,273.0280623617032
0.041,44.1,3795.0,Cameroon,45.0,6766.0,13621809574,0.049,39,302.06850282485874,0.084,0.0,0.18,53.0,51.0,0.1,0.447,0.52,0.033,17223277,0.473,266000000,377.1873841920552
0.038,44.1,235.0,Central African Republic,22.0,77236.84089635854,1139754772,0.044,13,302.06850282485874,0.112,0.0,0.18,46.0,43.0,0.0,0.421,0.539,0.04,3829636,0.379,4000000,297.54517416961835
0.05,44.1,381.0,Chad,64.0,77236.84089635854,2736666451,0.058,17,302.06850282485874,0.103,0.0,0.18,48.0,46.0,0.0,0.492,0.481,0.027,9311234,0.217,26000000,252.6495062237185
0.039,44.1,99.0,Comoros,39.99941792782305,77236.84089635854,324470869,0.036,21,302.06850282485874,0.072,0.0,0.118,60.0,57.0,0.0,0.414,0.556,0.03,570491,0.279,16000000,252.6495062237185
0.047,44.1,1698.0,"Congo, Dem. Rep.",166.0,18503.0,8937565919,0.051,6,302.06850282485874,0.111,0.0,0.14810265957446808,49.0,46.0,0.0,0.464,0.508,0.028,50972323,0.365,26000000,252.6495062237185
0.039,44.1,1085.0,"Congo, Rep.",37.0,999.0,3495868725,0.026,27,302.06850282485874,0.07,0.0,0.18,54.0,52.0,0.1,0.421,0.544,0.036,3363418,0.601,30000000,345.4466516744021
0.037,44.1,5460.0,Cote d'Ivoire,62.0,6578.0,13737482343,0.051,42,302.06850282485874,0.094,0.0,0.14810265957446808,47.0,46.0,0.1,0.422,0.548,0.029,16909801,0.455,76000000,405.10600614119744
0.029,44.1,407.0,Djibouti,39.99941792782305,77236.84089635854,622044666,0.062,50,302.06850282485874,0.075,0.0,0.113,59.0,56.0,0.0,0.39,0.578,0.032,755085,0.767,6900000,259.46912712762077
0.024,44.1,147963.0,"Egypt, Arab Rep.",37.0,48971.0,82923680622,0.056,56,302.06850282485874,0.029,0.0,0.135,72.0,67.0,0.1,0.335,0.61,0.054,69432477,0.429,4704000000,445.42613580559856
0.038,44.1,6018.0,Equatorial Guinea,39.99941792782305,77236.84089635854,2484745876,0.02,101,302.06850282485874,0.092,0.0,0.18,49.0,47.0,0.1,0.415,0.551,0.034,568552,0.388,26000000,252.6495062237185
0.04,44.1,726.0,Eritrea,39.99941792782305,804.0,870247702,0.032,6,302.06850282485874,0.051,0.23974713551955748,0.14810265957446808,60.0,55.0,0.5781237682301931,0.446,0.535,0.019,4472533,0.183,74000000,252.6495062237185
0.041,44.1,4947.0,Ethiopia,46.0,27648.0,8465744001,0.049,6,302.06850282485874,0.079,0.0,0.07,55.0,54.0,0.0,0.465,0.504,0.031,71989666,0.153,336000000,322.5129410194308
0.033,44.1,1335.0,Gabon,39.99941792782305,1593.0,6054883172,0.038,174,302.06850282485874,0.053,0.0,0.18,61.0,58.0,0.2,0.399,0.543,0.057,1315820,0.822,84000000,372.1802652183284
0.045,44.1,315.0,"Gambia, The",39.99941792782305,77236.84089635854,487038678,0.042,15,302.06850282485874,0.059,0.0,0.293,57.0,55.0,0.1,0.459,0.515,0.026,1348548,0.506,58000000,252.6495062237185
0.034,44.1,7631.0,Ghana,22.0,8226.0,7632720680,0.048,18,302.06850282485874,0.06,0.0,0.14810265957446808,59.0,57.0,0.0,0.407,0.561,0.032,20301686,0.46,441000000,368.2863813017463
0.041,44.1,1342.0,Guinea,40.0,77236.84089635854,3446442219,0.049,18,302.06850282485874,0.092,0.0,0.14810265957446808,52.0,52.0,0.0,0.438,0.529,0.033,9204581,0.321,26000000,302.72622838391936
0.041,44.1,194.0,Guinea-Bissau,39.99941792782305,77236.84089635854,465414408,0.058,20,302.06850282485874,0.101,0.0,0.14810265957446808,53.0,51.0,0.0,0.431,0.539,0.03,1360559,0.392,2400000,284.73922223197366
0.039,44.1,6755.0,Kenya,60.0,14769.0,14904504019,0.044,20,302.06850282485874,0.065,0.0,0.166,54.0,52.0,0.0,0.432,0.541,0.028,33905011,0.209,619000000,348.18431647513376
0.03,44.1,142307.10776470587,Lesotho,93.0,77236.84089635854,969181551,0.071,36,302.06850282485874,0.083,0.0,0.16,44.0,44.0,0.1,0.404,0.55,0.046,1898757,0.211,21000000,372.6617237138415
0.041,44.1,532.0,Liberia,39.99941792782305,77236.84089635854,409000000,0.034,5,302.06850282485874,0.097,0.0,0.171,54.0,53.0,0.0,0.432,0.537,0.03,3124222,0.454,26000000,252.6495062237185
0.023,44.1,49167.0,Libya,39.99941792782305,17441.0,24062500000,0.041,194,302.06850282485874,0.022,0.0,0.07,75.0,71.0,0.0,0.315,0.644,0.041,5422612,0.767,243000000,414.1531000637219
0.039,44.1,1701.0,Madagascar,67.0,77236.84089635854,5474030228,0.048,15,302.06850282485874,0.061,0.0,0.243,62.0,59.0,0.0,0.452,0.518,0.029,17245275,0.279,119000000,324.72772309108046
0.043,44.1,957.0,Malawi,45.0,77236.84089635854,2424656666,0.063,13,302.06850282485874,0.084,0.0,0.489,47.0,47.0,0.0,0.461,0.509,0.03,12238739,0.149,66000000,326.3083060590406
0.048,44.1,539.0,Mali,41.0,77236.84089635854,4362439887,0.062,24,302.06850282485874,0.105,0.0,0.14810265957446808,50.0,51.0,0.0,0.462,0.506,0.032,11219737,0.305,136000000,337.0457339112275
0.037,44.1,1474.0,Mauritania,82.0,77236.84089635854,1563072653,0.054,23,302.06850282485874,0.076,0.0,0.21,62.0,59.0,0.1,0.42,0.548,0.032,2965667,0.516,26000000,252.6495062237185
0.016,44.1,3146.0,Mauritius,39.99941792782305,77236.84089635854,5609836354,0.039,188,302.06850282485874,0.014,0.1,0.21,76.0,69.0,0.4,0.249,0.687,0.064,1222811,0.42,960000000,371.6930421127606
0.021,44.1,37561.0,Morocco,36.0,11018.0,49822651702,0.053,88,302.06850282485874,0.038,0.0,0.126,70.0,67.0,0.2,0.32,0.631,0.049,29586937,0.543,3802000000,422.50174286056756
0.045,44.1,1918.0,Mozambique,153.0,8063.0,4666197195,0.064,15,302.06850282485874,0.099,0.0,0.247,49.0,46.0,0.0,0.444,0.525,0.032,19873460,0.296,106000000,352.0978457246973
0.03,44.1,1874.0,Namibia,85.0,1076.0,4931280096,0.065,162,302.06850282485874,0.049,0.0,0.147,56.0,52.0,0.1,0.401,0.565,0.033,1981237,0.347,383000000,339.6881621805503
0.052,44.1,880.0,Niger,35.0,77236.84089635854,2731416281,0.068,15,302.06850282485874,0.09,0.0,0.14810265957446808,53.0,53.0,0.0,0.486,0.489,0.025,12254040,0.165,28000000,305.51796601229137
0.043,44.1,93138.0,Nigeria,36.0,99007.0,67655840108,0.075,39,302.06850282485874,0.103,0.0,0.207,48.0,47.0,0.0,0.435,0.538,0.028,132550146,0.374,58000000,460.2616213924098
0.039,44.1,682.0,Rwanda,18.0,77236.84089635854,1845979351,0.063,13,302.06850282485874,0.083,0.0,0.171,53.0,51.0,0.0,0.452,0.521,0.027,9126167,0.176,30000000,291.5080605814495
0.037,44.1,66.0,Sao Tome and Principe,39.99941792782305,77236.84089635854,101315400,0.118,78,302.06850282485874,0.052,0.1,0.296,66.0,62.0,0.0,0.426,0.534,0.04,147455,0.563,7400000,207.4549868938902
0.039,44.1,5013.0,Senegal,59.0,2556.0,6858952717,0.054,35,302.06850282485874,0.062,0.0,0.14810265957446808,61.0,58.0,0.1,0.445,0.524,0.032,10673535,0.408,269000000,348.7676880367186
0.018,44.1,557.0,Seychelles,39.99941792782305,77236.84089635854,703096503,0.048,403,302.06850282485874,0.012,0.1,0.106,76.0,66.0,0.6,0.258,0.664,0.078,82800,0.506,258000000,317.0000287821119
0.043,44.1,653.0,Sierra Leone,26.0,77236.84089635854,1371442566,0.155,45,302.06850282485874,0.133,0.0,0.2,41.0,40.0,0.0,0.428,0.548,0.024,4712763,0.364,60000000,304.6105859556485
0.047,44.1,576.0,Somalia,39.99941792782305,77236.84089635854,1001970945,0.06416951983298538,15,302.06850282485874,0.105,0.0,0.14810265957446808,53.0,50.0,0.0,0.476,0.495,0.029,8037706,0.344,26000000,252.6495062237185
0.023,44.1,380811.0,South Africa,38.0,117374.0,168219325184,0.086,310,302.06850282485874,0.053,0.1,0.15,54.0,51.0,0.4,0.316,0.645,0.039,46409243,0.584,6674000000,484.85229982290673
0.041,44.1,142307.10776470587,South Sudan,39.99941792782305,77236.84089635854,1001970945,0.06416951983298538,15,302.06850282485874,0.095,0.23974713551955748,0.14810265957446808,51.0,49.0,0.5781237682301931,0.444,0.525,0.031,7449905,0.169,26000000,252.6495062237185
0.039,44.1,9072.0,Sudan,39.99941792782305,14725.0,17646271397,0.038,23,302.06850282485874,0.064,0.0,0.14810265957446808,61.0,57.0,0.0,0.435,0.535,0.03,29973979,0.327,17000000,345.7604158059426
0.032,44.1,1041.0,Swaziland,39.99941792782305,77236.84089635854,1854020496,0.058,98,302.06850282485874,0.082,0.0,0.146,46.0,46.0,0.1,0.43,0.539,0.031,1087929,0.223,70000000,287.336564318558
0.042,44.1,3806.0,Tanzania,28.0,15491.0,11659129815,0.037,12,302.06850282485874,0.066,0.0,0.145,53.0,51.0,0.0,0.446,0.524,0.03,36760831,0.236,654000000,389.76380237597556
0.039,44.1,1463.0,Togo,65.0,2303.0,1673690390,0.056,18,302.06850282485874,0.072,0.0,0.14810265957446808,55.0,53.0,0.0,0.433,0.539,0.028,5258956,0.343,26000000,303.6804101832035
0.017,44.1,21397.0,Tunisia,11.0,8028.0,27453084983,0.054,151,302.06850282485874,0.022,0.1,0.14810265957446808,75.0,71.0,0.2,0.272,0.663,0.065,9839800,0.646,1935000000,387.6027100578271
0.047,44.1,1709.0,Uganda,34.0,77236.84089635854,6336696289,0.076,18,302.06850282485874,0.077,0.0,0.189,51.0,51.0,0.0,0.494,0.481,0.026,26838428,0.125,185000000,252.6495062237185
0.045,44.1,2101.0,Zambia,35.0,6828.0,4341841414,0.067,27,302.06850282485874,0.086,0.0,0.406,45.0,44.0,0.0,0.464,0.509,0.027,10894519,0.358,88000000,344.4900330352392
0.032,44.1,10627.0,Zimbabwe,97.0,9500.0,5727591778,0.06416951983298538,15,302.06850282485874,0.058,0.1,0.973,42.0,43.0,0.0,0.416,0.549,0.035,12673103,0.345,61000000,252.6495062237185
0.047,44.1,583.0,Afghanistan,39.99941792782305,77236.84089635854,4583648922,0.1,18,302.06850282485874,0.088,0.0,0.14810265957446808,57.0,55.0,0.0,0.494,0.485,0.02,23116142,0.222,26000000,252.6495062237185
0.014,44.1,3429.0,Armenia,18.0,1981.0,2807061009,0.056,51,302.06850282485874,0.023,0.0,0.208,76.0,69.0,0.0,0.233,0.655,0.112,3036032,0.643,90000000,338.2002485395387
0.014,44.1,30616.0,Azerbaijan,105.0,12158.0,7275766111,0.066,57,302.06850282485874,0.05,0.23974713551955748,0.155,71.0,65.0,0.1,0.28,0.658,0.062,8234100,0.52,70000000,346.0716949116229
0.025,44.1,33883.0,Bangladesh,50.0,21713.0,51913661485,0.03,11,302.06850282485874,0.056,0.0,0.16,67.0,66.0,0.0,0.354,0.605,0.042,139185986,0.254,59000000,391.2123974365836
0.025,44.1,378.0,Bhutan,62.0,77236.84089635854,622026107,0.051,51,302.06850282485874,0.051,0.0,0.15,63.0,62.0,0.0,0.365,0.595,0.04,616383,0.287,8000000,252.6495062237185
0.021,44.1,5357.0,Brunei Darussalam,39.99941792782305,2505.0,6557333067,0.031,575,302.06850282485874,0.008,0.2,0.055,79.0,75.0,0.5,0.295,0.675,0.03,353649,0.726,124000000,398.6456814482125
0.026,44.1,2380.0,Cambodia,94.0,4115.0,4658246907,0.073,26,302.06850282485874,0.063,0.0,0.14810265957446808,68.0,62.0,0.0,0.379,0.58,0.041,12934369,0.189,441000000,320.76291102306135
0.012,44.1,4525177.0,China,48.0,1427554.0,1640958734582,0.048,61,302.06850282485874,0.024,0.1,0.053,75.0,72.0,0.2,0.225,0.702,0.074,1288400000,0.398,18707000000,554.1142832446371
0.012,44.1,3773.0,Georgia,25.0,2705.0,3991374540,0.085,74,302.06850282485874,0.026,0.0,0.238,76.0,69.0,0.2,0.197,0.664,0.139,4328900,0.524,172000000,359.1521128474754
0.007,44.1,40066.0,"Hong Kong SAR, China",11.0,13608.0,161384522525,0.06416951983298538,15,302.06850282485874,0.032813011456628474,0.5,0.05,84.0,79.0,1.1,0.155,0.728,0.117,6730800,1.0,9004000000,536.4316210173854
0.024,44.1,1281914.0,India,89.0,489507.0,618356467438,0.043,24,302.06850282485874,0.06,0.0,0.115,65.0,62.0,0.0,0.33,0.624,0.046,1093786762,0.286,4560000000,492.9046246755108
0.021,44.1,316792.0,Indonesia,168.0,165366.0,234772458818,0.025,27,302.06850282485874,0.036,0.0,0.169,70.0,66.0,0.1,0.301,0.651,0.048,218145617,0.444,4461000000,493.3279875328947
0.009,44.1,1237429.0,Japan,31.0,506237.0,4302939184964,0.08,2693,302.06850282485874,0.003,0.5,0.018,85.0,78.0,0.7,0.141,0.672,0.188,127718000,0.832,11475000000,591.4971817341288
0.017,44.1,153816.0,Kazakhstan,26.0,43041.0,30833692831,0.037,77,302.06850282485874,0.032,0.0,0.14810265957446808,72.0,61.0,0.1,0.257,0.67,0.074,14909018,0.551,638000000,419.374829575068
0.016,44.1,77777.0,"Korea, Dem. Rep.",39.99941792782305,20027.0,1001970945,0.06416951983298538,15,302.06850282485874,0.03,0.23974713551955748,0.14810265957446808,71.0,64.0,0.5781237682301931,0.253,0.679,0.068,23449180,0.596,26000000,252.6495062237185
0.01,44.1,466215.0,"Korea, Rep.",17.0,202717.0,680520807982,0.052,695,302.06850282485874,0.005,0.7,0.062,81.0,74.0,0.7,0.199,0.716,0.085,47859311,0.807,7005000000,534.852210543692
0.021,44.1,5328.0,Kyrgyz Republic,21.0,2584.0,1919012781,0.054,21,302.06850282485874,0.037,0.0,0.191,72.0,65.0,0.0,0.326,0.617,0.057,5043300,0.353,62000000,301.746730169669
0.029,44.1,1129.0,Lao PDR,153.0,77236.84089635854,2023324407,0.049,18,302.06850282485874,0.075,0.0,0.305,65.0,62.0,0.0,0.418,0.545,0.037,5619069,0.251,77000000,237.92904148442395
0.008,44.1,1536.0,"Macao SAR, China",39.99941792782305,77236.84089635854,7926373572,0.06416951983298538,15,302.06850282485874,0.032813011456628474,0.3,0.06,81.0,76.0,0.8,0.197,0.73,0.074,450711,1.0,5225000000,398.81562418081296
0.02,44.1,160266.0,Malaysia,37.0,54619.0,110202368421,0.039,172,302.06850282485874,0.007,0.4,0.063,76.0,71.0,0.4,0.315,0.644,0.042,24890654,0.648,6799000000,481.68552866975097
0.022,44.1,598.0,Maldives,13.0,77236.84089635854,949867662,0.06,199,302.06850282485874,0.025,0.1,0.14,74.0,71.0,0.2,0.37,0.587,0.043,287594,0.313,402000000,320.76291102306135
0.019,44.1,8034.0,Mongolia,20.0,2525.0,1595297301,0.074,48,302.06850282485874,0.042,0.23974713551955748,0.319,68.0,61.0,0.1,0.311,0.652,0.037,2468595,0.604,154000000,352.88839269357914
0.02,44.1,9846.0,Myanmar,39.99941792782305,14064.0,1001970945,0.023,4,302.06850282485874,0.054,0.0,0.15,65.0,61.0,0.0,0.29,0.661,0.048,49577152,0.281,70000000,302.72622838391936
0.03,44.1,2952.0,Nepal,31.0,8707.0,6330476435,0.054,14,302.06850282485874,0.052,0.0,0.074,65.0,63.0,0.0,0.399,0.559,0.041,24525527,0.146,232000000,345.7604158059426
0.029,44.1,118895.0,Pakistan,24.0,68695.0,83244801093,0.029,16,302.06850282485874,0.083,0.1,0.14810265957446808,65.0,64.0,0.0,0.395,0.564,0.04,152419974,0.341,620000000,435.7350942333443
0.028,44.1,71532.0,Philippines,49.0,38822.0,83908205720,0.032,33,302.06850282485874,0.029,0.0,0.095,71.0,64.0,0.3,0.377,0.59,0.033,82604681,0.471,1821000000,450.4341881535784
0.011,44.1,31133.0,Singapore,8.0,25634.0,97002305536,0.036,823,302.06850282485874,0.003,0.5,0.053,82.0,77.0,0.8,0.201,0.72,0.079,4114800,1.0,3842000000,522.0929044855878
0.019,44.1,10660.0,Sri Lanka,58.0,8682.0,18881765437,0.039,38,302.06850282485874,0.013,0.0,0.103,77.0,70.0,0.1,0.258,0.675,0.067,19173000,0.184,709000000,398.0454116598948
0.029,44.1,2076.0,Tajikistan,39.99941792782305,2170.0,1554125543,0.045,11,302.06850282485874,0.061,0.0,0.167,69.0,61.0,0.0,0.402,0.561,0.037,6529609,0.264,6200000,211.91930330387282
0.013,44.1,232198.0,Thailand,33.0,89107.0,142640079033,0.036,79,302.06850282485874,0.017,0.1,0.059,75.0,68.0,0.3,0.231,0.696,0.073,64488338,0.35,10456000000,483.4205805670548
0.039,44.1,161.0,Timor-Leste,39.99941792782305,77236.84089635854,436500000,0.075,24,302.06850282485874,0.072,0.23974713551955748,0.167,63.0,60.0,0.0,0.491,0.483,0.026,933369,0.253,26000000,252.6495062237185
0.023,44.1,42215.0,Turkmenistan,39.99941792782305,17629.0,5977440583,0.038,95,302.06850282485874,0.062,0.0,0.14810265957446808,68.0,60.0,0.0,0.342,0.613,0.045,4648037,0.466,26000000,252.6495062237185
0.02,44.1,122683.0,Uzbekistan,29.0,51412.0,10128112401,0.052,20,302.06850282485874,0.049,0.0,0.14810265957446808,71.0,64.0,0.0,0.349,0.605,0.046,25567650,0.37,48000000,252.6495062237185
0.017,44.1,78767.0,Vietnam,59.0,35111.0,42717072778,0.052,25,302.06850282485874,0.025,0.0,0.095,79.0,70.0,0.0,0.289,0.646,0.065,80468400,0.261,1400000000,252.6495062237185
0.016,44.1,4294.0,Albania,41.0,1976.0,5652325082,0.062,108,302.06850282485874,0.02,0.0,0.143,79.0,72.0,0.3,0.282,0.64,0.078,3033659,0.446,537000000,401.76280043916927
0.01,44.1,535.0,Andorra,39.99941792782305,77236.84089635854,1917948475,0.058,1891,302.06850282485874,0.003,0.1,0.14810265957446808,71.15926791277259,66.46183800623054,0.7,0.3030511272141707,0.6234814814814815,0.07346457326892109,75643,0.912,26000000,252.6495062237185
0.01,44.1,72317.0,Austria,25.0,32214.0,253945776524,0.103,3223,302.06850282485874,0.004,0.4,0.14810265957446808,82.0,76.0,0.9,0.165,0.678,0.157,8121423,0.658,15128000000,529.076394555013
0.009,44.1,53722.0,Belarus,79.0,26009.0,17825436035,0.066,120,302.06850282485874,0.009,0.23974713551955748,0.24,75.0,63.0,0.1,0.166,0.691,0.143,9797000,0.714,339000000,395.73752846765245
0.011,44.1,114836.0,Belgium,56.0,59242.0,311689616253,0.1,3000,302.06850282485874,0.004,0.5,0.069,81.0,75.0,0.8,0.173,0.655,0.172,10376133,0.973,8848000000,543.7603606151861
0.009,44.1,23238.0,Bosnia and Herzegovina,68.0,4400.0,8370020196,0.08,174,302.06850282485874,0.007,0.0,0.109,78.0,73.0,0.3,0.194,0.684,0.122,3895779,0.392,404000000,353.1484461045502
0.009,44.1,47308.0,Bulgaria,32.0,19399.0,20668176834,0.076,201,302.06850282485874,0.016,0.1,0.085,76.0,69.0,0.4,0.143,0.685,0.171,7823557,0.699,2051000000,445.48372327208557
0.009,44.1,23542.0,Croatia,29.0,8812.0,34143409062,0.064,495,302.06850282485874,0.006,0.2,0.116,78.0,71.0,0.6,0.164,0.67,0.166,4440000,0.56,6513000000,415.3185620634098
0.012,44.1,7748.0,Cyprus,39.99941792782305,2332.0,13319544758,0.068,1235,302.06850282485874,0.005,0.3,0.069,81.0,76.0,0.6,0.209,0.686,0.105,998142,0.686,2325000000,414.79802466133356
0.009,44.1,122379.0,Czech Republic,40.0,44415.0,95292530753,0.071,666,302.06850282485874,0.005,0.3,0.059,79.0,72.0,1.0,0.154,0.707,0.139,10193998,0.737,4069000000,462.302187118174
0.012,44.1,55735.0,Denmark,7.0,20087.0,212621855883,0.095,3756,302.06850282485874,0.004,0.8,0.14810265957446808,80.0,75.0,0.9,0.188,0.663,0.149,5390574,0.854,5271000000,511.62979923356204
0.01,44.1,17052.0,Estonia,72.0,5188.0,9845187817,0.049,352,302.06850282485874,0.007,0.5,0.055,77.0,66.0,0.8,0.161,0.676,0.163,1370720,0.69,883000000,392.7105338311317
0.022714893617021278,44.1,777.0,Faeroe Islands,39.99941792782305,77236.84089635854,1486861879,0.06416951983298538,15,302.06850282485874,0.032813011456628474,0.6,0.14810265957446808,82.0,77.0,0.8,0.3030511272141707,0.6234814814814815,0.07346457326892109,48308,0.387,26000000,252.6495062237185
0.011,44.1,68888.0,Finland,31.0,36747.0,164256207675,0.082,2572,302.06850282485874,0.003,0.7,0.041,82.0,75.0,0.9,0.177,0.668,0.155,5213014,0.826,2676000000,475.52021582653475
0.013,44.1,387591.0,France,41.0,265879.0,1792215124154,0.108,3137,302.06850282485874,0.004,0.4,0.066,83.0,76.0,0.7,0.186,0.651,0.163,62242474,0.766,45990000000,586.0335639171055
0.009,44.1,833406.0,Germany,45.0,338070.0,2423814898420,0.109,3206,302.06850282485874,0.004,0.6,0.14810265957446808,81.0,76.0,0.8,0.148,0.673,0.179,82534176,0.732,30104000000,625.8253843586525
0.01,44.1,95738.0,Greece,38.0,29141.0,192850270290,0.089,1579,302.06850282485874,0.006,0.2,0.068,81.0,77.0,0.8,0.146,0.674,0.18,11018324,0.737,10842000000,467.201911564723
0.009,44.1,59072.0,Hungary,52.0,26136.0,83538373061,0.086,706,302.06850282485874,0.008,0.2,0.096,77.0,68.0,0.8,0.16,0.685,0.155,10129552,0.655,4119000000,471.6071371196455
0.014,44.1,2167.0,Iceland,39.99941792782305,3273.0,10969898924,0.106,4020,302.06850282485874,0.003,0.8,0.12,83.0,80.0,1.0,0.225,0.658,0.117,289521,0.928,486000000,403.08601911335944
0.015,44.1,43337.0,Ireland,18.0,14061.0,158730360073,0.073,2918,302.06850282485874,0.005,0.3,0.028,81.0,76.0,0.9,0.208,0.681,0.111,3996521,0.599,5206000000,497.2242750530485
0.022714893617021278,44.1,142307.10776470587,Isle of Man,39.99941792782305,77236.84089635854,2264911807,0.06416951983298538,15,302.06850282485874,0.032813011456628474,0.23974713551955748,0.14810265957446808,71.15926791277259,66.46183800623054,0.5781237682301931,0.3030511272141707,0.6234814814814815,0.07346457326892109,79001,0.519,26000000,252.6495062237185
0.009,44.1,468349.0,Italy,23.0,179423.0,1514503536381,0.082,2157,302.06850282485874,0.004,0.3,0.058,83.0,77.0,1.0,0.142,0.667,0.192,57313203,0.675,32591000000,570.7343957022276
0.018,44.1,142307.10776470587,Kosovo,39.99941792782305,1994.0,3355083117,0.06416951983298538,15,302.06850282485874,0.032813011456628474,0.23974713551955748,0.14810265957446808,71.0,66.0,0.5781237682301931,0.3030511272141707,0.6234814814814815,0.07346457326892109,1703466,0.5629525765496639,26000000,252.6495062237185
0.009,44.1,7088.0,Latvia,16.0,4324.0,11186452601,0.062,295,302.06850282485874,0.012,0.3,0.054,77.0,66.0,0.5,0.158,0.679,0.163,2287955,0.678,271000000,388.6973092267104
0.01,44.1,142307.10776470587,Liechtenstein,39.99941792782305,77236.84089635854,3070803431,0.06416951983298538,15,302.06850282485874,0.032813011456628474,0.6,0.14810265957446808,82.0,78.0,0.7,0.3030511272141707,0.6234814814814815,0.07346457326892109,34141,0.149,26000000,252.6495062237185
0.009,44.1,12915.0,Lithuania,26.0,9253.0,18608709857,0.065,351,302.06850282485874,0.009,0.3,0.058,78.0,67.0,0.6,0.18,0.673,0.147,3415213,0.667,700000000,399.23750029724266
0.012,44.1,9905.0,Luxembourg,39.99941792782305,3843.0,29144582393,0.077,4984,302.06850282485874,0.003,0.5,0.14810265957446808,81.0,75.0,1.2,0.189,0.668,0.144,451630,0.857,3149000000,467.3081331535388
0.012,44.1,11309.0,"Macedonia, FYR",48.0,2776.0,4756221629,0.093,212,302.06850282485874,0.013,0.2,0.16,76.0,71.0,0.4,0.208,0.684,0.108,2080866,0.579,86000000,326.8209699135724
0.01,44.1,2582.0,Malta,39.99941792782305,826.0,5119621569,0.082,1074,302.06850282485874,0.006,0.3,0.059,81.0,76.0,0.7,0.185,0.691,0.123,398582,0.932,869000000,372.0185050015224
0.012,44.1,4290.0,Moldova,42.0,3360.0,1980901554,0.083,46,302.06850282485874,0.021,0.1,0.193,72.0,64.0,0.1,0.208,0.683,0.108,3612874,0.455,79000000,345.4466516744021
0.022714893617021278,44.1,142307.10776470587,Monaco,39.99941792782305,77236.84089635854,3588988601,0.039,4216,302.06850282485874,0.004,0.5,0.14810265957446808,71.15926791277259,66.46183800623054,0.5,0.3030511272141707,0.6234814814814815,0.07346457326892109,32968,1.0,26000000,252.6495062237185
0.013,44.1,142307.10776470587,Montenegro,39.99941792782305,77236.84089635854,1707662608,0.091,254,302.06850282485874,0.011,0.23974713551955748,0.14810265957446808,76.0,71.0,0.5781237682301931,0.205,0.67,0.125,613448,0.616,26000000,252.6495062237185
0.012,44.1,175041.0,Netherlands,9.0,78010.0,538312641084,0.098,3249,302.06850282485874,0.005,0.6,0.03,81.0,76.0,0.8,0.186,0.676,0.138,16225302,0.803,14603000000,551.7221752623701
0.012,44.1,42625.0,Norway,18.0,27020.0,224880794328,0.106,5220,302.06850282485874,0.004,0.8,0.047,82.0,77.0,0.9,0.199,0.653,0.148,4564855,0.772,2989000000,514.4645104993904
0.009,44.1,304856.0,Poland,31.0,91105.0,216800888642,0.062,354,302.06850282485874,0.007,0.2,0.073,79.0,71.0,0.5,0.174,0.696,0.13,38204570,0.617,4733000000,480.17680169298796
0.011,44.1,61276.0,Portugal,78.0,25129.0,161931941309,0.097,1514,302.06850282485874,0.004,0.3,0.14810265957446808,81.0,74.0,1.0,0.158,0.674,0.168,10458821,0.563,7634000000,475.93174987932053
0.01,44.1,95940.0,Romania,29.0,39525.0,59466017706,0.053,146,302.06850282485874,0.021,0.1,0.254,75.0,68.0,0.3,0.166,0.691,0.143,21574326,0.529,523000000,406.61309151836787
0.01,44.1,1604973.0,Russian Federation,43.0,645323.0,430347770733,0.056,167,302.06850282485874,0.017,0.1,0.13,72.0,59.0,0.2,0.162,0.705,0.134,144667468,0.734,5879000000,543.8472800246388
0.022714893617021278,44.1,142307.10776470587,San Marino,39.99941792782305,77236.84089635854,1122981525,0.051,2837,302.06850282485874,0.004,0.5,0.075,85.0,78.0,0.6,0.3030511272141707,0.6234814814814815,0.07346457326892109,28700,0.94,26000000,252.6495062237185
0.011,44.1,142307.10776470587,Serbia,56.0,16635.0,19550781969,0.088,171,302.06850282485874,0.009,0.23974713551955748,0.155,75.0,70.0,0.5781237682301931,0.189,0.674,0.137,7480591,0.54,159000000,352.88839269357914
0.01,44.1,39494.0,Slovak Republic,103.0,18639.0,45837416479,0.058,360,302.06850282485874,0.009,0.4,0.085,78.0,70.0,0.7,0.179,0.706,0.116,5373374,0.559,876000000,412.5276264103847
0.009,44.1,15500.0,Slovenia,60.0,6912.0,29152072068,0.086,1263,302.06850282485874,0.004,0.3,0.108,81.0,73.0,0.9,0.147,0.703,0.15,1995733,0.507,1427000000,420.5105066601612
0.01,44.1,321097.0,Spain,114.0,133196.0,883839729120,0.082,1730,302.06850282485874,0.005,0.4,0.14810265957446808,83.0,76.0,0.9,0.145,0.687,0.169,42187645,0.768,43863000000,535.9558324473269
0.011,44.1,54781.0,Sweden,16.0,50618.0,314713404153,0.093,3277,302.06850282485874,0.003,0.8,0.048,82.0,78.0,1.0,0.179,0.649,0.172,8958229,0.842,6548000000,527.2218675395438
0.01,44.1,40205.0,Switzerland,20.0,25996.0,334574926429,0.109,5002,302.06850282485874,0.004,0.7,0.033,83.0,78.0,0.8,0.168,0.676,0.156,7339001,0.734,10493000000,523.3413267717993
0.02,44.1,218509.0,Turkey,38.0,77833.0,303005303082,0.053,232,302.06850282485874,0.029,0.1,0.14810265957446808,75.0,68.0,0.4,0.293,0.643,0.064,65938265,0.666,13203000000,461.0199261852005
0.009,44.1,352259.0,Ukraine,40.0,144641.0,50132953288,0.069,73,302.06850282485874,0.014,0.0,0.179,74.0,63.0,0.1,0.156,0.693,0.15,47812950,0.674,1204000000,427.46081289705415
0.012,44.1,540640.0,United Kingdom,13.0,222080.0,1875141224490,0.078,2444,302.06850282485874,0.005,0.6,0.037,81.0,76.0,0.9,0.183,0.658,0.159,59647577,0.793,30736000000,614.7653051215611
0.02,44.1,16468.0,Bahrain,39.99941792782305,6752.0,11075116594,0.037,536,302.06850282485874,0.01,0.2,0.083,76.0,74.0,0.6,0.294,0.683,0.023,772058,0.884,1206000000,400.55976675942077
0.018,44.1,418859.0,"Iran, Islamic Rep.",29.0,142649.0,135409681532,0.047,97,302.06850282485874,0.024,0.1,0.14810265957446808,72.0,70.0,0.1,0.289,0.664,0.047,68543171,0.662,1266000000,490.14059012053906
0.035,44.1,91118.0,Iraq,39.99941792782305,27086.0,1001970945,0.044,16,302.06850282485874,0.034,0.0,0.14810265957446808,73.0,68.0,0.0,0.422,0.543,0.035,25959531,0.687,26000000,252.6495062237185
0.022,44.1,65122.0,Israel,20.0,19730.0,118673283415,0.077,1364,302.06850282485874,0.005,0.2,0.106,82.0,78.0,1.0,0.28,0.62,0.1,6689700,0.914,2473000000,480.90454920250363
0.03,44.1,17470.0,Jordan,79.0,5176.0,10193023726,0.092,187,302.06850282485874,0.022,0.1,0.093,74.0,71.0,0.3,0.387,0.582,0.031,5164000,0.806,1266000000,401.44533246479364
0.022,44.1,61657.0,Kuwait,35.0,22001.0,47875837662,0.032,728,302.06850282485874,0.01,0.2,0.054,75.0,73.0,0.7,0.256,0.71,0.034,2116353,0.982,328000000,485.98298074801494
0.016,44.1,18221.0,Lebanon,46.0,5220.0,20082918740,0.093,498,302.06850282485874,0.014,0.1,0.134,78.0,74.0,0.2,0.284,0.643,0.073,3690110,0.863,6782000000,480.6148321613747
0.022,44.1,32391.0,Oman,35.0,9350.0,21542262852,0.032,294,302.06850282485874,0.012,0.1,0.082,76.0,72.0,0.2,0.364,0.612,0.025,2389121,0.715,546000000,420.459529074214
0.017,44.1,36157.0,Qatar,39.99941792782305,14185.0,23533790531,0.041,1476,302.06850282485874,0.01,0.2,0.14810265957446808,78.0,76.0,0.6,0.269,0.716,0.015,660238,0.969,369000000,398.81562418081296
0.024,44.1,327272.0,Saudi Arabia,74.0,121382.0,214572800000,0.04,384,302.06850282485874,0.018,0.1,0.14810265957446808,75.0,72.0,0.3,0.359,0.608,0.033,22852333,0.805,3418000000,490.6217075975954
0.028,44.1,54286.0,Syrian Arab Republic,43.0,16543.0,21828144686,0.051,60,302.06850282485874,0.018,0.0,0.075,76.0,72.0,0.1,0.396,0.57,0.034,17298476,0.53,877000000,416.73219573684645
0.016,44.1,106842.0,United Arab Emirates,19.0,40190.0,124346361619,0.026,968,302.06850282485874,0.009,0.3,0.14810265957446808,76.0,74.0,0.9,0.234,0.756,0.01,3369254,0.815,1438000000,488.3436691446646
0.037,44.1,17305.0,"Yemen, Rep.",72.0,5667.0,11777768087,0.05,35,302.06850282485874,0.061,0.0,0.18,63.0,60.0,0.0,0.47,0.503,0.027,19081306,0.278,139000000,350.1894818973881
0.022714893617021278,44.1,142307.10776470587,American Samoa,39.99941792782305,77236.84089635854,1001970945,0.06416951983298538,15,302.06850282485874,0.032813011456628474,0.23974713551955748,0.14810265957446808,71.15926791277259,66.46183800623054,0.0,0.3030511272141707,0.6234814814814815,0.07346457326892109,59117,0.883,26000000,252.6495062237185
0.013,44.1,346476.0,Australia,3.0,110814.0,466663366337,0.083,2323,302.06850282485874,0.005,0.23974713551955748,0.084,83.0,78.0,0.7,0.202,0.671,0.127,19895400,0.877,16647000000,530.8075297756992
0.024,44.1,862.0,Fiji,45.0,77236.84089635854,2315935753,0.034,95,302.06850282485874,0.02,0.1,0.076,71.0,66.0,0.1,0.324,0.638,0.038,817224,0.491,496000000,334.6282654072223
0.019,44.1,799.0,French Polynesia,39.99941792782305,77236.84089635854,1001970945,0.06416951983298538,15,302.06850282485874,0.032813011456628474,0.1,0.14810265957446808,76.0,71.0,0.2,0.294,0.659,0.046,248536,0.56,651000000,385.322809431138
0.02,44.1,142307.10776470587,Guam,39.99941792782305,77236.84089635854,1001970945,0.06416951983298538,15,302.06850282485874,0.032813011456628474,0.3,0.14810265957446808,79.0,74.0,0.5,0.3,0.64,0.06,157823,0.934,26000000,252.6495062237185
0.026,44.1,40.0,Kiribati,21.0,77236.84089635854,90148518,0.096,103,302.06850282485874,0.051,0.0,0.14810265957446808,69.0,63.0,0.0,0.383,0.582,0.035,87371,0.435,26000000,252.6495062237185
0.022714893617021278,44.1,84.0,Marshall Islands,17.0,77236.84089635854,126887585,0.173,411,302.06850282485874,0.033,0.0,0.14810265957446808,71.15926791277259,66.46183800623054,0.0,0.3030511272141707,0.6234814814814815,0.07346457326892109,52115,0.693,4000000,159.05096858823447
0.028,44.1,147.0,"Micronesia, Fed. Sts.",16.0,77236.84089635854,244990984,0.095,218,302.06850282485874,0.039,0.1,0.15,68.0,67.0,0.1,0.393,0.568,0.039,106816,0.223,17000000,243.586882904119
0.018,44.1,2750.0,New Caledonia,39.99941792782305,77236.84089635854,1001970945,0.06416951983298538,15,302.06850282485874,0.032813011456628474,0.3,0.14810265957446808,79.0,72.0,0.4,0.278,0.659,0.063,225735,0.629,196000000,348.4770806283819
0.014,44.1,33938.0,New Zealand,12.0,16847.0,87440435752,0.079,1602,302.06850282485874,0.006,0.6,0.07,81.0,77.0,0.6,0.221,0.661,0.119,4027200,0.86,4232000000,450.4341881535784
0.034,44.1,3968.0,Papua New Guinea,51.0,77236.84089635854,3536459120,0.041,25,302.06850282485874,0.057,0.0,0.134,62.0,58.0,0.0,0.401,0.573,0.026,5803302,0.131,4900000,315.6575582064916
0.03,44.1,150.0,Samoa,42.0,77236.84089635854,301905953,0.051,93,302.06850282485874,0.017,0.0,0.113,74.0,67.0,0.1,0.401,0.552,0.047,177677,0.217,54000000,252.6495062237185
0.035,44.1,180.0,Solomon Islands,56.0,77236.84089635854,332736307,0.06,45,302.06850282485874,0.029,0.0,0.147,66.0,63.0,0.0,0.415,0.556,0.029,446335,0.17,1600000,245.60558807294595
0.029,44.1,176.0,Tonga,32.0,77236.84089635854,208098552,0.051,106,302.06850282485874,0.014,0.0,0.113,74.0,69.0,0.1,0.382,0.559,0.06,99691,0.231,10300000,268.81987905127465
0.031,44.1,81.0,Vanuatu,39.0,77236.84089635854,314463144,0.037,58,302.06850282485874,0.018,0.0,0.059,71.0,67.0,0.0,0.404,0.564,0.032,198952,0.225,83000000,270.75280671761607
0.019,44.1,389.0,Antigua and Barbuda,39.99941792782305,77236.84089635854,849234754,0.044,457,302.06850282485874,0.012,0.2,0.128,77.0,72.0,0.6,0.288,0.64,0.071,80904,0.305,300000000,301.746730169669
0.018,44.1,133127.0,Argentina,66.0,59047.0,156988741752,0.082,280,302.06850282485874,0.017,0.1,0.191,78.0,71.0,0.2,0.27,0.629,0.101,37970411,0.897,2306000000,476.150700352048
0.013,44.1,2255.0,Aruba,39.99941792782305,77236.84089635854,2021301676,0.06416951983298538,15,302.06850282485874,0.032813011456628474,0.2,0.115,76.0,72.0,0.7,0.221,0.698,0.081,97015,0.456,858000000,367.7497628827629
0.016,44.1,1518.0,"Bahamas, The",39.99941792782305,77236.84089635854,6949317000,0.056,1237,302.06850282485874,0.013,0.2,0.06,76.0,70.0,0.4,0.271,0.67,0.059,315624,0.822,1770000000,392.7105338311317
0.013,44.1,1269.0,Barbados,39.99941792782305,77236.84089635854,3271200000,0.071,702,302.06850282485874,0.015,0.4,0.085,76.0,71.0,0.5,0.211,0.677,0.112,270844,0.333,767000000,355.1697743329197
0.028,44.1,374.0,Belize,39.99941792782305,77236.84089635854,990350000,0.045,174,302.06850282485874,0.019,0.23974713551955748,0.143,75.0,68.0,0.2,0.388,0.57,0.042,258346,0.469,150000000,314.26544695030617
0.013,44.1,510.0,Bermuda,39.99941792782305,77236.84089635854,4186525000,0.06416951983298538,15,302.06850282485874,0.032813011456628474,0.6,0.14810265957446808,81.0,76.0,0.6,0.3030511272141707,0.6234814814814815,0.07346457326892109,63325,1.0,348000000,373.6078947785914
0.03,44.1,14129.0,Bolivia,60.0,3688.0,8082396526,0.056,50,302.06850282485874,0.049,0.0,0.177,66.0,62.0,0.1,0.39,0.567,0.043,9016787,0.633,243000000,364.7608875989806
0.019,44.1,321622.0,Brazil,152.0,198976.0,552469288268,0.07,214,302.06850282485874,0.024,0.1,0.671,75.0,67.0,0.3,0.283,0.658,0.059,181752951,0.822,2673000000,474.3235614824869
0.011,44.1,553185.0,Canada,3.0,262038.0,887751766469,0.098,2680,302.06850282485874,0.005,0.6,0.047,82.0,77.0,0.4,0.183,0.689,0.129,31676000,0.8,12236000000,552.9544226535594
0.022714893617021278,44.1,480.0,Cayman Islands,39.99941792782305,77236.84089635854,1001970945,0.06416951983298538,15,302.06850282485874,0.032813011456628474,0.23974713551955748,0.14810265957446808,71.15926791277259,66.46183800623054,0.5,0.3030511272141707,0.6234814814814815,0.07346457326892109,46032,1.0,518000000,252.6495062237185
0.016,44.1,55078.0,Chile,27.0,25833.0,77840186385,0.071,338,302.06850282485874,0.008,0.3,0.062,81.0,75.0,0.5,0.261,0.662,0.077,15995658,0.869,1309000000,433.7524553239708
0.022,44.1,57422.0,Colombia,60.0,25736.0,94684582573,0.059,134,302.06850282485874,0.02,0.1,0.152,76.0,68.0,0.1,0.316,0.635,0.049,41872051,0.73,1191000000,441.9509475167787
0.018,44.1,6626.0,Costa Rica,77.0,3297.0,17517536016,0.081,343,302.06850282485874,0.009,0.2,0.256,81.0,76.0,0.2,0.293,0.65,0.057,4171145,0.631,1424000000,395.5546237417442
0.012,44.1,25486.0,Cuba,39.99941792782305,11662.0,35901500000,0.063,202,302.06850282485874,0.006,0.1,0.14810265957446808,79.0,75.0,0.0,0.204,0.691,0.105,11245926,0.759,1999000000,252.6495062237185
0.022714893617021278,44.1,142307.10776470587,Curacao,39.99941792782305,77236.84089635854,1001970945,0.06416951983298538,15,302.06850282485874,0.032813011456628474,0.23974713551955748,0.14810265957446808,71.15926791277259,66.46183800623054,0.5781237682301931,0.225,0.66,0.114,131253,0.908,223000000,360.4679893823877
0.022714893617021278,44.1,114.0,Dominica,39.99941792782305,77236.84089635854,340803913,0.049,240,302.06850282485874,0.013,0.2,0.115,71.15926791277259,66.46183800623054,0.3,0.3030511272141707,0.6234814814814815,0.07346457326892109,70058,0.66,52000000,256.4076900716723
0.024,44.1,21888.0,Dominican Republic,77.0,7479.0,21268012747,0.065,143,302.06850282485874,0.031,0.1,0.314,74.0,68.0,0.2,0.338,0.607,0.055,9071318,0.646,3128000000,393.1011153459309
0.024,44.1,26523.0,Ecuador,92.0,9712.0,32432859000,0.067,164,302.06850282485874,0.026,0.0,0.136,77.0,71.0,0.2,0.334,0.612,0.054,13279806,0.613,408000000,401.2056534690417
0.022,44.1,6553.0,El Salvador,115.0,4418.0,15046700000,0.073,182,302.06850282485874,0.023,0.0,0.14810265957446808,75.0,66.0,0.2,0.369,0.572,0.059,6029366,0.606,664000000,382.40989393516435
0.016,44.1,532.0,Greenland,39.99941792782305,77236.84089635854,1426452030,0.06416951983298538,15,302.06850282485874,0.032813011456628474,0.5,0.14810265957446808,71.0,66.0,0.5,0.3030511272141707,0.6234814814814815,0.07346457326892109,56765,0.823,26000000,252.6495062237185
0.019,44.1,216.0,Grenada,39.99941792782305,77236.84089635854,596339089,0.062,359,302.06850282485874,0.013,0.2,0.12,73.0,69.0,0.4,0.319,0.603,0.077,102369,0.36,104000000,252.6495062237185
0.035,44.1,10502.0,Guatemala,39.0,7436.0,21917565500,0.064,116,302.06850282485874,0.036,0.0,0.15,73.0,66.0,0.2,0.436,0.522,0.042,12062835,0.463,646000000,389.55268141584764
0.022,44.1,1566.0,Guyana,39.99941792782305,77236.84089635854,741929343,0.056,55,302.06850282485874,0.037,0.23974713551955748,0.15,68.0,61.0,0.2,0.36,0.599,0.041,753612,0.284,28000000,296.4150334261763
0.03,44.1,1734.0,Haiti,202.0,2218.0,2826481072,0.053,17,302.06850282485874,0.069,0.0,0.442,60.0,57.0,0.0,0.389,0.57,0.041,8996229,0.406,96000000,365.7188949497338
0.03,44.1,6769.0,Honduras,62.0,3647.0,8140294080,0.083,103,302.06850282485874,0.028,0.0,0.208,74.0,69.0,0.1,0.409,0.55,0.041,6628171,0.472,372000000,377.4720004917818
0.017,44.1,10722.0,Jamaica,31.0,3728.0,9430236065,0.046,162,302.06850282485874,0.019,0.1,0.189,74.0,68.0,0.6,0.318,0.606,0.076,2624695,0.524,1621000000,376.75671580988666
0.023,44.1,405633.0,Mexico,58.0,153665.0,713284260880,0.058,397,302.06850282485874,0.018,0.1,0.07,78.0,73.0,0.3,0.33,0.618,0.051,108056312,0.757,10058000000,515.4962787409817
0.026,44.1,4411.0,Nicaragua,46.0,2758.0,5322437648,0.061,61,302.06850282485874,0.029,0.0,0.155,74.0,68.0,0.1,0.391,0.57,0.039,5317878,0.555,160000000,351.56191868608573
0.023,44.1,6153.0,Panama,18.0,2649.0,12933200000,0.076,303,302.06850282485874,0.02,0.1,0.099,78.0,73.0,0.2,0.313,0.629,0.058,3240805,0.631,804000000,376.46706535355753
0.027,44.1,4070.0,Paraguay,74.0,3965.0,6588103836,0.061,71,302.06850282485874,0.025,0.0,0.5,73.0,69.0,0.3,0.368,0.586,0.046,5682350,0.569,81000000,344.4900330352392
0.023,44.1,26380.0,Peru,98.0,11638.0,57840001637,0.045,102,302.06850282485874,0.025,0.1,0.21,74.0,69.0,0.1,0.328,0.62,0.052,27073334,0.742,1023000000,422.59893453323656
0.013,44.1,142307.10776470587,Puerto Rico,7.0,77236.84089635854,75833996000,0.06416951983298538,15,302.06850282485874,0.032813011456628474,0.2,0.14810265957446808,82.0,74.0,0.5,0.227,0.654,0.118,3826095,0.942,2677000000,444.1102183560247
0.022714893617021278,44.1,142307.10776470587,Sint Maarten (Dutch part),39.99941792782305,77236.84089635854,1001970945,0.06416951983298538,15,302.06850282485874,0.032813011456628474,0.23974713551955748,0.14810265957446808,71.15926791277259,66.46183800623054,0.5781237682301931,0.3030511272141707,0.6234814814814815,0.07346457326892109,33791,1.0,538000000,352.88839269357914
0.022714893617021278,44.1,220.0,St. Kitts and Nevis,39.99941792782305,77236.84089635854,461576906,0.037,359,302.06850282485874,0.012,0.2,0.122,71.15926791277259,66.46183800623054,0.5,0.3030511272141707,0.6234814814814815,0.07346457326892109,47679,0.323,75000000,252.6495062237185
0.018,44.1,359.0,St. Lucia,39.99941792782305,77236.84089635854,781338353,0.062,299,302.06850282485874,0.015,0.2,0.15,74.0,70.0,0.6,0.3,0.628,0.072,161766,0.252,282000000,302.72622838391936
0.017,44.1,142307.10776470587,St. Martin (French part),39.99941792782305,77236.84089635854,1001970945,0.06416951983298538,15,302.06850282485874,0.032813011456628474,0.23974713551955748,0.14810265957446808,81.0,74.0,0.5781237682301931,0.3030511272141707,0.6234814814814815,0.07346457326892109,27363,0.5629525765496639,26000000,252.6495062237185
0.019,44.1,194.0,St. Vincent and the Grenadines,39.99941792782305,77236.84089635854,482397041,0.039,174,302.06850282485874,0.019,0.1,0.118,73.0,69.0,0.6,0.296,0.632,0.072,108353,0.463,91000000,268.3194695609425
0.021,44.1,2241.0,Suriname,39.99941792782305,77236.84089635854,1271196078,0.066,173,302.06850282485874,0.028,0.0,0.21,72.0,65.0,0.3,0.301,0.639,0.059,486867,0.667,18000000,325.2618842822488
0.015,44.1,27697.0,Trinidad and Tobago,39.99941792782305,13541.0,11235960523,0.051,449,302.06850282485874,0.025,0.3,0.112,73.0,65.0,0.3,0.23,0.701,0.069,1283868,0.102,437000000,352.62662383774034
0.022714893617021278,44.1,103.0,Turks and Caicos Islands,39.99941792782305,77236.84089635854,1001970945,0.06416951983298538,15,302.06850282485874,0.032813011456628474,0.23974713551955748,0.14810265957446808,71.15926791277259,66.46183800623054,0.5781237682301931,0.3030511272141707,0.6234814814814815,0.07346457326892109,23412,0.866,26000000,252.6495062237185
0.014,44.1,5681664.0,United States,6.0,2261151.0,11512200000000,0.156,5993,302.06850282485874,0.007,0.6,0.041,80.0,75.0,0.5,0.209,0.669,0.123,290107933,0.796,101535000000,631.5718969456427
0.016,44.1,4598.0,Uruguay,45.0,2523.0,12045627411,0.097,351,302.06850282485874,0.013,0.2,0.589,79.0,72.0,0.2,0.242,0.625,0.134,3325411,0.928,419000000,371.6930421127606
0.023,44.1,192103.0,"Venezuela, RB",141.0,52881.0,83622191419,0.059,190,302.06850282485874,0.017,0.1,0.252,76.0,70.0,0.3,0.322,0.63,0.048,25797219,0.885,378000000,440.7503891152424
0.014,44.1,142307.10776470587,Virgin Islands (U.S.),39.99941792782305,77236.84089635854,1001970945,0.06416951983298538,15,302.06850282485874,0.032813011456628474,0.3,0.14810265957446808,81.0,75.0,0.5,0.238,0.666,0.096,108085,0.933,1257000000,252.6495062237185
0.02,44.1,89493.0,Algeria,25.0,30974.0,85324997370,0.035,90,302.06850282485874,0.03,0.0,0.08,71.0,68.0,0.1,0.297,0.66,0.043,33461345,0.631,178000000,386.0200531967374
0.05,44.1,18793.0,Angola,119.0,9676.0,19640862550,0.051,63,302.06850282485874,0.123,0.0,0.823,49.0,47.0,0.0,0.477,0.498,0.025,15976715,0.354,82000000,333.78770643820366
0.041,44.1,2512.0,Benin,31.0,2491.0,4050869968,0.046,23,302.06850282485874,0.078,0.0,0.14810265957446808,58.0,55.0,0.1,0.447,0.525,0.028,7922796,0.396,121000000,320.1611674037678
0.026,44.1,4378.0,Botswana,107.0,1857.0,8957491785,0.049,268,302.06850282485874,0.046,0.0,0.158,48.0,47.0,0.3,0.362,0.607,0.032,1854739,0.548,582000000,378.3141764971215
0.045,44.1,1104.0,Burkina Faso,40.0,77236.84089635854,4838551014,0.061,24,302.06850282485874,0.089,0.0,0.14810265957446808,53.0,51.0,0.0,0.466,0.508,0.026,13034258,0.208,52000000,324.72772309108046
0.043,44.1,198.0,Burundi,13.0,77236.84089635854,915257323,0.097,9,302.06850282485874,0.079,0.0,0.183,51.0,48.0,0.0,0.461,0.512,0.028,7510771,0.091,1800000,295.2488365508221
0.041,44.1,3957.0,Cameroon,45.0,6959.0,15775356737,0.046,41,302.06850282485874,0.081,0.0,0.18,53.0,51.0,0.1,0.445,0.522,0.033,17674960,0.479,212000000,391.7177804397648
0.038,44.1,213.0,Central African Republic,22.0,77236.84089635854,1270080228,0.041,14,302.06850282485874,0.111,0.0,0.18,46.0,43.0,0.0,0.42,0.54,0.04,3893595,0.38,7800000,298.64148031774613
0.05,44.1,378.0,Chad,64.0,77236.84089635854,4414929142,0.051,23,302.06850282485874,0.102,0.0,0.18,48.0,47.0,0.0,0.492,0.481,0.027,9665024,0.218,26000000,252.6495062237185
0.039,44.1,103.0,Comoros,39.99941792782305,34.0,362420484,0.04,25,302.06850282485874,0.071,0.0,0.11,60.0,57.0,0.0,0.414,0.556,0.03,585389,0.279,21000000,256.4076900716723
0.046,44.1,1936.0,"Congo, Dem. Rep.",133.0,19231.0,10297481118,0.054,7,302.06850282485874,0.108,0.0,0.14810265957446808,49.0,46.0,0.0,0.463,0.509,0.028,52487293,0.37,26000000,252.6495062237185
0.039,44.1,1181.0,"Congo, Rep.",37.0,1020.0,4648628839,0.026,34,302.06850282485874,0.066,0.0,0.18,55.0,52.0,0.1,0.422,0.543,0.035,3448868,0.605,23100000,360.4679893823877
0.037,44.1,7664.0,Cote d'Ivoire,58.0,9302.0,15481092596,0.056,50,302.06850282485874,0.091,0.0,0.14810265957446808,48.0,46.0,0.1,0.423,0.548,0.029,17144325,0.462,91000000,406.54252710972526
0.029,44.1,458.0,Djibouti,39.99941792782305,133.0,666072102,0.068,57,302.06850282485874,0.073,0.0,0.112,59.0,56.0,0.0,0.381,0.586,0.033,765776,0.767,6800000,270.75280671761607
0.024,44.1,150912.0,"Egypt, Arab Rep.",37.0,53536.0,78845185709,0.053,57,302.06850282485874,0.027,0.1,0.134,72.0,67.0,0.1,0.33,0.616,0.054,70591288,0.43,6328000000,447.6184125060496
0.038,44.1,5218.0,Equatorial Guinea,39.99941792782305,762.0,4410764261,0.021,191,302.06850282485874,0.089,0.0,0.18,50.0,47.0,0.1,0.41,0.557,0.033,585983,0.388,26000000,252.6495062237185
0.04,44.1,770.0,Eritrea,91.0,744.0,1109054002,0.029,7,302.06850282485874,0.049,0.23974713551955748,0.14810265957446808,60.0,56.0,0.0,0.44,0.541,0.019,4665522,0.186,73000000,252.6495062237185
0.04,44.1,5244.0,Ethiopia,34.0,28377.0,9945571030,0.043,6,302.06850282485874,0.074,0.0,0.07,56.0,55.0,0.0,0.464,0.505,0.031,74066147,0.155,458000000,320.1611674037678
0.033,44.1,1767.0,Gabon,39.99941792782305,1629.0,7178135606,0.034,180,302.06850282485874,0.052,0.0,0.18,61.0,59.0,0.4,0.397,0.546,0.057,1347125,0.828,74000000,377.6135704850927
0.044,44.1,323.0,"Gambia, The",39.99941792782305,108.0,578785601,0.044,18,302.06850282485874,0.058,0.0,0.365,58.0,55.0,0.1,0.46,0.515,0.026,1391934,0.515,51000000,243.586882904119
0.034,44.1,7349.0,Ghana,22.0,8267.0,8881419348,0.061,26,302.06850282485874,0.059,0.0,0.14810265957446808,59.0,57.0,0.1,0.404,0.562,0.033,20835514,0.466,495000000,376.9007759169866
0.04,44.1,1342.0,Guinea,40.0,77236.84089635854,3666349049,0.053,20,302.06850282485874,0.088,0.0,0.14810265957446808,52.0,52.0,0.0,0.437,0.53,0.033,9379621,0.324,26000000,295.2488365508221
0.04,44.1,202.0,Guinea-Bissau,39.99941792782305,86.0,522651788,0.053,20,302.06850282485874,0.099,0.0,0.14810265957446808,53.0,51.0,0.0,0.43,0.54,0.029,1390791,0.4,2200000,286.2896920077554
0.039,44.1,7624.0,Kenya,47.0,15552.0,16095321631,0.043,20,302.06850282485874,0.063,0.0,0.125,55.0,53.0,0.1,0.429,0.543,0.027,34834606,0.213,799000000,342.1627519520008
0.029,44.1,142307.10776470587,Lesotho,93.0,28.0,1234197704,0.07,45,302.06850282485874,0.084,0.0,0.124,44.0,43.0,0.1,0.4,0.553,0.046,1912022,0.217,26000000,378.0353693411889
0.041,44.1,627.0,Liberia,39.99941792782305,77236.84089635854,467000000,0.088,13,302.06850282485874,0.09,0.0,0.181,55.0,53.0,0.0,0.433,0.537,0.03,3184643,0.457,59000000,295.2488365508221
0.023,44.1,50359.0,Libya,39.99941792782305,17796.0,33384615385,0.035,205,302.06850282485874,0.021,0.0,0.061,75.0,72.0,0.1,0.31,0.648,0.042,5507000,0.768,261000000,419.68754040720097
0.038,44.1,1808.0,Madagascar,44.0,77236.84089635854,4363934417,0.049,12,302.06850282485874,0.058,0.0,0.255,62.0,59.0,0.0,0.45,0.52,0.029,17763367,0.282,239000000,342.1627519520008
0.043,44.1,975.0,Malawi,39.0,77236.84089635854,2625127098,0.078,16,302.06850282485874,0.078,0.0,0.368,48.0,48.0,0.0,0.461,0.508,0.03,12569091,0.15,74000000,326.3083060590406
0.048,44.1,565.0,Mali,41.0,77236.84089635854,4874178417,0.063,27,302.06850282485874,0.101,0.0,0.14810265957446808,51.0,51.0,0.0,0.462,0.506,0.031,11572936,0.313,142000000,347.59218465107347
0.037,44.1,1632.0,Mauritania,82.0,77236.84089635854,1833445283,0.059,28,302.06850282485874,0.075,0.0,0.21,62.0,59.0,0.2,0.418,0.551,0.032,3055425,0.524,26000000,252.6495062237185
0.016,44.1,3194.0,Mauritius,46.0,1019.0,6385691315,0.042,227,302.06850282485874,0.014,0.1,0.21,76.0,69.0,0.5,0.246,0.689,0.065,1233386,0.418,1156000000,377.89525149729576
0.02,44.1,43311.0,Morocco,12.0,12221.0,56948015336,0.052,99,302.06850282485874,0.037,0.1,0.115,71.0,67.0,0.3,0.314,0.636,0.049,29855820,0.546,4540000000,425.64437298107737
0.044,44.1,1922.0,Mozambique,153.0,8375.0,5697991241,0.059,16,302.06850282485874,0.095,0.0,0.221,49.0,46.0,0.0,0.446,0.522,0.032,20438827,0.298,96000000,351.83078820459957
0.03,44.1,1962.0,Namibia,85.0,1163.0,6606866450,0.065,213,302.06850282485874,0.048,0.0,0.114,57.0,53.0,0.1,0.4,0.567,0.033,2003320,0.357,426000000,346.991018087239
0.052,44.1,964.0,Niger,35.0,77236.84089635854,3052898686,0.071,16,302.06850282485874,0.086,0.0,0.14810265957446808,53.0,53.0,0.0,0.488,0.487,0.025,12708897,0.166,32000000,308.11413513567896
0.043,44.1,97047.0,Nigeria,36.0,101751.0,87845403978,0.07,45,302.06850282485874,0.1,0.0,0.192,49.0,48.0,0.1,0.435,0.538,0.027,135999250,0.382,49000000,252.6495062237185
0.039,44.1,689.0,Rwanda,18.0,77236.84089635854,2089188921,0.058,13,302.06850282485874,0.075,0.0,0.165,55.0,52.0,0.0,0.446,0.528,0.026,9254379,0.184,44000000,297.54517416961835
0.038,44.1,73.0,Sao Tome and Principe,192.0,38.0,110723362,0.11,79,302.06850282485874,0.05,0.1,0.298,66.0,62.0,0.1,0.422,0.537,0.04,150842,0.571,7700000,211.91930330387282
0.039,44.1,5280.0,Senegal,59.0,2736.0,8031344240,0.057,42,302.06850282485874,0.059,0.0,0.14810265957446808,62.0,58.0,0.1,0.443,0.526,0.032,10967568,0.409,286000000,351.2912117448673
0.017,44.1,744.0,Seychelles,39.99941792782305,256.0,839319935,0.043,421,302.06850282485874,0.012,0.2,0.1,76.0,69.0,0.6,0.25,0.673,0.076,82500,0.508,256000000,316.3347702269611
0.042,44.1,642.0,Sierra Leone,26.0,77236.84089635854,1431208677,0.154,45,302.06850282485874,0.13,0.0,0.221,42.0,41.0,0.5781237682301931,0.427,0.549,0.024,4928175,0.366,58000000,296.4150334261763
0.047,44.1,576.0,Somalia,39.99941792782305,77236.84089635854,1001970945,0.06416951983298538,15,302.06850282485874,0.105,0.0,0.14810265957446808,54.0,51.0,0.1,0.477,0.494,0.029,8249965,0.348,26000000,252.6495062237185
0.023,44.1,427132.0,South Africa,38.0,128722.0,219092936699,0.089,410,302.06850282485874,0.052,0.1,0.113,53.0,51.0,0.4,0.312,0.647,0.042,47019452,0.59,7571000000,491.3812671202454
0.04,44.1,142307.10776470587,South Sudan,39.99941792782305,77236.84089635854,1001970945,0.06416951983298538,15,302.06850282485874,0.091,0.23974713551955748,0.14810265957446808,52.0,50.0,0.5781237682301931,0.442,0.526,0.032,7730180,0.17,26000000,252.6495062237185
0.038,44.1,11382.0,Sudan,39.0,14769.0,21457886199,0.041,29,302.06850282485874,0.063,0.0,0.14810265957446808,61.0,58.0,0.0,0.433,0.536,0.03,30778572,0.327,21000000,360.4679893823877
0.032,44.1,1030.0,Swaziland,39.99941792782305,406.0,2420610579,0.059,130,302.06850282485874,0.082,0.0,0.113,46.0,46.0,0.1,0.424,0.545,0.031,1094758,0.222,75000000,317.0000287821119
0.042,44.1,4353.0,Tanzania,28.0,16198.0,12825801917,0.034,12,302.06850282485874,0.061,0.0,0.141,53.0,52.0,0.1,0.446,0.524,0.03,37765139,0.242,762000000,398.7307386827075
0.038,44.1,1397.0,Togo,65.0,2327.0,1937074538,0.059,21,302.06850282485874,0.07,0.0,0.14810265957446808,55.0,53.0,0.1,0.431,0.541,0.028,5397851,0.347,25000000,304.6105859556485
0.017,44.1,22446.0,Tunisia,11.0,8463.0,31183139301,0.056,179,302.06850282485874,0.021,0.1,0.14810265957446808,75.0,71.0,0.4,0.265,0.669,0.066,9932400,0.649,2432000000,394.9080916173414
0.047,44.1,1852.0,Uganda,34.0,77236.84089635854,7940362663,0.079,24,302.06850282485874,0.073,0.0,0.206,52.0,52.0,0.0,0.494,0.481,0.025,27766986,0.128,268000000,356.38287094357815
0.044,44.1,2131.0,Zambia,35.0,7005.0,5439176376,0.067,33,302.06850282485874,0.081,0.0,0.307,46.0,45.0,0.0,0.466,0.507,0.027,11174650,0.362,92000000,333.78770643820366
0.032,44.1,9927.0,Zimbabwe,97.0,9269.0,5805598443,0.06416951983298538,15,302.06850282485874,0.058,0.1,2.789,43.0,44.0,0.0,0.415,0.549,0.036,12693047,0.343,194000000,252.6495062237185
0.046,44.1,733.0,Afghanistan,9.0,77236.84089635854,5285461999,0.098,19,302.06850282485874,0.086,0.0,0.14810265957446808,58.0,55.0,0.0,0.494,0.486,0.02,24018682,0.226,26000000,252.6495062237185
0.014,44.1,3645.0,Armenia,18.0,2095.0,3576615240,0.055,65,302.06850282485874,0.022,0.0,0.186,76.0,70.0,0.1,0.225,0.66,0.115,3025652,0.642,188000000,368.2863813017463
0.016,44.1,32090.0,Azerbaijan,121.0,12786.0,8680511918,0.079,81,302.06850282485874,0.047,0.23974713551955748,0.157,71.0,66.0,0.2,0.27,0.667,0.064,8306500,0.522,79000000,351.83078820459957
0.024,44.1,39750.0,Bangladesh,50.0,22554.0,56560744012,0.031,12,302.06850282485874,0.053,0.0,0.148,68.0,67.0,0.0,0.348,0.609,0.042,141235035,0.261,76000000,396.28150012214894
0.024,44.1,308.0,Bhutan,62.0,180.0,702682018,0.044,49,302.06850282485874,0.048,0.0,0.15,63.0,63.0,0.0,0.352,0.608,0.04,633893,0.298,13000000,252.6495062237185
0.02,44.1,5361.0,Brunei Darussalam,39.99941792782305,2296.0,7872333197,0.03,658,302.06850282485874,0.008,0.3,0.055,79.0,75.0,0.6,0.292,0.677,0.031,360797,0.731,181000000,390.4944006734116
0.026,44.1,2446.0,Cambodia,94.0,3389.0,5337833256,0.071,29,302.06850282485874,0.057,0.0,0.14810265957446808,69.0,63.0,0.1,0.37,0.588,0.043,13149386,0.191,673000000,331.1503603323873
0.012,44.1,5288166.0,China,48.0,1639854.0,1931644329934,0.047,70,302.06850282485874,0.022,0.1,0.056,75.0,73.0,0.3,0.214,0.711,0.075,1296075000,0.411,27755000000,565.7160379819837
0.012,44.1,4323.0,Georgia,25.0,2781.0,5125273877,0.085,97,302.06850282485874,0.024,0.0,0.221,76.0,69.0,0.2,0.19,0.667,0.143,4318300,0.524,209000000,364.5665241295298
0.007,44.1,38415.0,"Hong Kong SAR, China",11.0,12808.0,169099768875,0.06416951983298538,15,302.06850282485874,0.032813011456628474,0.6,0.05,85.0,79.0,1.2,0.148,0.732,0.119,6783500,1.0,11874000000,543.2988374805145
0.024,44.1,1348525.0,India,89.0,519165.0,721585608184,0.045,29,302.06850282485874,0.058,0.0,0.109,65.0,62.0,0.0,0.326,0.627,0.046,1110626108,0.289,6307000000,505.2689544784773
0.021,44.1,337635.0,Indonesia,151.0,176238.0,256836883305,0.024,27,302.06850282485874,0.035,0.0,0.141,71.0,67.0,0.1,0.3,0.651,0.048,221293797,0.451,5226000000,494.7314842393431
0.009,44.1,1259655.0,Japan,31.0,522488.0,4655803055651,0.08,2914,302.06850282485874,0.003,0.6,0.018,86.0,79.0,0.7,0.139,0.668,0.193,127761000,0.846,14343000000,605.0668213094077
0.018,44.1,172158.0,Kazakhstan,26.0,50717.0,43151647003,0.04,114,302.06850282485874,0.03,0.0,0.14810265957446808,72.0,60.0,0.2,0.251,0.674,0.076,15012985,0.549,803000000,429.32922953911566
0.016,44.1,79482.0,"Korea, Dem. Rep.",39.99941792782305,20494.0,1001970945,0.06416951983298538,15,302.06850282485874,0.028,0.23974713551955748,0.14810265957446808,72.0,64.0,0.5781237682301931,0.25,0.678,0.071,23639303,0.597,26000000,252.6495062237185
0.01,44.1,482277.0,"Korea, Rep.",17.0,208284.0,764880644711,0.052,784,302.06850282485874,0.005,0.7,0.059,81.0,75.0,0.8,0.196,0.716,0.089,48039415,0.81,8226000000,544.1243849152474
0.022,44.1,5699.0,Kyrgyz Republic,21.0,2542.0,2211535312,0.056,25,302.06850282485874,0.036,0.1,0.293,72.0,64.0,0.1,0.319,0.624,0.057,5104700,0.353,92000000,327.8261501048218
0.028,44.1,1423.0,Lao PDR,153.0,77236.84089635854,2366398120,0.046,19,302.06850282485874,0.073,0.0,0.293,65.0,63.0,0.0,0.411,0.552,0.037,5699112,0.262,122000000,252.6495062237185
0.008,44.1,1727.0,"Macao SAR, China",39.99941792782305,77236.84089635854,10258324479,0.06416951983298538,15,302.06850282485874,0.032813011456628474,0.3,0.06,81.0,76.0,0.9,0.185,0.742,0.074,458542,1.0,7431000000,403.4674417440847
0.019,44.1,167333.0,Malaysia,37.0,58691.0,124749736842,0.037,181,302.06850282485874,0.007,0.4,0.06,76.0,71.0,0.6,0.308,0.649,0.043,25365089,0.657,9183000000,486.821847134152
0.021,44.1,777.0,Maldives,9.0,250.0,1075605492,0.059,217,302.06850282485874,0.022,0.1,0.13,75.0,72.0,0.4,0.356,0.599,0.044,292505,0.325,471000000,328.8056413041886
0.02,44.1,8551.0,Mongolia,13.0,2600.0,1992066759,0.07,56,302.06850282485874,0.039,0.23974713551955748,0.315,69.0,61.0,0.2,0.299,0.664,0.037,2496248,0.614,205000000,366.65468747229943
0.019,44.1,12435.0,Myanmar,39.99941792782305,14764.0,1001970945,0.023,5,302.06850282485874,0.052,0.0,0.15,65.0,61.0,0.0,0.286,0.666,0.049,49875169,0.285,97000000,298.64148031774613
0.029,44.1,2769.0,Nepal,31.0,8832.0,7273933993,0.058,17,302.06850282485874,0.049,0.0,0.085,65.0,63.0,0.0,0.397,0.56,0.043,24921910,0.149,260000000,366.28296853581844
0.028,44.1,131601.0,Pakistan,24.0,73580.0,97977766198,0.028,18,302.06850282485874,0.082,0.1,0.073,66.0,64.0,0.0,0.388,0.571,0.041,155151394,0.344,765000000,449.47143937180573
0.028,44.1,74066.0,Philippines,49.0,38643.0,91371236939,0.032,35,302.06850282485874,0.028,0.1,0.101,71.0,64.0,0.4,0.374,0.592,0.034,84231329,0.469,2390000000,447.14975377155736
0.01,44.1,28474.0,Singapore,8.0,30845.0,114186643422,0.032,826,302.06850282485874,0.002,0.6,0.053,82.0,77.0,0.9,0.196,0.723,0.081,4166700,1.0,5327000000,526.8086273716043
0.019,44.1,11965.0,Sri Lanka,48.0,8798.0,20662525941,0.042,44,302.06850282485874,0.012,0.0,0.095,77.0,70.0,0.1,0.256,0.675,0.069,19435000,0.184,808000000,401.1254567751208
0.029,44.1,2563.0,Tajikistan,39.99941792782305,2346.0,2076148710,0.043,13,302.06850282485874,0.058,0.0,0.203,69.0,62.0,0.0,0.392,0.57,0.037,6663929,0.264,9600000,226.18013192320709
0.013,44.1,252345.0,Thailand,33.0,96291.0,161339790595,0.035,87,302.06850282485874,0.016,0.1,0.055,76.0,69.0,0.4,0.228,0.697,0.075,65087400,0.363,13054000000,501.717581125455
0.038,44.1,176.0,Timor-Leste,158.0,58.0,455500000,0.086,27,302.06850282485874,0.069,0.23974713551955748,0.155,64.0,61.0,0.0,0.484,0.489,0.027,966987,0.257,26000000,252.6495062237185
0.023,44.1,43337.0,Turkmenistan,39.99941792782305,18406.0,6838351088,0.037,111,302.06850282485874,0.06,0.0,0.14810265957446808,68.0,60.0,0.0,0.334,0.62,0.046,4696876,0.468,26000000,252.6495062237185
0.021,44.1,119306.0,Uzbekistan,29.0,50678.0,12030023548,0.051,24,302.06850282485874,0.048,0.0,0.14810265957446808,71.0,64.0,0.0,0.341,0.613,0.047,25864350,0.368,57000000,252.6495062237185
0.017,44.1,90549.0,Vietnam,51.0,38968.0,49424107710,0.055,30,302.06850282485874,0.024,0.1,0.097,79.0,70.0,0.1,0.28,0.654,0.066,81437700,0.267,1700000000,252.6495062237185
0.015,44.1,4166.0,Albania,41.0,2172.0,7464446950,0.065,148,302.06850282485874,0.019,0.0,0.118,79.0,73.0,0.4,0.273,0.645,0.082,3014579,0.457,756000000,412.95501501606657
0.011,44.1,565.0,Andorra,39.99941792782305,77236.84089635854,2322163502,0.057,2193,302.06850282485874,0.003,0.3,0.14810265957446808,71.15926791277259,66.46183800623054,0.7,0.3030511272141707,0.6234814814814815,0.07346457326892109,79060,0.908,26000000,252.6495062237185
0.01,44.1,71866.0,Austria,25.0,32690.0,291430382497,0.104,3720,302.06850282485874,0.004,0.5,0.14810265957446808,82.0,76.0,1.0,0.163,0.679,0.158,8171966,0.658,17251000000,533.7912332896685
0.009,44.1,58038.0,Belarus,79.0,26888.0,23141587718,0.066,157,302.06850282485874,0.008,0.23974713551955748,0.169,75.0,63.0,0.2,0.16,0.694,0.146,9730000,0.719,362000000,401.2056534690417
0.011,44.1,111282.0,Belgium,34.0,58895.0,361683211960,0.1,3482,302.06850282485874,0.004,0.5,0.067,82.0,76.0,0.9,0.172,0.656,0.173,10421137,0.973,10089000000,550.4308669269195
0.008,44.1,24617.0,Bosnia and Herzegovina,63.0,4811.0,10022840635,0.09,236,302.06850282485874,0.007,0.2,0.103,78.0,73.0,0.4,0.192,0.682,0.127,3886723,0.392,507000000,357.3274504489907
0.009,44.1,46787.0,Bulgaria,32.0,18833.0,25283228366,0.073,238,302.06850282485874,0.015,0.2,0.089,76.0,69.0,0.6,0.14,0.688,0.173,7781161,0.702,2796000000,457.2486478685212
0.009,44.1,23047.0,Croatia,29.0,8831.0,41003558916,0.066,614,302.06850282485874,0.006,0.3,0.117,79.0,72.0,0.6,0.162,0.67,0.169,4439000,0.562,6945000000,424.2186210008176
0.012,44.1,7334.0,Cyprus,39.99941792782305,2184.0,15816972051,0.064,1353,302.06850282485874,0.004,0.3,0.076,81.0,76.0,0.6,0.205,0.69,0.106,1015820,0.684,2552000000,425.41756205517623
0.01,44.1,122709.0,Czech Republic,40.0,45511.0,113976672925,0.069,771,302.06850282485874,0.005,0.4,0.06,79.0,73.0,1.1,0.151,0.709,0.14,10197101,0.737,4931000000,471.3166588043719
0.012,44.1,50597.0,Denmark,7.0,19428.0,244727978021,0.097,4387,302.06850282485874,0.004,0.8,0.14810265957446808,80.0,75.0,1.0,0.188,0.662,0.15,5404523,0.856,5652000000,515.6650416722701
0.01,44.1,17217.0,Estonia,72.0,5282.0,12031396467,0.051,450,302.06850282485874,0.006,0.5,0.057,78.0,66.0,0.9,0.156,0.678,0.166,1362550,0.689,1111000000,400.06877031248865
0.022714893617021278,44.1,796.0,Faeroe Islands,39.99941792782305,77236.84089635854,1683997930,0.06416951983298538,15,302.06850282485874,0.032813011456628474,0.7,0.14810265957446808,82.0,77.0,0.8,0.3030511272141707,0.6234814814814815,0.07346457326892109,48782,0.392,26000000,252.6495062237185
0.011,44.1,67091.0,Finland,14.0,37120.0,189064585623,0.082,2974,302.06850282485874,0.003,0.7,0.037,82.0,75.0,1.0,0.175,0.667,0.157,5228172,0.828,2975000000,481.45262465827403
0.013,44.1,390103.0,France,7.0,269777.0,2055678605353,0.11,3620,302.06850282485874,0.004,0.4,0.066,84.0,77.0,0.7,0.186,0.651,0.164,62702121,0.769,52108000000,590.8589319338264
0.009,44.1,825896.0,Germany,45.0,340676.0,2726341472500,0.107,3524,302.06850282485874,0.004,0.6,0.14810265957446808,82.0,76.0,0.9,0.146,0.67,0.184,82516260,0.733,36390000000,630.6658935079334
0.01,44.1,97150.0,Greece,38.0,29707.0,227950420105,0.087,1809,302.06850282485874,0.005,0.2,0.14810265957446808,82.0,77.0,0.8,0.145,0.672,0.183,11055729,0.741,12809000000,474.41440620100485
0.009,44.1,57352.0,Hungary,52.0,26157.0,101925734602,0.082,828,302.06850282485874,0.008,0.3,0.128,77.0,69.0,0.9,0.158,0.687,0.156,10107146,0.659,4009000000,467.9577239052813
0.015,44.1,2233.0,Iceland,5.0,3368.0,13251434311,0.1,4567,302.06850282485874,0.003,0.8,0.12,83.0,79.0,1.0,0.223,0.66,0.117,292074,0.929,558000000,414.73979484135515
0.015,44.1,43956.0,Ireland,18.0,14269.0,186281307557,0.075,3487,302.06850282485874,0.005,0.4,0.026,81.0,76.0,0.9,0.206,0.683,0.111,4070262,0.602,6075000000,501.2795499937327
0.022714893617021278,44.1,142307.10776470587,Isle of Man,39.99941792782305,77236.84089635854,2758117365,0.06416951983298538,15,302.06850282485874,0.032813011456628474,0.23974713551955748,0.14810265957446808,71.15926791277259,66.46183800623054,0.5781237682301931,0.3030511272141707,0.6234814814814815,0.07346457326892109,79658,0.519,26000000,252.6495062237185
0.01,44.1,472768.0,Italy,13.0,181990.0,1735521503772,0.085,2549,302.06850282485874,0.004,0.3,0.055,84.0,78.0,1.1,0.141,0.665,0.194,57685327,0.676,37870000000,571.4003929738823
0.02,44.1,142307.10776470587,Kosovo,39.99941792782305,2005.0,3639935348,0.06416951983298538,15,302.06850282485874,0.032813011456628474,0.23974713551955748,0.148,71.0,66.0,0.5781237682301931,0.3030511272141707,0.6234814814814815,0.07346457326892109,1704622,0.5629525765496639,26000000,252.6495062237185
0.009,44.1,7132.0,Latvia,16.0,4438.0,13761569545,0.065,387,302.06850282485874,0.012,0.4,0.074,77.0,67.0,0.7,0.152,0.68,0.168,2263122,0.679,343000000,395.00106693046496
0.011,44.1,142307.10776470587,Liechtenstein,39.99941792782305,77236.84089635854,3454374261,0.06416951983298538,15,302.06850282485874,0.032813011456628474,0.6,0.14810265957446808,85.0,79.0,0.7,0.3030511272141707,0.6234814814814815,0.07346457326892109,34445,0.148,26000000,252.6495062237185
0.009,44.1,13330.0,Lithuania,26.0,9386.0,22659294573,0.057,374,302.06850282485874,0.008,0.3,0.057,78.0,66.0,0.9,0.173,0.677,0.15,3377075,0.666,834000000,411.3455410491525
0.012,44.1,11269.0,Luxembourg,39.99941792782305,4282.0,34077095478,0.082,6145,302.06850282485874,0.003,0.7,0.14810265957446808,82.0,76.0,1.0,0.188,0.668,0.144,458095,0.862,3880000000,475.46112164809693
0.012,44.1,11192.0,"Macedonia, FYR",48.0,2756.0,5514253043,0.087,230,302.06850282485874,0.012,0.2,0.124,77.0,72.0,0.5,0.203,0.687,0.11,2085728,0.577,103000000,333.3604732724116
0.01,44.1,2574.0,Malta,39.99941792782305,830.0,5643525282,0.086,1247,302.06850282485874,0.006,0.3,0.053,81.0,77.0,0.7,0.178,0.693,0.129,401268,0.934,949000000,379.81464399769993
0.012,44.1,4554.0,Moldova,30.0,3377.0,2598231467,0.085,61,302.06850282485874,0.02,0.1,0.209,72.0,64.0,0.2,0.198,0.691,0.111,3603945,0.454,112000000,350.46780388901544
0.022714893617021278,44.1,142307.10776470587,Monaco,39.99941792782305,77236.84089635854,4110348444,0.04,4885,302.06850282485874,0.004,0.5,0.14810265957446808,71.15926791277259,66.46183800623054,0.5,0.3030511272141707,0.6234814814814815,0.07346457326892109,33346,1.0,26000000,252.6495062237185
0.013,44.1,142307.10776470587,Montenegro,39.99941792782305,77236.84089635854,2073255525,0.087,293,302.06850282485874,0.01,0.3,0.14810265957446808,76.0,71.0,0.8,0.203,0.669,0.128,614670,0.62,26000000,252.6495062237185
0.012,44.1,176903.0,Netherlands,9.0,79075.0,609889925686,0.1,3739,302.06850282485874,0.005,0.7,0.028,81.0,77.0,0.9,0.185,0.676,0.139,16281779,0.815,16495000000,554.7328057955215
0.012,44.1,42666.0,Norway,18.0,26433.0,260029106208,0.101,5733,302.06850282485874,0.003,0.8,0.04,82.0,78.0,1.0,0.198,0.655,0.148,4591910,0.773,3531000000,524.8059116917159
0.009,44.1,304988.0,Poland,31.0,91371.0,252768998589,0.062,410,302.06850282485874,0.007,0.3,0.076,79.0,71.0,0.6,0.169,0.7,0.131,38182222,0.616,6499000000,499.5643632244224
0.01,44.1,63175.0,Portugal,78.0,25831.0,185397304328,0.1,1779,302.06850282485874,0.004,0.3,0.14810265957446808,81.0,75.0,1.0,0.157,0.674,0.17,10483861,0.569,8858000000,481.2706579439407
0.01,44.1,95401.0,Romania,28.0,38683.0,75794733525,0.054,190,302.06850282485874,0.02,0.2,0.256,75.0,68.0,0.5,0.16,0.694,0.146,21451748,0.53,607000000,413.136881375212
0.01,44.1,1602963.0,Russian Federation,30.0,647392.0,591016690743,0.052,212,302.06850282485874,0.015,0.1,0.114,72.0,59.0,0.5,0.156,0.707,0.136,143821212,0.734,7262000000,552.2954250773903
0.01,44.1,142307.10776470587,San Marino,39.99941792782305,77236.84089635854,1317357835,0.053,3359,302.06850282485874,0.004,0.5,0.071,85.0,79.0,0.6,0.3030511272141707,0.6234814814814815,0.07346457326892109,29290,0.94,26000000,252.6495062237185
0.011,44.1,142307.10776470587,Serbia,56.0,18094.0,23649854234,0.087,204,302.06850282485874,0.008,0.2,0.155,75.0,70.0,0.5,0.185,0.676,0.139,7463157,0.543,220000000,366.8392723009477
0.01,44.1,38749.0,Slovak Republic,52.0,18353.0,56073225726,0.072,565,302.06850282485874,0.009,0.5,0.091,78.0,70.0,0.8,0.173,0.711,0.116,5372280,0.557,931000000,425.09801988343776
0.009,44.1,15746.0,Slovenia,60.0,7131.0,33837749815,0.083,1415,302.06850282485874,0.004,0.4,0.087,81.0,74.0,0.9,0.144,0.703,0.153,1997012,0.506,1725000000,426.7609727834829
0.011,44.1,339429.0,Spain,114.0,139030.0,1044612070304,0.082,2028,302.06850282485874,0.005,0.4,0.14810265957446808,83.0,77.0,0.9,0.145,0.687,0.168,42921895,0.77,49996000000,548.5998284892977
0.011,44.1,54521.0,Sweden,16.0,52588.0,362089648913,0.091,3666,302.06850282485874,0.003,0.8,0.04,83.0,78.0,1.0,0.176,0.651,0.172,8993531,0.843,7686000000,534.9566212270909
0.01,44.1,40392.0,Switzerland,18.0,26090.0,374224186244,0.11,5570,302.06850282485874,0.004,0.7,0.032,84.0,79.0,0.9,0.166,0.678,0.157,7389625,0.734,11404000000,529.8385395700741
0.02,44.1,225407.0,Turkey,6.0,80858.0,392166275595,0.054,297,302.06850282485874,0.027,0.1,0.14810265957446808,76.0,69.0,0.5,0.289,0.646,0.065,66845635,0.672,15888000000,468.68399765224274
0.009,44.1,343121.0,Ukraine,34.0,143843.0,64883060726,0.066,90,302.06850282485874,0.013,0.0,0.174,74.0,63.0,0.3,0.151,0.694,0.155,47451600,0.676,2931000000,470.95909360336964
0.012,44.1,540409.0,United Kingdom,13.0,221558.0,2220820974770,0.08,2955,302.06850282485874,0.005,0.7,0.044,81.0,77.0,1.0,0.181,0.66,0.159,59987905,0.796,37166000000,622.9253837105558
0.019,44.1,17510.0,Bahrain,39.99941792782305,6970.0,13150516509,0.039,539,302.06850282485874,0.01,0.2,0.079,76.0,75.0,0.8,0.283,0.694,0.023,820505,0.884,1504000000,403.391432060557
0.018,44.1,447480.0,"Iran, Islamic Rep.",29.0,155548.0,163226579221,0.047,117,302.06850282485874,0.023,0.1,0.167,73.0,70.0,0.1,0.272,0.68,0.048,69342126,0.669,1305000000,493.0764503740476
0.035,44.1,114084.0,Iraq,77.0,26901.0,36627901762,0.056,55,302.06850282485874,0.034,0.0,0.129,72.0,67.0,0.0,0.421,0.545,0.035,26673536,0.687,26000000,252.6495062237185
0.021,44.1,63201.0,Israel,20.0,19241.0,126571173583,0.076,1410,302.06850282485874,0.005,0.2,0.075,82.0,78.0,1.1,0.279,0.621,0.1,6809000,0.915,2908000000,484.94859045484645
0.03,44.1,19241.0,Jordan,26.0,6219.0,11407566660,0.091,203,302.06850282485874,0.021,0.1,0.083,74.0,71.0,0.3,0.383,0.585,0.032,5290000,0.809,1621000000,407.51991107138747
0.021,44.1,63534.0,Kuwait,35.0,23469.0,59440511982,0.027,743,302.06850282485874,0.01,0.2,0.056,75.0,73.0,0.8,0.255,0.711,0.034,2196466,0.982,398000000,490.42985903105495
0.015,44.1,16835.0,Lebanon,46.0,5271.0,20955223881,0.082,458,302.06850282485874,0.013,0.1,0.108,78.0,75.0,0.2,0.283,0.644,0.074,3853582,0.865,5931000000,485.6170571012572
0.022,44.1,27987.0,Oman,35.0,9603.0,24673602280,0.03,310,302.06850282485874,0.011,0.1,0.076,76.0,72.0,0.3,0.359,0.616,0.025,2464001,0.718,601000000,421.41794751052953
0.016,44.1,44393.0,Qatar,39.99941792782305,16648.0,31734065019,0.036,1589,302.06850282485874,0.009,0.2,0.07,78.0,76.0,0.7,0.259,0.727,0.014,720383,0.971,498000000,414.2710839206876
0.024,44.1,395834.0,Saudi Arabia,74.0,143706.0,258742133333,0.037,399,302.06850282485874,0.017,0.1,0.14810265957446808,76.0,72.0,0.4,0.351,0.617,0.032,23839231,0.808,6486000000,493.3380207801046
0.028,44.1,51111.0,Syrian Arab Republic,43.0,17937.0,25086930693,0.045,61,302.06850282485874,0.017,0.0,0.075,76.0,73.0,0.1,0.392,0.575,0.034,17676012,0.534,1883000000,414.09398596303413
0.016,44.1,113241.0,United Arab Emirates,19.0,42310.0,147824374543,0.025,995,302.06850282485874,0.009,0.3,0.14810265957446808,76.0,74.0,1.0,0.219,0.771,0.009,3658658,0.819,1593000000,493.7773551185973
0.036,44.1,18881.0,"Yemen, Rep.",63.0,6186.0,13873500888,0.049,38,302.06850282485874,0.059,0.0,0.185,63.0,60.0,0.1,0.463,0.51,0.027,19612696,0.284,139000000,361.95050005409104
0.022714893617021278,44.1,142307.10776470587,American Samoa,39.99941792782305,77236.84089635854,1001970945,0.06416951983298538,15,302.06850282485874,0.032813011456628474,0.23974713551955748,0.14810265957446808,71.15926791277259,66.46183800623054,0.0,0.3030511272141707,0.6234814814814815,0.07346457326892109,59262,0.882,26000000,252.6495062237185
0.012,44.1,348757.0,Australia,3.0,112696.0,613161189358,0.086,2872,302.06850282485874,0.005,0.23974713551955748,0.089,83.0,78.0,0.8,0.2,0.672,0.128,20127400,0.878,20453000000,546.5400723308145
0.024,44.1,1133.0,Fiji,45.0,666.0,2727507213,0.036,120,302.06850282485874,0.02,0.1,0.072,71.0,66.0,0.2,0.314,0.646,0.04,818995,0.495,588000000,345.4466516744021
0.019,44.1,788.0,French Polynesia,39.99941792782305,77236.84089635854,1001970945,0.06416951983298538,15,302.06850282485874,0.032813011456628474,0.2,0.14810265957446808,77.0,71.0,0.4,0.286,0.666,0.048,251811,0.562,737000000,394.7215190013622
0.02,44.1,142307.10776470587,Guam,39.99941792782305,77236.84089635854,1001970945,0.06416951983298538,15,302.06850282485874,0.032813011456628474,0.4,0.14810265957446808,79.0,74.0,0.6,0.298,0.64,0.062,158194,0.935,26000000,252.6495062237185
0.025,44.1,44.0,Kiribati,21.0,8.0,102220915,0.104,119,302.06850282485874,0.05,0.0,0.14810265957446808,69.0,63.0,0.0,0.377,0.587,0.036,88936,0.435,26000000,252.6495062237185
0.022714893617021278,44.1,88.0,Marshall Islands,17.0,29.0,131106366,0.176,449,302.06850282485874,0.033,0.0,0.14810265957446808,71.15926791277259,66.46183800623054,0.0,0.3030511272141707,0.6234814814814815,0.07346457326892109,52074,0.696,5000000,166.38993661782115
0.027,44.1,147.0,"Micronesia, Fed. Sts.",16.0,77236.84089635854,239563310,0.104,233,302.06850282485874,0.038,0.1,0.154,68.0,67.0,0.1,0.391,0.57,0.04,106575,0.223,19000000,248.42238720692856
0.017,44.1,2552.0,New Caledonia,39.99941792782305,77236.84089635854,1001970945,0.06416951983298538,15,302.06850282485874,0.032813011456628474,0.3,0.14810265957446808,79.0,72.0,0.5,0.274,0.661,0.066,230068,0.633,241000000,358.47758796998613
0.014,44.1,34759.0,New Zealand,12.0,17393.0,102986102521,0.08,1974,302.06850282485874,0.006,0.6,0.071,82.0,78.0,0.7,0.218,0.663,0.119,4087500,0.86,5098000000,463.3178283247374
0.033,44.1,4481.0,Papua New Guinea,51.0,77236.84089635854,3927114457,0.046,30,302.06850282485874,0.056,0.0,0.133,62.0,58.0,0.0,0.401,0.574,0.026,5948461,0.131,7100000,327.3268574136315
0.03,44.1,154.0,Samoa,42.0,56.0,374507188,0.049,106,302.06850282485874,0.017,0.0,0.112,74.0,68.0,0.1,0.398,0.554,0.048,178794,0.215,70000000,265.7036038635226
0.035,44.1,180.0,Solomon Islands,56.0,58.0,375109695,0.056,46,302.06850282485874,0.029,0.0,0.143,67.0,64.0,0.0,0.414,0.557,0.029,457827,0.174,3500000,266.50921330073714
0.029,44.1,172.0,Tonga,32.0,57.0,240794581,0.048,115,302.06850282485874,0.014,0.0,0.116,74.0,69.0,0.2,0.381,0.558,0.06,100319,0.231,13100000,275.5773260884493
0.03,44.1,55.0,Vanuatu,47.0,30.0,364996869,0.035,62,302.06850282485874,0.018,0.0,0.076,71.0,67.0,0.1,0.4,0.567,0.033,204135,0.228,93000000,273.0280623617032
0.019,44.1,407.0,Antigua and Barbuda,39.99941792782305,135.0,905113767,0.041,453,302.06850282485874,0.011,0.2,0.12,77.0,72.0,0.7,0.286,0.642,0.072,81718,0.298,337000000,304.6105859556485
0.018,44.1,156170.0,Argentina,30.0,67303.0,183295704305,0.082,327,302.06850282485874,0.016,0.2,0.068,78.0,71.0,0.4,0.266,0.632,0.102,38308779,0.899,2660000000,479.12453540397087
0.013,44.1,2259.0,Aruba,39.99941792782305,77236.84089635854,2228279330,0.06416951983298538,15,302.06850282485874,0.032813011456628474,0.2,0.116,77.0,72.0,1.0,0.217,0.699,0.083,98742,0.452,1056000000,373.6078947785914
0.015,44.1,1723.0,"Bahamas, The",39.99941792782305,664.0,7094413000,0.06,1326,302.06850282485874,0.013,0.2,0.06,77.0,70.0,0.6,0.263,0.676,0.061,322400,0.822,1897000000,398.6456814482125
0.013,44.1,1294.0,Barbados,39.99941792782305,375.0,3509700000,0.071,737,302.06850282485874,0.015,0.5,0.083,76.0,71.0,0.7,0.209,0.681,0.11,272205,0.331,784000000,357.5601426752136
0.027,44.1,381.0,Belize,39.99941792782305,155.0,1057850000,0.044,175,302.06850282485874,0.019,0.1,0.139,75.0,69.0,0.3,0.384,0.575,0.041,265040,0.466,168000000,312.07547896619843
0.013,44.1,671.0,Bermuda,39.99941792782305,77236.84089635854,4484703000,0.06416951983298538,15,302.06850282485874,0.032813011456628474,0.6,0.14810265957446808,81.0,76.0,0.8,0.3030511272141707,0.6234814814814815,0.07346457326892109,63740,1.0,426000000,368.4636850659748
0.029,44.1,13084.0,Bolivia,60.0,3622.0,8773451739,0.053,51,302.06850282485874,0.046,0.0,0.145,67.0,62.0,0.2,0.387,0.569,0.044,9187610,0.637,283000000,371.03419546861164
0.019,44.1,337826.0,Brazil,152.0,210042.0,663760341880,0.071,257,302.06850282485874,0.022,0.2,0.549,75.0,68.0,0.4,0.28,0.66,0.06,184010283,0.825,3389000000,486.0064894537352
0.011,44.1,552349.0,Canada,3.0,267619.0,1018385574395,0.098,3047,302.06850282485874,0.005,0.7,0.04,83.0,78.0,0.5,0.18,0.691,0.13,31995000,0.8,15135000000,560.8210025894738
0.022714893617021278,44.1,499.0,Cayman Islands,39.99941792782305,77236.84089635854,1001970945,0.06416951983298538,15,302.06850282485874,0.032813011456628474,0.23974713551955748,0.14810265957446808,71.15926791277259,66.46183800623054,0.7,0.3030511272141707,0.6234814814814815,0.07346457326892109,47299,1.0,523000000,252.6495062237185
0.015,44.1,60047.0,Chile,27.0,27514.0,100630707852,0.067,414,302.06850282485874,0.008,0.3,0.051,81.0,75.0,0.6,0.255,0.667,0.079,16168241,0.872,1571000000,438.7855677900544
0.022,44.1,55071.0,Colombia,42.0,26001.0,117074865515,0.054,148,302.06850282485874,0.019,0.1,0.151,76.0,68.0,0.2,0.312,0.638,0.05,42527623,0.733,1369000000,445.5412359962988
0.018,44.1,6931.0,Costa Rica,77.0,3880.0,18596365927,0.078,346,302.06850282485874,0.009,0.2,0.234,81.0,76.0,0.2,0.286,0.656,0.058,4246336,0.644,1586000000,399.65518754777446
0.012,44.1,25005.0,Cuba,39.99941792782305,11312.0,38202800000,0.061,209,302.06850282485874,0.006,0.1,0.14810265957446808,80.0,76.0,0.0,0.199,0.694,0.107,11273363,0.76,2114000000,252.6495062237185
0.022714893617021278,44.1,142307.10776470587,Curacao,39.99941792782305,77236.84089635854,1001970945,0.06416951983298538,15,302.06850282485874,0.032813011456628474,0.23974713551955748,0.14810265957446808,71.15926791277259,66.46183800623054,0.5781237682301931,0.218,0.665,0.118,133363,0.907,224000000,364.37121866457227
0.022714893617021278,44.1,110.0,Dominica,39.99941792782305,39.0,366976849,0.047,243,302.06850282485874,0.013,0.3,0.089,71.15926791277259,66.46183800623054,0.6,0.3030511272141707,0.6234814814814815,0.07346457326892109,70325,0.663,61000000,256.4076900716723
0.024,44.1,18786.0,Dominican Republic,77.0,6528.0,22163928097,0.051,120,302.06850282485874,0.03,0.1,0.326,75.0,68.0,0.3,0.334,0.61,0.056,9207389,0.66,3152000000,396.81850318992826
0.024,44.1,28658.0,Ecuador,92.0,10278.0,36591661000,0.066,178,302.06850282485874,0.025,0.0,0.1,77.0,72.0,0.3,0.33,0.615,0.055,13529091,0.615,464000000,406.9641642505725
0.021,44.1,6366.0,El Salvador,115.0,4382.0,15798300000,0.073,191,302.06850282485874,0.021,0.0,0.14810265957446808,75.0,66.0,0.3,0.363,0.576,0.061,6050297,0.611,748000000,389.55268141584764
0.016,44.1,583.0,Greenland,39.99941792782305,77236.84089635854,1644951892,0.06416951983298538,15,302.06850282485874,0.032813011456628474,0.6,0.14810265957446808,72.0,66.0,0.7,0.3030511272141707,0.6234814814814815,0.07346457326892109,56911,0.826,26000000,252.6495062237185
0.019,44.1,205.0,Grenada,39.99941792782305,74.0,600014341,0.058,342,302.06850282485874,0.013,0.2,0.102,74.0,69.0,0.4,0.309,0.614,0.077,102655,0.36,86000000,256.4076900716723
0.035,44.1,11621.0,Guatemala,39.0,7785.0,23965280312,0.064,124,302.06850282485874,0.035,0.1,0.138,73.0,66.0,0.3,0.434,0.524,0.043,12367800,0.468,630000000,400.2330725765424
0.022,44.1,1628.0,Guyana,46.0,479.0,785918770,0.053,55,302.06850282485874,0.036,0.23974713551955748,0.145,68.0,61.0,0.2,0.363,0.598,0.039,756939,0.284,27000000,296.4150334261763
0.029,44.1,1988.0,Haiti,202.0,2288.0,3660483886,0.056,22,302.06850282485874,0.067,0.1,0.48,61.0,57.0,0.0,0.385,0.574,0.041,9129933,0.424,93000000,366.46925555591383
0.029,44.1,7367.0,Honduras,62.0,3853.0,8772197585,0.079,103,302.06850282485874,0.027,0.1,0.199,74.0,69.0,0.1,0.404,0.555,0.041,6762426,0.479,420000000,381.00280062343484
0.017,44.1,10715.0,Jamaica,31.0,3769.0,10173234921,0.048,183,302.06850282485874,0.018,0.1,0.181,74.0,68.0,0.7,0.315,0.609,0.076,2634145,0.526,1733000000,383.2809316668149
0.022,44.1,410744.0,Mexico,58.0,159324.0,770267585947,0.06,441,302.06850282485874,0.017,0.1,0.074,78.0,73.0,0.4,0.327,0.621,0.052,109381550,0.76,11610000000,520.156894089051
0.026,44.1,4426.0,Nicaragua,39.0,2821.0,5795568203,0.061,66,302.06850282485874,0.027,0.0,0.135,75.0,69.0,0.1,0.384,0.575,0.04,5386299,0.557,192000000,355.41536745824317
0.023,44.1,5805.0,Panama,18.0,2613.0,14179300000,0.081,347,302.06850282485874,0.02,0.1,0.088,79.0,73.0,0.4,0.31,0.63,0.06,3303335,0.634,903000000,380.2145236469702
0.026,44.1,4089.0,Paraguay,74.0,4002.0,8033877360,0.059,82,302.06850282485874,0.025,0.0,0.335,73.0,69.0,0.3,0.363,0.59,0.047,5793330,0.571,87000000,346.38052907503635
0.022,44.1,31896.0,Peru,98.0,12875.0,65702520516,0.044,111,302.06850282485874,0.023,0.1,0.247,75.0,69.0,0.1,0.324,0.623,0.053,27403845,0.746,1232000000,422.84096176691685
0.013,44.1,142307.10776470587,Puerto Rico,7.0,77236.84089635854,80322313000,0.06416951983298538,15,302.06850282485874,0.032813011456628474,0.2,0.14810265957446808,82.0,74.0,0.5,0.225,0.655,0.12,3826878,0.942,3024000000,448.7287727506917
0.022714893617021278,44.1,142307.10776470587,Sint Maarten (Dutch part),39.99941792782305,77236.84089635854,1001970945,0.06416951983298538,15,302.06850282485874,0.032813011456628474,0.23974713551955748,0.14810265957446808,71.15926791277259,66.46183800623054,0.5781237682301931,0.3030511272141707,0.6234814814814815,0.07346457326892109,35318,1.0,626000000,331.1503603323873
0.022714893617021278,44.1,227.0,St. Kitts and Nevis,39.99941792782305,76.0,497548517,0.035,363,302.06850282485874,0.011,0.2,0.103,71.15926791277259,66.46183800623054,0.6,0.3030511272141707,0.6234814814814815,0.07346457326892109,48421,0.322,103000000,259.7930106370605
0.018,44.1,356.0,St. Lucia,39.99941792782305,120.0,858255380,0.063,330,302.06850282485874,0.015,0.2,0.111,75.0,71.0,0.6,0.292,0.636,0.072,163460,0.241,326000000,303.6804101832035
0.017,44.1,142307.10776470587,St. Martin (French part),39.99941792782305,77236.84089635854,1001970945,0.06416951983298538,15,302.06850282485874,0.032813011456628474,0.23974713551955748,0.14810265957446808,81.0,75.0,0.5781237682301931,0.3030511272141707,0.6234814814814815,0.07346457326892109,27514,0.5629525765496639,26000000,252.6495062237185
0.018,44.1,194.0,St. Vincent and the Grenadines,39.99941792782305,66.0,522544702,0.037,179,302.06850282485874,0.019,0.1,0.097,73.0,69.0,0.7,0.29,0.638,0.072,108562,0.466,96000000,270.75280671761607
0.021,44.1,2292.0,Suriname,39.99941792782305,664.0,1484092538,0.069,207,302.06850282485874,0.027,0.1,0.204,72.0,65.0,0.4,0.3,0.64,0.06,493394,0.667,52000000,333.3604732724116
0.015,44.1,30993.0,Trinidad and Tobago,39.99941792782305,14115.0,12884712296,0.052,522,302.06850282485874,0.024,0.3,0.093,73.0,65.0,0.5,0.224,0.706,0.071,1290379,0.101,568000000,352.0978457246973
0.022714893617021278,44.1,103.0,Turks and Caicos Islands,39.99941792782305,77236.84089635854,1001970945,0.06416951983298538,15,302.06850282485874,0.032813011456628474,0.23974713551955748,0.14810265957446808,71.15926791277259,66.46183800623054,0.5781237682301931,0.3030511272141707,0.6234814814814815,0.07346457326892109,25025,0.872,26000000,252.6495062237185
0.014,44.1,5790765.0,United States,6.0,2307819.0,12277000000000,0.157,6355,302.06850282485874,0.007,0.6,0.043,80.0,75.0,0.6,0.207,0.67,0.123,292805298,0.798,115689000000,638.808206966744
0.016,44.1,5611.0,Uruguay,45.0,2869.0,13686333822,0.085,350,302.06850282485874,0.013,0.2,0.237,79.0,72.0,0.2,0.24,0.626,0.135,3323822,0.931,591000000,376.46706535355753
0.022,44.1,168268.0,"Venezuela, RB",141.0,56441.0,112451400423,0.056,239,302.06850282485874,0.016,0.1,0.185,76.0,70.0,0.3,0.318,0.633,0.049,26261326,0.885,554000000,449.26051103721863
0.015,44.1,142307.10776470587,Virgin Islands (U.S.),39.99941792782305,77236.84089635854,1001970945,0.06416951983298538,15,302.06850282485874,0.032813011456628474,0.3,0.14810265957446808,82.0,76.0,0.6,0.231,0.669,0.101,107950,0.935,1356000000,252.6495062237185
0.021,76.9,107128.0,Algeria,25.0,32335.0,103198650298,0.031,95,451.0,0.029,0.1,0.08,71.0,68.0,0.4,0.289,0.667,0.044,33960903,0.638,477000000,412.40472608531076
0.049,52.1,19156.0,Angola,119.0,9356.0,28233699240,0.042,71,272.0,0.122,0.0,0.677,50.0,47.0,0.1,0.478,0.498,0.025,16544376,0.362,103000000,350.46780388901544
0.04,75.7,2398.0,Benin,31.0,2499.0,4358015993,0.047,25,270.0,0.075,0.0,0.14810265957446808,59.0,56.0,0.1,0.445,0.527,0.028,8182362,0.4,108000000,319.5497165999623
0.025,17.1,4613.0,Botswana,107.0,1929.0,9931223496,0.056,298,140.0,0.043,0.0,0.157,47.0,46.0,0.3,0.358,0.61,0.032,1875805,0.551,563000000,381.13272391715157
0.045,47.5,1126.0,Burkina Faso,40.0,77236.84089635854,5462709055,0.069,28,270.0,0.086,0.0,0.14810265957446808,53.0,52.0,0.0,0.465,0.509,0.026,13421929,0.215,46000000,328.3190222681346
0.044,279.7,154.0,Burundi,13.0,77236.84089635854,1117254387,0.101,14,140.0,0.075,0.0,0.184,51.0,49.0,0.0,0.454,0.519,0.027,7770392,0.094,1900000,321.9385081296946
0.04,50.6,3696.0,Cameroon,45.0,6981.0,16587921221,0.049,45,654.0,0.078,0.0,0.177,53.0,51.0,0.1,0.443,0.524,0.033,18137734,0.485,229000000,399.5719811193844
0.037,65.7,213.0,Central African Republic,22.0,77236.84089635854,1350300947,0.044,15,504.0,0.111,0.0,0.177,47.0,43.0,0.0,0.419,0.542,0.04,3960897,0.381,7200000,311.3160989589777
0.05,74.0,400.0,Chad,64.0,77236.84089635854,6646663021,0.047,25,732.0,0.101,0.0,0.177,48.0,47.0,0.0,0.492,0.481,0.027,10014413,0.218,26000000,252.6495062237185
0.039,217.9,110.0,Comoros,24.0,37.0,387036132,0.043,28,100.0,0.07,0.0,0.11,60.0,58.0,0.0,0.415,0.555,0.03,600733,0.279,24000000,259.7930106370605
0.046,286.5,2226.0,"Congo, Dem. Rep.",133.0,19971.0,11964484458,0.053,7,308.0,0.105,0.0,0.14810265957446808,49.0,46.0,0.1,0.462,0.51,0.028,54028003,0.375,3200000,317.0000287821119
0.039,64.9,1456.0,"Congo, Rep.",37.0,1083.0,6087002682,0.024,42,606.0,0.062,0.0,0.177,55.0,53.0,0.2,0.422,0.543,0.035,3542867,0.61,40000000,343.50950585483963
0.037,47.3,7825.0,Cote d'Ivoire,45.0,9634.0,16363437145,0.057,53,270.0,0.089,0.0,0.14810265957446808,48.0,46.0,0.1,0.423,0.547,0.03,17393994,0.468,93000000,404.9596392370132
0.029,37.8,473.0,Djibouti,37.0,139.0,708633195,0.072,63,66.0,0.071,0.0,0.112,59.0,57.0,0.1,0.373,0.594,0.034,776585,0.768,7100000,271.6806794695441
0.024,54.3,167208.0,"Egypt, Arab Rep.",22.0,62741.0,89685724889,0.051,64,504.0,0.026,0.1,0.131,72.0,67.0,0.2,0.325,0.62,0.055,71777678,0.43,7206000000,457.1822937904845
0.038,44.1,4712.0,Equatorial Guinea,137.0,1249.0,6915849240,0.016,220,492.0,0.087,0.0,0.177,50.0,48.0,0.2,0.406,0.561,0.032,603648,0.389,26000000,252.6495062237185
0.04,84.5,766.0,Eritrea,76.0,763.0,1098425900,0.028,6,216.0,0.047,0.23974713551955748,0.14810265957446808,61.0,56.0,0.0,0.435,0.545,0.02,4854066,0.189,66000000,252.6495062237185
0.039,30.3,5053.0,Ethiopia,34.0,28935.0,12173919387,0.041,7,212.0,0.07,0.0,0.07,58.0,56.0,0.0,0.462,0.507,0.031,76167240,0.157,533000000,329.7607573265424
0.033,45.1,2087.0,Gabon,57.0,1718.0,8665736618,0.03,187,488.0,0.05,0.0,0.177,61.0,59.0,0.5,0.395,0.549,0.056,1379465,0.834,13000000,386.5922516879771
0.044,286.0,323.0,"Gambia, The",27.0,108.0,624173996,0.045,20,376.0,0.057,0.0,0.349,58.0,56.0,0.2,0.46,0.515,0.025,1436549,0.523,59000000,248.42238720692856
0.034,39.8,6956.0,Ghana,18.0,8229.0,10731883141,0.07,35,304.0,0.058,0.0,0.14810265957446808,60.0,58.0,0.1,0.402,0.564,0.034,21384034,0.473,867000000,398.9003386518365
0.04,80.7,1181.0,Guinea,40.0,77236.84089635854,2937072009,0.053,16,416.0,0.085,0.0,0.14810265957446808,53.0,52.0,0.0,0.436,0.531,0.032,9576331,0.328,26000000,304.6105859556485
0.04,54.2,213.0,Guinea-Bissau,259.0,87.0,572853554,0.057,24,208.0,0.096,0.0,0.14810265957446808,53.0,51.0,0.1,0.429,0.542,0.029,1421515,0.409,1600000,280.71905168605144
0.039,49.8,8562.0,Kenya,54.0,16151.0,18737895401,0.044,23,372.0,0.061,0.0,0.129,56.0,54.0,0.1,0.428,0.545,0.027,35785718,0.217,969000000,347.29274837346526
0.029,28.8,142307.10776470587,Lesotho,93.0,33.0,1368405301,0.063,45,564.0,0.085,0.0,0.117,44.0,44.0,0.1,0.397,0.557,0.046,1925844,0.222,27000000,377.04433083744823
0.04,44.1,741.0,Liberia,39.99941792782305,77236.84089635854,542000000,0.08,13,302.06850282485874,0.083,0.23974713551955748,0.17,56.0,54.0,0.0,0.433,0.537,0.03,3269786,0.461,67000000,299.705972416712
0.023,44.1,52108.0,Libya,39.99941792782305,17670.0,44000000000,0.026,213,302.06850282485874,0.02,0.0,0.061,75.0,72.0,0.4,0.306,0.651,0.043,5594450,0.769,301000000,426.0048209904163
0.038,46.9,1742.0,Madagascar,38.0,77236.84089635854,5038577519,0.049,13,400.0,0.055,0.0,0.27,63.0,60.0,0.0,0.448,0.523,0.029,18290394,0.288,290000000,331.1503603323873
0.042,33.4,917.0,Malawi,39.0,77236.84089635854,2754995877,0.082,17,370.0,0.073,0.0,0.331,49.0,49.0,0.0,0.461,0.508,0.031,12924746,0.151,48000000,332.9284624462214
0.048,51.4,568.0,Mali,41.0,77236.84089635854,5305317555,0.063,29,270.0,0.097,0.0,0.14810265957446808,51.0,52.0,0.1,0.463,0.506,0.031,11941258,0.321,149000000,349.9091868805707
0.037,94.7,1676.0,Mauritania,82.0,77236.84089635854,2184444849,0.05,29,696.0,0.075,0.0,0.231,62.0,59.0,0.2,0.416,0.553,0.031,3146164,0.531,26000000,252.6495062237185
0.015,26.2,3410.0,Mauritius,46.0,1077.0,6283796155,0.045,239,161.0,0.014,0.2,0.21,76.0,69.0,0.5,0.242,0.692,0.066,1243253,0.416,1189000000,380.3469569698498
0.02,51.7,45771.0,Morocco,12.0,13327.0,59523857868,0.051,100,358.0,0.035,0.2,0.115,71.0,67.0,0.4,0.308,0.642,0.05,30125445,0.551,5426000000,429.4122807224716
0.044,37.5,1822.0,Mozambique,153.0,8489.0,6578515331,0.069,22,230.0,0.091,0.0,0.195,49.0,47.0,0.1,0.448,0.52,0.032,21010376,0.3,138000000,362.77370219428474
0.029,25.8,2310.0,Namibia,95.0,1294.0,7261366632,0.073,262,339.0,0.046,0.0,0.106,58.0,54.0,0.2,0.398,0.569,0.033,2027026,0.366,363000000,342.1627519520008
0.051,42.3,829.0,Niger,35.0,77236.84089635854,3405134555,0.077,20,270.0,0.082,0.0,0.14810265957446808,54.0,54.0,0.0,0.49,0.485,0.025,13183798,0.167,44000000,308.11413513567896
0.042,31.6,104697.0,Nigeria,35.0,106509.0,112248324603,0.066,53,1120.0,0.097,0.0,0.179,49.0,48.0,0.1,0.436,0.537,0.027,139585891,0.391,139000000,401.2856979217226
0.038,46.8,528.0,Rwanda,18.0,77236.84089635854,2581286407,0.061,17,168.0,0.067,0.0,0.161,56.0,54.0,0.0,0.442,0.532,0.025,9429457,0.193,67000000,328.8056413041886
0.038,46.9,77.0,Sao Tome and Principe,144.0,43.0,123258507,0.1,81,424.0,0.048,0.1,0.312,66.0,63.0,0.1,0.42,0.54,0.04,154615,0.58,7300000,172.19647309804736
0.039,50.3,5860.0,Senegal,59.0,2791.0,8707015064,0.054,41,696.0,0.057,0.0,0.14810265957446808,62.0,59.0,0.2,0.441,0.527,0.032,11270826,0.411,334000000,352.88839269357914
0.019,48.4,697.0,Seychelles,39.0,228.0,919103262,0.04,423,76.0,0.012,0.3,0.098,77.0,67.0,0.7,0.243,0.681,0.075,82900,0.511,269000000,320.1611674037678
0.042,272.0,546.0,Sierra Leone,26.0,77236.84089635854,1627853086,0.159,51,399.0,0.128,0.0,0.246,42.0,42.0,0.5781237682301931,0.427,0.549,0.024,5119895,0.368,64000000,300.7404936649495
0.047,44.1,579.0,Somalia,39.99941792782305,77236.84089635854,1001970945,0.06416951983298538,15,302.06850282485874,0.105,0.0,0.14810265957446808,54.0,51.0,0.1,0.477,0.494,0.029,8466938,0.352,26000000,252.6495062237185
0.023,37.6,396117.0,South Africa,35.0,128214.0,247051562311,0.088,450,350.0,0.051,0.1,0.106,53.0,50.0,0.7,0.308,0.648,0.044,47639556,0.595,8629000000,497.0393187326344
0.04,44.1,142307.10776470587,South Sudan,39.99941792782305,77236.84089635854,1001970945,0.06416951983298538,15,302.06850282485874,0.087,0.23974713551955748,0.14810265957446808,52.0,50.0,0.5781237682301931,0.44,0.527,0.032,8039351,0.172,26000000,252.6495062237185
0.038,49.7,10708.0,Sudan,39.0,14837.0,26524992225,0.041,35,180.0,0.061,0.0,0.14810265957446808,62.0,58.0,0.0,0.432,0.538,0.03,31585871,0.328,150000000,412.8333394905506
0.032,36.3,1019.0,Swaziland,60.0,399.0,2584077931,0.068,159,104.0,0.081,0.0,0.106,46.0,46.0,0.2,0.418,0.55,0.032,1104642,0.22,77000000,320.76291102306135
0.042,43.8,5618.0,Tanzania,28.0,17141.0,14141916592,0.04,15,172.0,0.057,0.0,0.152,54.0,53.0,0.1,0.446,0.524,0.03,38824384,0.248,835000000,406.9641642505725
0.038,52.5,1338.0,Togo,65.0,2372.0,2115154090,0.066,25,270.0,0.068,0.0,0.14810265957446808,55.0,53.0,0.1,0.428,0.544,0.028,5540214,0.352,27000000,308.11413513567896
0.017,60.6,22801.0,Tunisia,11.0,8314.0,32282960678,0.056,181,268.0,0.02,0.1,0.14810265957446808,76.0,72.0,0.6,0.258,0.675,0.067,10029000,0.651,2800000000,397.17272326842317
0.047,36.9,2285.0,Uganda,34.0,77236.84089635854,9013834490,0.092,29,237.0,0.068,0.0,0.196,53.0,52.0,0.0,0.494,0.481,0.025,28724869,0.13,382000000,362.3642091588444
0.044,15.4,2274.0,Zambia,35.0,7213.0,7178556337,0.071,44,183.0,0.076,0.0,0.282,48.0,47.0,0.1,0.467,0.506,0.027,11470022,0.366,98000000,334.6282654072223
0.032,32.3,10774.0,Zimbabwe,97.0,9685.0,5755215232,0.06416951983298538,15,216.0,0.057,0.1,2.357,43.0,44.0,0.1,0.415,0.548,0.037,12710589,0.341,99000000,252.6495062237185
0.045,36.3,1016.0,Afghanistan,9.0,77236.84089635854,6275076016,0.092,21,275.0,0.084,0.0,0.14810265957446808,58.0,56.0,0.0,0.493,0.487,0.02,24860855,0.229,26000000,252.6495062237185
0.014,36.6,4360.0,Armenia,18.0,2512.0,4900436759,0.053,85,580.0,0.021,0.1,0.18,77.0,70.0,0.1,0.219,0.665,0.116,3014917,0.642,240000000,378.86616851567373
0.017,46.4,34338.0,Azerbaijan,113.0,13427.0,13245421881,0.079,122,756.0,0.044,0.1,0.17,72.0,66.0,0.3,0.26,0.676,0.064,8391850,0.524,100000000,362.97689505727766
0.023,35.3,37554.0,Bangladesh,50.0,23868.0,60277560976,0.032,13,400.0,0.051,0.0,0.14,68.0,67.0,0.1,0.343,0.614,0.043,143135180,0.268,79000000,389.76380237597556
0.023,40.8,396.0,Bhutan,62.0,204.0,818869146,0.043,55,274.0,0.045,0.0,0.14,64.0,64.0,0.1,0.34,0.619,0.041,650417,0.31,19000000,252.6495062237185
0.02,44.1,5126.0,Brunei Darussalam,39.99941792782305,2217.0,9531402830,0.026,671,302.06850282485874,0.007,0.4,0.055,79.0,75.0,0.6,0.289,0.679,0.032,367815,0.735,191000000,389.65837587050527
0.026,21.5,2776.0,Cambodia,86.0,3436.0,6293046162,0.069,33,137.0,0.052,0.0,0.14810265957446808,70.0,65.0,0.1,0.361,0.595,0.044,13356424,0.192,929000000,351.0186414127683
0.012,80.0,5790017.0,China,48.0,1775677.0,2256902590825,0.047,80,832.0,0.02,0.1,0.056,75.0,73.0,0.3,0.205,0.718,0.077,1303720000,0.425,31842000000,572.6888804433247
0.013,57.0,5068.0,Georgia,21.0,2841.0,6411147323,0.086,123,448.0,0.022,0.1,0.176,77.0,69.0,0.3,0.184,0.67,0.146,4361400,0.525,287000000,371.8560990698957
0.008,24.1,40546.0,"Hong Kong SAR, China",11.0,12664.0,181570082162,0.06416951983298538,15,80.0,0.032813011456628474,0.6,0.078,85.0,79.0,1.2,0.142,0.736,0.121,6813200,1.0,13588000000,543.4216376425651
0.023,66.6,1411128.0,India,71.0,539388.0,834215013605,0.042,32,264.0,0.056,0.0,0.108,66.0,63.0,0.1,0.322,0.631,0.047,1127143548,0.292,7659000000,521.5169870957083
0.021,37.5,341992.0,Indonesia,151.0,179461.0,285868610017,0.028,36,560.0,0.033,0.0,0.141,71.0,67.0,0.2,0.3,0.651,0.049,224480901,0.459,5094000000,496.36734095668305
0.008,52.5,1238181.0,Japan,30.0,520541.0,4571866957195,0.082,2928,315.0,0.003,0.7,0.017,85.0,79.0,0.8,0.138,0.663,0.198,127773000,0.86,15555000000,604.9922196190728
0.018,44.1,176947.0,Kazakhstan,25.0,50805.0,57123671734,0.041,154,271.0,0.029,0.0,0.14810265957446808,72.0,60.0,0.4,0.247,0.677,0.076,15147029,0.547,801000000,426.8930546782594
0.016,44.1,83014.0,"Korea, Dem. Rep.",39.99941792782305,21331.0,1001970945,0.06416951983298538,15,302.06850282485874,0.026,0.23974713551955748,0.14810265957446808,72.0,65.0,0.5781237682301931,0.247,0.678,0.074,23813333,0.598,26000000,252.6495062237185
0.009,35.4,462918.0,"Korea, Rep.",17.0,210176.0,898134300668,0.056,988,290.0,0.005,0.7,0.056,82.0,75.0,0.8,0.191,0.716,0.093,48138077,0.813,8290000000,554.6966366348438
0.021,68.1,5233.0,Kyrgyz Republic,21.0,2497.0,2459876152,0.058,28,202.0,0.034,0.1,0.266,72.0,64.0,0.1,0.313,0.631,0.056,5162600,0.353,94000000,337.0457339112275
0.028,35.2,1434.0,Lao PDR,153.0,77236.84089635854,2735550177,0.043,20,672.0,0.07,0.0,0.268,66.0,63.0,0.1,0.404,0.559,0.037,5790646,0.274,143000000,259.7930106370605
0.008,44.1,1837.0,"Macao SAR, China",39.99941792782305,77236.84089635854,11792570016,0.06416951983298538,15,302.06850282485874,0.032813011456628474,0.3,0.07,81.0,76.0,1.1,0.173,0.754,0.073,468149,1.0,8190000000,409.54154507370157
0.019,36.0,177373.0,Malaysia,37.0,63507.0,143533152129,0.032,179,190.0,0.007,0.5,0.06,76.0,72.0,0.8,0.302,0.654,0.044,25843466,0.666,10389000000,492.4364752660476
0.021,9.3,700.0,Maldives,9.0,225.0,992473987,0.07,235,302.06850282485874,0.019,0.1,0.13,75.0,73.0,0.7,0.343,0.611,0.046,297576,0.338,826000000,337.0457339112275
0.02,39.8,8647.0,Mongolia,13.0,2625.0,2523359941,0.06,60,204.0,0.037,0.23974713551955748,0.306,69.0,62.0,0.2,0.289,0.673,0.037,2526502,0.625,203000000,359.8154553185416
0.019,44.1,11613.0,Myanmar,39.99941792782305,14817.0,1001970945,0.021,5,302.06850282485874,0.051,0.0,0.15,66.0,61.0,0.0,0.281,0.67,0.049,50181020,0.289,83000000,300.7404936649495
0.028,32.5,3242.0,Nepal,31.0,9132.0,8130258976,0.057,19,408.0,0.047,0.0,0.081,66.0,64.0,0.0,0.395,0.561,0.044,25292058,0.152,160000000,369.1652402960141
0.028,43.1,136636.0,Pakistan,24.0,76227.0,109502102511,0.032,22,560.0,0.08,0.1,0.091,66.0,64.0,0.1,0.382,0.577,0.041,157971415,0.347,828000000,453.03396062239625
0.027,47.2,74832.0,Philippines,47.0,38756.0,103065972408,0.039,47,195.0,0.028,0.1,0.102,71.0,64.0,0.4,0.371,0.595,0.034,85821214,0.466,2755000000,447.72797005020436
0.01,27.7,30359.0,Singapore,6.0,21947.0,127417879443,0.038,1058,80.0,0.002,0.6,0.053,83.0,78.0,1.0,0.191,0.726,0.082,4265800,1.0,6209000000,530.5156729219229
0.019,56.7,11643.0,Sri Lanka,48.0,9001.0,24405791045,0.04,49,256.0,0.012,0.0,0.108,77.0,70.0,0.2,0.254,0.675,0.07,19644000,0.184,729000000,405.17900036591493
0.03,79.9,2439.0,Tajikistan,80.0,2342.0,2312319579,0.048,16,224.0,0.054,0.0,0.233,69.0,62.0,0.0,0.384,0.579,0.037,6805655,0.264,9100000,229.53801046401975
0.013,37.5,256169.0,Thailand,33.0,99166.0,176351948404,0.035,95,264.0,0.015,0.2,0.058,76.0,69.0,0.5,0.223,0.7,0.077,65559487,0.375,12102000000,498.0022682437338
0.038,48.4,176.0,Timor-Leste,167.0,58.0,479100000,0.073,33,640.0,0.065,0.0,0.167,65.0,62.0,0.0,0.48,0.493,0.027,982889,0.263,26000000,252.6495062237185
0.023,44.1,45375.0,Turkmenistan,39.99941792782305,19166.0,8104355717,0.03,107,302.06850282485874,0.058,0.0,0.14810265957446808,69.0,60.0,0.0,0.327,0.627,0.046,4747839,0.47,26000000,252.6495062237185
0.02,96.7,111888.0,Uzbekistan,29.0,46965.0,14307509839,0.051,28,196.0,0.047,0.0,0.14810265957446808,71.0,64.0,0.0,0.332,0.62,0.047,26167000,0.367,28000000,252.6495062237185
0.017,39.9,97942.0,Vietnam,45.0,41455.0,57633255739,0.059,36,1050.0,0.024,0.1,0.11,80.0,70.0,0.1,0.271,0.663,0.066,82393500,0.273,2300000000,425.09801988343776
0.014,58.2,4254.0,Albania,41.0,2172.0,8376483740,0.063,160,364.0,0.018,0.1,0.131,79.0,73.0,0.5,0.265,0.649,0.085,2992724,0.467,880000000,420.6630787842705
0.011,44.1,576.0,Andorra,39.99941792782305,77236.84089635854,2539759286,0.058,2356,302.06850282485874,0.003,0.4,0.14810265957446808,71.15926791277259,66.46183800623054,0.8,0.3030511272141707,0.6234814814814815,0.07346457326892109,81223,0.903,26000000,252.6495062237185
0.01,58.2,74238.0,Austria,25.0,33792.0,304983601950,0.104,3863,170.0,0.004,0.6,0.14810265957446808,82.0,77.0,1.1,0.16,0.679,0.161,8227829,0.658,18471000000,534.9107083042159
0.009,137.3,59064.0,Belarus,79.0,26874.0,30210091837,0.069,215,987.0,0.007,0.23974713551955748,0.114,75.0,63.0,0.4,0.155,0.698,0.147,9663000,0.724,346000000,402.4684897101403
0.011,59.5,108525.0,Belgium,34.0,58688.0,377350395463,0.1,3606,156.0,0.004,0.6,0.067,82.0,76.0,0.9,0.171,0.657,0.173,10478617,0.974,10881000000,554.2689428161486
0.008,42.8,25618.0,Bosnia and Herzegovina,63.0,5042.0,10948051122,0.087,246,368.0,0.007,0.2,0.096,78.0,73.0,0.4,0.189,0.68,0.131,3879828,0.392,557000000,356.38287094357815
0.009,45.2,47909.0,Bulgaria,32.0,19898.0,28895083540,0.073,274,616.0,0.014,0.2,0.087,76.0,69.0,0.8,0.137,0.689,0.174,7739900,0.706,3063000000,455.5136809291591
0.01,21.4,23106.0,Croatia,29.0,8905.0,44821408831,0.07,705,232.0,0.006,0.3,0.112,79.0,72.0,0.8,0.16,0.67,0.171,4442000,0.564,7625000000,419.5314688120532
0.012,44.1,7503.0,Cyprus,39.99941792782305,2219.0,16997801392,0.064,1434,302.06850282485874,0.004,0.3,0.071,81.0,77.0,0.8,0.2,0.693,0.107,1032586,0.683,2644000000,429.4951738113715
0.01,48.8,120736.0,Czech Republic,40.0,44941.0,130066444281,0.069,882,930.0,0.004,0.4,0.058,79.0,73.0,1.2,0.148,0.711,0.141,10211216,0.736,5772000000,470.0193848953884
0.012,33.3,47099.0,Denmark,6.0,18888.0,257675536234,0.098,4652,135.0,0.004,0.8,0.14810265957446808,80.0,76.0,1.0,0.187,0.661,0.151,5419432,0.859,5293000000,512.9099125460668
0.011,50.3,16780.0,Estonia,35.0,5164.0,13905561150,0.05,513,81.0,0.006,0.6,0.049,78.0,67.0,1.1,0.153,0.679,0.168,1354775,0.687,1229000000,403.54331501778296
0.022714893617021278,44.1,766.0,Faeroe Islands,39.99941792782305,77236.84089635854,1730894295,0.06416951983298538,15,302.06850282485874,0.032813011456628474,0.7,0.14810265957446808,82.0,77.0,0.9,0.3030511272141707,0.6234814814814815,0.07346457326892109,49157,0.398,26000000,252.6495062237185
0.011,49.5,54646.0,Finland,14.0,34263.0,195777993334,0.084,3151,269.0,0.003,0.7,0.14810265957446808,82.0,76.0,1.0,0.174,0.667,0.159,5246096,0.829,3069000000,484.45296258339647
0.013,65.1,392072.0,France,7.0,270660.0,2136555737950,0.11,3750,132.0,0.004,0.4,0.14810265957446808,84.0,77.0,0.8,0.185,0.651,0.164,63176246,0.771,51691000000,594.4829518982906
0.008,47.7,806703.0,Germany,45.0,335185.0,2766253792966,0.108,3624,196.0,0.004,0.7,0.14810265957446808,82.0,76.0,0.9,0.143,0.667,0.189,82469422,0.734,40531000000,633.2273687104012
0.01,54.0,98675.0,Greece,38.0,30248.0,240075690352,0.097,2093,264.0,0.005,0.2,0.14810265957446808,82.0,77.0,0.9,0.144,0.671,0.186,11092913,0.745,13453000000,476.8443815888945
0.01,56.6,57917.0,Hungary,38.0,27583.0,110321711573,0.084,923,340.0,0.007,0.4,0.085,77.0,69.0,0.9,0.155,0.688,0.157,10087065,0.664,4761000000,471.94370269943647
0.014,26.4,2204.0,Iceland,5.0,3480.0,16286331747,0.096,5329,140.0,0.002,0.9,0.148,84.0,80.0,1.0,0.221,0.662,0.117,296734,0.93,635000000,429.07912121603795
0.015,25.3,43535.0,Ireland,18.0,14330.0,202577741642,0.076,3734,76.0,0.004,0.4,0.026,81.0,77.0,1.0,0.206,0.684,0.111,4159914,0.605,6780000000,508.30202822519874
0.011,44.1,142307.10776470587,Isle of Man,39.99941792782305,77236.84089635854,2915710378,0.06416951983298538,15,302.06850282485874,0.032813011456628474,0.23974713551955748,0.14810265957446808,71.15926791277259,66.46183800623054,0.5781237682301931,0.3030511272141707,0.6234814814814815,0.07346457326892109,80345,0.519,26000000,252.6495062237185
0.01,76.8,473380.0,Italy,13.0,183873.0,1786275014007,0.087,2672,340.0,0.004,0.4,0.053,84.0,78.0,1.2,0.141,0.663,0.196,57969484,0.677,38374000000,576.5135754367199
0.021,44.1,142307.10776470587,Kosovo,39.99941792782305,1946.0,3743116980,0.06416951983298538,15,302.06850282485874,0.032813011456628474,0.23974713551955748,0.14,71.0,67.0,0.5781237682301931,0.3030511272141707,0.6234814814814815,0.07346457326892109,1705780,0.5629525765496639,26000000,252.6495062237185
0.01,36.4,7176.0,Latvia,16.0,4528.0,16041840426,0.064,442,320.0,0.011,0.5,0.061,77.0,66.0,0.8,0.148,0.681,0.172,2238799,0.68,446000000,412.0959193033817
0.011,44.1,142307.10776470587,Liechtenstein,39.99941792782305,77236.84089635854,3658356378,0.06416951983298538,15,302.06850282485874,0.032813011456628474,0.6,0.14810265957446808,84.0,77.0,0.8,0.3030511272141707,0.6234814814814815,0.07346457326892109,34740,0.147,26000000,252.6495062237185
0.009,51.2,13993.0,Lithuania,26.0,8848.0,26085307222,0.058,446,166.0,0.008,0.4,0.053,77.0,65.0,1.3,0.167,0.681,0.151,3322528,0.666,975000000,417.9928652181555
0.012,44.1,11544.0,Luxembourg,39.99941792782305,4382.0,37643013481,0.079,6485,302.06850282485874,0.003,0.7,0.14810265957446808,82.0,77.0,1.1,0.186,0.67,0.144,465158,0.866,3612000000,475.8585328090113
0.011,20.3,11280.0,"Macedonia, FYR",48.0,2842.0,5985809060,0.081,231,192.0,0.012,0.3,0.121,77.0,72.0,0.5,0.198,0.69,0.112,2090044,0.575,116000000,338.2002485395387
0.01,44.1,2699.0,Malta,39.99941792782305,881.0,5980795756,0.091,1394,302.06850282485874,0.006,0.4,0.055,81.0,77.0,0.8,0.173,0.694,0.133,403834,0.936,924000000,382.40989393516435
0.012,48.0,4895.0,Moldova,30.0,3500.0,2988172424,0.092,76,234.0,0.019,0.1,0.193,72.0,64.0,0.3,0.19,0.698,0.112,3595187,0.453,138000000,359.1521128474754
0.022714893617021278,44.1,142307.10776470587,Monaco,39.99941792782305,77236.84089635854,4280072626,0.04,4960,302.06850282485874,0.004,0.6,0.14810265957446808,71.15926791277259,66.46183800623054,0.5,0.3030511272141707,0.6234814814814815,0.07346457326892109,33808,1.0,26000000,252.6495062237185
0.013,44.1,2057.0,Montenegro,39.99941792782305,987.0,2257181943,0.087,319,302.06850282485874,0.01,0.3,0.14810265957446808,76.0,71.0,0.9,0.201,0.67,0.129,615820,0.622,26000000,252.6495062237185
0.012,47.7,172228.0,Netherlands,9.0,78824.0,638470626275,0.109,4261,250.0,0.005,0.8,0.028,82.0,77.0,1.0,0.184,0.675,0.14,16319868,0.826,16528000000,553.8459927099381
0.012,41.1,42438.0,Norway,8.0,26771.0,304060069849,0.095,6293,87.0,0.003,0.8,0.04,83.0,78.0,1.0,0.196,0.656,0.147,4623291,0.775,4243000000,531.9975299054825
0.01,43.2,303598.0,Poland,31.0,92377.0,303912247951,0.062,494,418.0,0.007,0.4,0.068,79.0,71.0,0.8,0.164,0.703,0.133,38165445,0.615,7128000000,506.1240403003815
0.01,43.8,65309.0,Portugal,54.0,26467.0,191847858529,0.104,1886,328.0,0.004,0.4,0.14810265957446808,81.0,75.0,1.1,0.156,0.673,0.171,10503330,0.575,9008000000,485.90060591435633
0.01,55.8,95676.0,Romania,11.0,38693.0,99172613716,0.055,251,190.0,0.018,0.2,0.196,76.0,68.0,0.6,0.155,0.697,0.148,21319685,0.532,1325000000,432.378970327912
0.01,60.0,1615688.0,Russian Federation,29.0,651712.0,764000901161,0.052,277,448.0,0.014,0.2,0.107,72.0,59.0,0.8,0.152,0.71,0.138,143113885,0.735,7806000000,558.3976985433449
0.01,44.1,142307.10776470587,San Marino,39.99941792782305,77236.84089635854,1375416604,0.053,3399,302.06850282485874,0.004,0.5,0.072,85.0,79.0,0.6,0.3030511272141707,0.6234814814814815,0.07346457326892109,29775,0.94,26000000,252.6495062237185
0.01,35.8,142307.10776470587,Serbia,23.0,16051.0,25234408773,0.091,307,279.0,0.008,0.3,0.168,75.0,70.0,0.7,0.181,0.679,0.14,7440769,0.545,308000000,375.43682389332946
0.01,48.7,39175.0,Slovak Republic,27.0,18830.0,61328471583,0.07,627,325.0,0.008,0.6,0.067,78.0,70.0,0.8,0.168,0.716,0.117,5372807,0.556,1282000000,434.23802454981563
0.009,39.2,15867.0,Slovenia,60.0,7293.0,35717733757,0.084,1494,260.0,0.004,0.5,0.078,81.0,74.0,0.9,0.142,0.703,0.155,2000474,0.505,1894000000,430.23419768118436
0.011,61.9,353462.0,Spain,47.0,141914.0,1130798885738,0.083,2178,298.0,0.005,0.5,0.14810265957446808,84.0,77.0,1.0,0.145,0.688,0.168,43653155,0.773,53066000000,558.7475878240465
0.011,54.1,51562.0,Sweden,16.0,51569.0,370579722395,0.091,3726,122.0,0.003,0.8,0.033,83.0,78.0,1.0,0.174,0.653,0.173,9029572,0.843,7739000000,536.1597334512652
0.01,28.8,41375.0,Switzerland,18.0,25941.0,384754997464,0.109,5637,63.0,0.004,0.7,0.031,84.0,79.0,0.9,0.163,0.679,0.158,7437115,0.735,11937000000,532.7850365323261
0.019,52.8,237369.0,Turkey,6.0,84379.0,482979839097,0.054,366,254.0,0.026,0.2,0.14810265957446808,76.0,69.0,0.6,0.285,0.649,0.066,67743052,0.678,20760000000,483.73026144198127
0.009,57.3,333869.0,Ukraine,34.0,142883.0,86142018069,0.064,117,2085.0,0.013,0.0,0.162,74.0,62.0,0.6,0.147,0.695,0.158,47105150,0.678,3542000000,477.31526065920576
0.012,34.7,541986.0,United Kingdom,13.0,222638.0,2321357943509,0.083,3161,105.0,0.005,0.7,0.046,81.0,77.0,1.1,0.179,0.661,0.16,60401206,0.799,39411000000,625.6816549150719
0.019,44.1,19208.0,Bahrain,39.99941792782305,7332.0,15969151306,0.037,573,302.06850282485874,0.009,0.2,0.078,76.0,75.0,0.9,0.269,0.709,0.022,879534,0.884,1603000000,406.75386928585243
0.018,44.2,469328.0,"Iran, Islamic Rep.",28.0,172442.0,192014940324,0.053,156,344.0,0.022,0.1,0.16,73.0,70.0,0.1,0.258,0.693,0.049,70152384,0.676,1025000000,490.0545331559253
0.034,24.2,114770.0,Iraq,32.0,26866.0,49954890353,0.041,55,312.0,0.033,0.0,0.137,72.0,67.0,0.1,0.419,0.546,0.035,27377045,0.688,186000000,410.3240542519226
0.021,39.1,60245.0,Israel,20.0,18478.0,133959001783,0.077,1480,230.0,0.005,0.3,0.068,82.0,78.0,1.2,0.279,0.621,0.1,6930100,0.915,3427000000,486.33436118493654
0.03,31.1,21027.0,Jordan,16.0,6677.0,12582876895,0.089,213,136.0,0.02,0.1,0.076,74.0,71.0,0.6,0.379,0.589,0.032,5411000,0.812,1759000000,411.9717686457039
0.021,10.7,71547.0,Kuwait,35.0,26399.0,80797945205,0.024,834,98.0,0.01,0.3,0.075,75.0,73.0,0.6,0.255,0.712,0.033,2296314,0.982,413000000,498.72284983925874
0.014,35.4,16245.0,Lebanon,46.0,5023.0,21287562189,0.078,420,180.0,0.012,0.1,0.106,79.0,75.0,0.2,0.279,0.646,0.075,3986865,0.866,5969000000,483.754946234213
0.022,19.5,29893.0,Oman,35.0,10772.0,30905071771,0.026,331,52.0,0.011,0.1,0.071,77.0,72.0,0.5,0.351,0.624,0.025,2522325,0.724,627000000,423.36869990208334
0.015,44.1,51881.0,Qatar,39.99941792782305,16638.0,44530493222,0.03,1634,302.06850282485874,0.009,0.2,0.067,78.0,77.0,0.9,0.237,0.749,0.014,821159,0.974,760000000,453.17942524816567
0.023,14.5,397642.0,Saudi Arabia,67.0,145540.0,328459608764,0.035,466,69.0,0.017,0.1,0.14810265957446808,76.0,72.0,0.6,0.343,0.626,0.031,24690067,0.81,4626000000,525.7899747775621
0.027,43.3,50634.0,Syrian Arab Republic,43.0,20792.0,28858965517,0.041,63,336.0,0.016,0.1,0.08,77.0,73.0,0.2,0.386,0.58,0.034,18167367,0.538,2035000000,407.45083914028726
0.016,14.4,116149.0,United Arab Emirates,19.0,43231.0,180617023539,0.023,1030,12.0,0.008,0.4,0.14810265957446808,77.0,75.0,1.1,0.2,0.791,0.008,4148883,0.823,3218000000,508.30202822519874
0.035,195.2,20044.0,"Yemen, Rep.",63.0,6589.0,16753787028,0.046,42,248.0,0.056,0.0,0.18,63.0,60.0,0.1,0.457,0.517,0.026,20139661,0.289,181000000,369.6835514701896
0.022714893617021278,44.1,142307.10776470587,American Samoa,39.99941792782305,77236.84089635854,1001970945,0.06416951983298538,15,302.06850282485874,0.032813011456628474,0.23974713551955748,0.14810265957446808,71.15926791277259,66.46183800623054,0.5781237682301931,0.3030511272141707,0.6234814814814815,0.07346457326892109,59117,0.881,26000000,252.6495062237185
0.013,52.1,362685.0,Australia,3.0,113503.0,693662607127,0.085,3136,107.0,0.005,0.6,0.091,83.0,79.0,0.9,0.198,0.673,0.129,20394800,0.88,19820000000,551.0343129248175
0.023,41.5,1364.0,Fiji,46.0,578.0,3006725015,0.036,132,140.0,0.02,0.1,0.068,71.0,66.0,0.2,0.306,0.653,0.041,822484,0.499,722000000,349.62688990362375
0.018,44.1,851.0,French Polynesia,39.99941792782305,77236.84089635854,1001970945,0.06416951983298538,15,302.06850282485874,0.032813011456628474,0.2,0.14810265957446808,77.0,72.0,0.5,0.277,0.672,0.05,254884,0.564,759000000,395.1864002704853
0.019,44.1,142307.10776470587,Guam,39.99941792782305,77236.84089635854,1001970945,0.06416951983298538,15,302.06850282485874,0.032813011456628474,0.4,0.14810265957446808,79.0,74.0,0.5781237682301931,0.295,0.641,0.064,158401,0.936,26000000,252.6495062237185
0.025,31.8,62.0,Kiribati,31.0,8.0,106147384,0.101,118,120.0,0.05,0.0,0.14810265957446808,69.0,64.0,0.0,0.371,0.593,0.036,90468,0.436,3100000,257.458874632414
0.035,64.8,84.0,Marshall Islands,17.0,29.0,137556823,0.173,462,128.0,0.033,0.0,0.14810265957446808,71.15926791277259,66.46183800623054,0.0,0.3030511272141707,0.6234814814814815,0.07346457326892109,52058,0.699,5700000,166.38993661782115
0.026,59.6,117.0,"Micronesia, Fed. Sts.",16.0,77236.84089635854,249845593,0.121,285,128.0,0.037,0.1,0.164,69.0,67.0,0.1,0.388,0.572,0.04,106198,0.223,21000000,248.42238720692856
0.017,44.1,2838.0,New Caledonia,39.99941792782305,77236.84089635854,1001970945,0.06416951983298538,15,302.06850282485874,0.032813011456628474,0.3,0.14810265957446808,79.0,72.0,0.6,0.269,0.662,0.069,234393,0.64,149000000,346.6869574090903
0.014,36.6,33920.0,New Zealand,12.0,16846.0,113791304306,0.084,2288,172.0,0.005,0.6,0.078,82.0,78.0,0.9,0.215,0.664,0.12,4133900,0.861,5211000000,471.1382273852173
0.033,41.6,4613.0,Papua New Guinea,51.0,77236.84089635854,4901584516,0.04,32,207.0,0.056,0.0,0.115,63.0,59.0,0.0,0.4,0.574,0.026,6095959,0.131,9400000,318.92823111249527
0.029,20.2,158.0,Samoa,35.0,57.0,412220560,0.05,114,224.0,0.017,0.0,0.114,74.0,68.0,0.1,0.396,0.556,0.048,179928,0.212,74000000,283.1187010289168
0.035,26.1,180.0,Solomon Islands,56.0,58.0,413909879,0.078,69,80.0,0.029,0.0,0.141,67.0,64.0,0.0,0.413,0.557,0.03,469306,0.178,6400000,263.4591388823747
0.029,27.5,158.0,Tonga,32.0,57.0,264812954,0.064,167,164.0,0.013,0.0,0.114,74.0,69.0,0.3,0.381,0.559,0.06,100960,0.232,15000000,275.1650398034187
0.029,8.4,55.0,Vanuatu,47.0,30.0,394962552,0.033,61,120.0,0.018,0.1,0.075,71.0,67.0,0.1,0.397,0.57,0.033,209375,0.231,104000000,268.3194695609425
0.019,51.5,411.0,Antigua and Barbuda,31.0,137.0,1001970945,0.045,544,184.0,0.011,0.3,0.114,77.0,72.0,1.0,0.283,0.644,0.073,82565,0.292,309000000,306.4036705701629
0.018,107.5,160952.0,Argentina,30.0,66973.0,222907566121,0.083,395,453.0,0.015,0.2,0.062,79.0,71.0,0.6,0.263,0.634,0.102,38647854,0.901,3209000000,483.6190159493511
0.012,44.1,2274.0,Aruba,39.99941792782305,77236.84089635854,2331005587,0.06416951983298538,15,302.06850282485874,0.032813011456628474,0.3,0.115,77.0,72.0,1.0,0.215,0.699,0.086,100031,0.449,1097000000,373.9184660116242
0.015,44.1,1599.0,"Bahamas, The",39.99941792782305,696.0,7706222000,0.06,1394,302.06850282485874,0.013,0.3,0.055,77.0,71.0,0.7,0.256,0.682,0.062,329088,0.823,2081000000,403.391432060557
0.013,44.1,1353.0,Barbados,39.99941792782305,390.0,3891500000,0.07,765,302.06850282485874,0.015,0.5,0.092,76.0,72.0,0.8,0.206,0.686,0.108,273568,0.329,1081000000,377.4720004917818
0.027,34.7,396.0,Belize,45.0,161.0,1114200000,0.044,182,147.0,0.018,0.1,0.143,75.0,69.0,0.4,0.379,0.58,0.041,271920,0.463,214000000,310.5409837075112
0.013,44.1,444.0,Bermuda,39.99941792782305,77236.84089635854,4868136000,0.06416951983298538,15,302.06850282485874,0.032813011456628474,0.7,0.14810265957446808,81.0,76.0,0.8,0.3030511272141707,0.6234814814814815,0.07346457326892109,64154,1.0,429000000,372.1802652183284
0.029,80.0,12325.0,Bolivia,50.0,5183.0,9549196256,0.056,57,1080.0,0.044,0.1,0.166,67.0,63.0,0.3,0.383,0.573,0.044,9354709,0.642,345000000,374.98721599950954
0.018,69.0,347309.0,Brazil,152.0,215332.0,882185702547,0.082,387,2600.0,0.02,0.2,0.554,76.0,68.0,0.5,0.276,0.663,0.062,186142403,0.828,4168000000,506.20793877811764
0.011,47.5,563072.0,Canada,3.0,272206.0,1164179473990,0.098,3452,119.0,0.005,0.7,0.044,83.0,78.0,0.5,0.177,0.692,0.131,32312000,0.801,15887000000,568.6959755825239
0.022714893617021278,44.1,513.0,Cayman Islands,39.99941792782305,77236.84089635854,1001970945,0.06416951983298538,15,302.06850282485874,0.032813011456628474,0.4,0.14810265957446808,71.15926791277259,66.46183800623054,1.7,0.3030511272141707,0.6234814814814815,0.07346457326892109,48623,1.0,356000000,252.6495062237185
0.015,25.3,61730.0,Chile,27.0,28352.0,124404150138,0.066,497,316.0,0.008,0.3,0.067,81.0,75.0,0.6,0.249,0.671,0.08,16337749,0.874,1682000000,442.1375589029725
0.021,83.7,60946.0,Colombia,42.0,27085.0,146520136085,0.058,197,456.0,0.018,0.1,0.146,76.0,69.0,0.5,0.308,0.642,0.051,43184026,0.736,1574000000,448.21766267751593
0.017,55.2,7088.0,Costa Rica,77.0,3865.0,19964893807,0.077,364,402.0,0.009,0.2,0.247,81.0,76.0,0.3,0.279,0.662,0.059,4320130,0.657,1810000000,405.46972608658797
0.011,44.1,26006.0,Cuba,39.99941792782305,10758.0,42644200000,0.081,306,302.06850282485874,0.005,0.1,0.14810265957446808,80.0,76.0,0.0,0.195,0.696,0.11,11292078,0.761,2591000000,252.6495062237185
0.022714893617021278,44.1,142307.10776470587,Curacao,39.99941792782305,77236.84089635854,1001970945,0.06416951983298538,15,302.06850282485874,0.032813011456628474,0.23974713551955748,0.14810265957446808,71.15926791277259,66.46183800623054,0.5781237682301931,0.211,0.668,0.121,136708,0.905,244000000,357.7914867451716
0.022714893617021278,37.0,114.0,Dominica,14.0,41.0,361615918,0.05,255,147.0,0.012,0.4,0.099,71.15926791277259,66.46183800623054,0.7,0.3030511272141707,0.6234814814814815,0.07346457326892109,70542,0.666,57000000,259.7930106370605
0.024,35.5,19651.0,Dominican Republic,74.0,6840.0,33969724872,0.053,188,232.0,0.029,0.1,0.241,75.0,69.0,0.4,0.331,0.613,0.057,9343362,0.674,3518000000,402.077897554974
0.024,35.3,29908.0,Ecuador,69.0,11048.0,41507085000,0.063,190,600.0,0.024,0.1,0.096,78.0,72.0,0.5,0.327,0.617,0.056,13777131,0.617,488000000,411.40857892431904
0.021,34.7,6454.0,El Salvador,40.0,4509.0,17093800000,0.072,202,320.0,0.02,0.0,0.14810265957446808,75.0,66.0,0.4,0.357,0.581,0.062,6072538,0.616,656000000,379.4108341173763
0.016,44.1,609.0,Greenland,39.99941792782305,77236.84089635854,1702543477,0.06416951983298538,15,302.06850282485874,0.032813011456628474,0.6,0.14810265957446808,72.0,67.0,0.8,0.3030511272141707,0.6234814814814815,0.07346457326892109,56935,0.829,26000000,252.6495062237185
0.019,45.3,216.0,Grenada,20.0,79.0,700431791,0.061,412,140.0,0.013,0.2,0.101,74.0,69.0,0.5,0.3,0.623,0.077,102951,0.359,71000000,259.7930106370605
0.035,38.7,12453.0,Guatemala,39.0,7855.0,27211230374,0.065,138,344.0,0.033,0.1,0.13,73.0,66.0,0.4,0.432,0.526,0.043,12678919,0.472,791000000,403.694654336206
0.022,39.0,1434.0,Guyana,42.0,495.0,824880550,0.053,58,288.0,0.036,0.23974713551955748,0.145,68.0,62.0,0.4,0.366,0.596,0.038,760834,0.283,35000000,306.4036705701629
0.029,40.4,2076.0,Haiti,202.0,2585.0,4154289832,0.044,20,184.0,0.066,0.1,0.41,61.0,58.0,0.1,0.381,0.578,0.042,9260879,0.441,80000000,360.03414968651396
0.029,44.0,7554.0,Honduras,62.0,3997.0,9672006169,0.077,109,424.0,0.026,0.1,0.188,74.0,69.0,0.2,0.398,0.56,0.041,6898825,0.485,465000000,383.64867627955954
0.018,49.9,10645.0,Jamaica,8.0,3717.0,11075778481,0.041,170,414.0,0.018,0.1,0.174,74.0,69.0,0.7,0.311,0.612,0.077,2643601,0.528,1783000000,379.680481300058
0.022,55.7,435046.0,Mexico,58.0,170263.0,866346483685,0.059,478,552.0,0.017,0.2,0.097,78.0,73.0,0.4,0.323,0.624,0.053,110731826,0.763,12801000000,525.0986500823848
0.025,63.5,4320.0,Nicaragua,39.0,2836.0,6322582497,0.061,71,240.0,0.026,0.0,0.121,75.0,69.0,0.2,0.378,0.581,0.041,5455219,0.559,206000000,357.3274504489907
0.022,43.9,6839.0,Panama,18.0,2884.0,15464700000,0.075,344,560.0,0.019,0.1,0.087,79.0,73.0,0.5,0.307,0.632,0.061,3365929,0.637,1108000000,391.1105811494738
0.026,54.5,3832.0,Paraguay,74.0,3954.0,8734651406,0.056,82,328.0,0.024,0.1,0.299,73.0,69.0,0.3,0.358,0.594,0.048,5904170,0.574,96000000,349.0561710740736
0.022,38.4,37136.0,Peru,102.0,13646.0,74147754854,0.045,128,424.0,0.022,0.2,0.255,75.0,70.0,0.2,0.32,0.626,0.054,27723281,0.75,1438000000,428.1922462469597
0.013,57.6,142307.10776470587,Puerto Rico,7.0,77236.84089635854,83914521341,0.06416951983298538,15,140.0,0.032813011456628474,0.2,0.14810265957446808,82.0,74.0,0.5,0.222,0.657,0.122,3821362,0.941,3239000000,450.79311211169056
0.022714893617021278,44.1,142307.10776470587,Sint Maarten (Dutch part),39.99941792782305,77236.84089635854,1001970945,0.06416951983298538,15,302.06850282485874,0.032813011456628474,0.23974713551955748,0.14810265957446808,71.15926791277259,66.46183800623054,0.5781237682301931,0.3030511272141707,0.6234814814814815,0.07346457326892109,36936,1.0,659000000,337.0457339112275
0.022714893617021278,52.3,235.0,St. Kitts and Nevis,19.0,79.0,536410666,0.036,389,172.0,0.011,0.3,0.1,71.15926791277259,66.46183800623054,1.0,0.3030511272141707,0.6234814814814815,0.07346457326892109,49139,0.32,121000000,262.8745315809
0.017,35.7,367.0,St. Lucia,20.0,123.0,908558307,0.063,348,71.0,0.015,0.2,0.106,75.0,71.0,0.6,0.285,0.643,0.072,165407,0.231,382000000,305.51796601229137
0.018,44.1,142307.10776470587,St. Martin (French part),39.99941792782305,77236.84089635854,1001970945,0.06416951983298538,15,302.06850282485874,0.032813011456628474,0.23974713551955748,0.14810265957446808,81.0,75.0,0.5781237682301931,0.3030511272141707,0.6234814814814815,0.07346457326892109,27906,0.5629525765496639,26000000,252.6495062237185
0.018,45.0,198.0,St. Vincent and the Grenadines,12.0,67.0,551431645,0.037,185,76.0,0.019,0.1,0.096,74.0,69.0,0.6,0.285,0.643,0.072,108749,0.47,104000000,273.0280623617032
0.02,27.9,2380.0,Suriname,694.0,696.0,1793557833,0.068,243,199.0,0.026,0.1,0.174,72.0,66.0,0.5,0.299,0.64,0.061,499523,0.667,96000000,337.0457339112275
0.015,37.0,28581.0,Trinidad and Tobago,43.0,16880.0,16088526686,0.053,648,210.0,0.024,0.3,0.091,73.0,65.0,0.7,0.218,0.709,0.072,1296933,0.099,593000000,371.36495354621746
0.022714893617021278,44.1,121.0,Turks and Caicos Islands,39.99941792782305,77236.84089635854,1001970945,0.06416951983298538,15,302.06850282485874,0.032813011456628474,0.23974713551955748,0.14810265957446808,71.15926791277259,66.46183800623054,0.5781237682301931,0.3030511272141707,0.6234814814814815,0.07346457326892109,26450,0.877,26000000,252.6495062237185
0.014,45.8,5826394.0,United States,6.0,2318861.0,13095400000000,0.158,6732,325.0,0.007,0.7,0.062,80.0,75.0,0.7,0.205,0.671,0.123,295516599,0.799,127237000000,641.6561617435359
0.015,71.3,5776.0,Uruguay,45.0,2957.0,17362872710,0.082,430,304.0,0.012,0.2,0.136,79.0,72.0,0.3,0.238,0.627,0.135,3325155,0.933,699000000,384.85136508480673
0.022,50.2,181630.0,"Venezuela, RB",141.0,66558.0,145513489652,0.054,296,864.0,0.016,0.1,0.168,76.0,70.0,0.5,0.313,0.637,0.05,26725897,0.886,722000000,455.16773934050866
0.015,44.1,142307.10776470587,Virgin Islands (U.S.),39.99941792782305,77236.84089635854,1001970945,0.06416951983298538,15,302.06850282485874,0.032813011456628474,0.3,0.14810265957446808,82.0,76.0,0.7,0.224,0.67,0.106,107863,0.937,1432000000,252.6495062237185
0.022,76.9,103963.0,Algeria,25.0,34658.0,117026655314,0.031,106,451.0,0.028,0.1,0.08,72.0,68.0,0.6,0.282,0.673,0.045,34507214,0.646,393000000,393.6802227721027
0.049,52.1,22266.0,Angola,119.0,10006.0,41789494462,0.045,111,272.0,0.12,0.0,0.195,50.0,48.0,0.2,0.478,0.497,0.024,17122409,0.369,91000000,391.61719288488945
0.04,75.7,3876.0,Benin,31.0,2949.0,4705087452,0.048,26,270.0,0.072,0.0,0.14810265957446808,59.0,56.0,0.1,0.443,0.529,0.028,8443671,0.403,122000000,326.8209699135724
0.025,17.1,4646.0,Botswana,107.0,1956.0,10126990488,0.049,263,140.0,0.043,0.0,0.165,47.0,46.0,0.4,0.354,0.613,0.033,1895944,0.553,539000000,379.0030139444548
0.044,47.6,1360.0,Burkina Faso,34.0,77236.84089635854,5844669738,0.074,28,270.0,0.083,0.0,0.14810265957446808,54.0,52.0,0.1,0.464,0.51,0.025,13822257,0.223,55000000,332.9284624462214
0.044,279.7,187.0,Burundi,13.0,77236.84089635854,1273180655,0.116,18,140.0,0.072,0.0,0.171,52.0,49.0,0.0,0.449,0.524,0.027,8042579,0.096,1600000,347.88936245034824
0.04,50.8,3828.0,Cameroon,45.0,6723.0,17953103009,0.048,46,654.0,0.076,0.0,0.153,53.0,51.0,0.2,0.441,0.526,0.033,18611937,0.491,231000000,402.8555021388267
0.037,203.8,227.0,Central African Republic,22.0,77236.84089635854,1473721521,0.04,15,504.0,0.109,0.0,0.153,47.0,44.0,0.0,0.417,0.544,0.04,4032102,0.382,10200000,312.07547896619843
0.049,74.0,407.0,Chad,64.0,77236.84089635854,7422102520,0.04,24,732.0,0.1,0.0,0.153,49.0,47.0,0.0,0.492,0.482,0.026,10356822,0.218,26000000,252.6495062237185
0.039,217.9,121.0,Comoros,22.0,42.0,403179474,0.046,30,100.0,0.069,0.0,0.105,61.0,58.0,0.1,0.417,0.553,0.03,616526,0.279,27000000,262.8745315809
0.046,286.5,2417.0,"Congo, Dem. Rep.",133.0,20715.0,14296505933,0.055,9,308.0,0.102,0.0,0.464,50.0,46.0,0.1,0.461,0.511,0.028,55590838,0.38,3100000,336.6531428425032
0.039,64.9,1338.0,"Congo, Rep.",37.0,1154.0,7731261169,0.024,50,606.0,0.057,0.0,0.153,56.0,53.0,0.3,0.422,0.543,0.035,3646653,0.614,45000000,349.62688990362375
0.036,47.3,6997.0,Cote d'Ivoire,45.0,9537.0,17367303156,0.06,59,270.0,0.087,0.0,0.14810265957446808,49.0,47.0,0.2,0.423,0.547,0.03,17662417,0.475,104000000,407.38165470309775
0.029,37.8,488.0,Djibouti,37.0,143.0,768873684,0.071,66,66.0,0.069,0.0,0.14810265957446808,60.0,57.0,0.1,0.365,0.601,0.034,787544,0.768,9800000,273.0280623617032
0.024,46.4,178616.0,"Egypt, Arab Rep.",19.0,66269.0,107484034648,0.052,75,596.0,0.024,0.1,0.126,72.0,67.0,0.2,0.322,0.624,0.055,72990754,0.431,8133000000,461.88545299173245
0.038,44.1,4752.0,Equatorial Guinea,135.0,1503.0,8081982438,0.023,287,492.0,0.085,0.0,0.153,51.0,48.0,0.2,0.403,0.566,0.032,621517,0.389,26000000,252.6495062237185
0.04,84.5,561.0,Eritrea,76.0,697.0,1211161880,0.032,8,216.0,0.046,0.23974713551955748,0.14810265957446808,61.0,57.0,0.0,0.432,0.548,0.02,5035036,0.192,60000000,252.6495062237185
0.038,30.3,5420.0,Ethiopia,18.0,29705.0,15000803171,0.042,8,212.0,0.065,0.0,0.07,59.0,57.0,0.0,0.46,0.509,0.031,78290649,0.159,639000000,338.2002485395387
0.033,44.7,1977.0,Gabon,57.0,1768.0,9545982814,0.032,216,488.0,0.049,0.1,0.153,61.0,59.0,0.6,0.393,0.551,0.056,1412907,0.84,26000000,252.6495062237185
0.044,292.1,337.0,"Gambia, The",27.0,114.0,655068112,0.047,21,376.0,0.056,0.1,0.298,58.0,56.0,0.3,0.46,0.515,0.025,1482324,0.532,69000000,252.6495062237185
0.034,35.9,9289.0,Ghana,18.0,9062.0,20410239313,0.054,48,304.0,0.057,0.0,0.14810265957446808,60.0,58.0,0.2,0.399,0.566,0.034,21947779,0.48,910000000,406.8240834384567
0.04,80.7,1181.0,Guinea,40.0,77236.84089635854,2821346684,0.055,16,416.0,0.082,0.0,0.14810265957446808,54.0,53.0,0.5781237682301931,0.435,0.533,0.032,9798963,0.332,26000000,307.26873851753516
0.04,45.9,216.0,Guinea-Bissau,259.0,90.0,578517349,0.059,24,208.0,0.094,0.0,0.14810265957446808,54.0,52.0,0.1,0.427,0.544,0.029,1452659,0.417,2800000,278.71331098009074
0.038,49.8,9575.0,Kenya,54.0,16896.0,22504136042,0.045,28,432.0,0.059,0.1,0.136,57.0,55.0,0.2,0.427,0.546,0.027,36757498,0.22,1181000000,360.8971836490445
0.029,28.8,142307.10776470587,Lesotho,73.0,19.0,1428842600,0.071,52,564.0,0.084,0.0,0.122,44.0,44.0,0.2,0.393,0.561,0.046,1940413,0.228,29000000,375.8815384072821
0.04,42.9,759.0,Liberia,68.0,77236.84089635854,604028582,0.109,18,158.0,0.077,0.23974713551955748,0.155,57.0,55.0,0.1,0.434,0.536,0.03,3384791,0.464,124000000,307.26873851753516
0.023,44.1,53788.0,Libya,39.99941792782305,17899.0,56484375000,0.025,237,302.06850282485874,0.019,0.0,0.063,76.0,72.0,0.7,0.303,0.654,0.043,5686475,0.77,244000000,425.7798922658598
0.037,46.5,1683.0,Madagascar,21.0,77236.84089635854,5515236338,0.05,15,304.0,0.052,0.0,0.295,63.0,60.0,0.1,0.446,0.525,0.029,18826126,0.294,386000000,333.78770643820366
0.042,33.4,953.0,Malawi,39.0,77236.84089635854,3116789658,0.09,21,370.0,0.068,0.0,0.323,50.0,50.0,0.0,0.461,0.508,0.03,13307535,0.151,45000000,333.3604732724116
0.048,51.4,568.0,Mali,41.0,77236.84089635854,6122644015,0.066,33,270.0,0.093,0.0,0.14810265957446808,52.0,52.0,0.1,0.464,0.506,0.03,12325545,0.328,175000000,364.5665241295298
0.037,94.7,1676.0,Mauritania,82.0,77236.84089635854,3040718541,0.035,30,696.0,0.074,0.0,0.24,62.0,59.0,0.3,0.413,0.555,0.031,3237713,0.539,26000000,252.6495062237185
0.014,26.0,3777.0,Mauritius,46.0,1173.0,6731536244,0.048,269,161.0,0.014,0.2,0.211,76.0,69.0,0.6,0.236,0.696,0.068,1252698,0.414,1302000000,386.7057489805004
0.02,51.7,47425.0,Morocco,12.0,13648.0,65637107776,0.052,113,358.0,0.034,0.2,0.14810265957446808,71.0,68.0,0.5,0.302,0.648,0.05,30395097,0.556,6900000000,433.9024358619278
0.043,37.5,1980.0,Mozambique,113.0,8742.0,7095910828,0.065,21,230.0,0.087,0.0,0.186,49.0,47.0,0.1,0.45,0.519,0.032,21587317,0.302,145000000,364.5665241295298
0.029,25.8,2329.0,Namibia,95.0,1294.0,7978609422,0.072,280,339.0,0.044,0.0,0.112,60.0,55.0,0.3,0.395,0.571,0.033,2052931,0.376,473000000,345.4466516744021
0.051,42.3,807.0,Niger,24.0,77236.84089635854,3646727993,0.079,21,270.0,0.079,0.0,0.14810265957446808,55.0,55.0,0.0,0.492,0.483,0.025,13679705,0.169,39000000,308.11413513567896
0.042,32.2,98514.0,Nigeria,35.0,107005.0,145429802542,0.057,59,1120.0,0.094,0.1,0.169,50.0,49.0,0.2,0.436,0.536,0.027,143314909,0.399,209000000,483.39571594134145
0.038,36.9,528.0,Rwanda,16.0,77236.84089635854,3110327823,0.1,32,168.0,0.061,0.23974713551955748,0.161,58.0,56.0,0.0,0.442,0.533,0.024,9660946,0.202,148000000,332.9284624462214
0.038,48.7,84.0,Sao Tome and Principe,144.0,44.0,135181862,0.078,68,424.0,0.046,0.1,0.293,67.0,63.0,0.1,0.418,0.542,0.039,158806,0.588,6700000,193.51095889072357
0.039,45.5,4789.0,Senegal,59.0,2798.0,9358710763,0.054,44,696.0,0.055,0.1,0.14810265957446808,63.0,60.0,0.3,0.44,0.529,0.032,11582925,0.413,329000000,351.56191868608573
0.017,48.4,744.0,Seychelles,39.0,243.0,1016419769,0.038,438,76.0,0.012,0.4,0.1,76.0,69.0,0.8,0.238,0.688,0.075,84600,0.513,323000000,318.2963664142419
0.041,272.0,733.0,Sierra Leone,26.0,77236.84089635854,1887429109,0.142,51,399.0,0.125,0.0,0.24,43.0,43.0,0.5781237682301931,0.426,0.549,0.025,5280909,0.371,23000000,273.0280623617032
0.047,44.1,576.0,Somalia,39.99941792782305,77236.84089635854,1001970945,0.06416951983298538,15,302.06850282485874,0.105,0.0,0.14810265957446808,54.0,51.0,0.1,0.478,0.493,0.029,8687671,0.356,26000000,252.6495062237185
0.023,37.1,424844.0,South Africa,35.0,127255.0,261007039379,0.085,455,350.0,0.05,0.1,0.112,53.0,50.0,0.8,0.305,0.649,0.046,48269753,0.601,9211000000,500.76043307279235
0.039,44.1,142307.10776470587,South Sudan,39.99941792782305,77236.84089635854,1001970945,0.06416951983298538,15,302.06850282485874,0.083,0.23974713551955748,0.14810265957446808,53.0,50.0,0.5781237682301931,0.438,0.529,0.033,8376893,0.173,26000000,252.6495062237185
0.037,36.1,11503.0,Sudan,39.0,15917.0,35159250985,0.05,54,180.0,0.06,0.23974713551955748,0.14810265957446808,62.0,59.0,0.1,0.43,0.539,0.031,32397535,0.328,252000000,443.9317694891855
0.031,36.3,1016.0,Swaziland,60.0,406.0,2947922183,0.068,180,104.0,0.076,0.0,0.112,46.0,46.0,0.2,0.412,0.556,0.032,1118253,0.219,75000000,317.0000287821119
0.042,43.8,5959.0,Tanzania,27.0,17809.0,14331231239,0.065,23,172.0,0.054,0.0,0.157,56.0,54.0,0.1,0.447,0.523,0.03,39942347,0.255,986000000,406.54252710972526
0.038,52.5,1221.0,Togo,64.0,2368.0,2202809211,0.064,25,270.0,0.067,0.0,0.14810265957446808,55.0,54.0,0.1,0.426,0.546,0.028,5685845,0.356,23000000,308.11413513567896
0.017,60.6,23128.0,Tunisia,11.0,8752.0,34378437265,0.056,194,268.0,0.019,0.1,0.14810265957446808,76.0,72.0,0.7,0.252,0.681,0.068,10127900,0.653,2999000000,401.04510724524266
0.046,35.2,2655.0,Uganda,28.0,77236.84089635854,9942597753,0.096,32,237.0,0.064,0.0,0.187,54.0,53.0,0.1,0.493,0.482,0.025,29711397,0.133,347000000,364.5665241295298
0.044,15.4,2226.0,Zambia,35.0,7396.0,10702200822,0.064,58,183.0,0.073,0.0,0.232,49.0,48.0,0.1,0.468,0.505,0.027,11781612,0.37,110000000,338.2002485395387
0.032,32.3,10345.0,Zimbabwe,97.0,9714.0,5443896500,0.06416951983298538,15,216.0,0.057,0.1,4.965,44.0,46.0,0.1,0.415,0.548,0.038,12724308,0.339,338000000,252.6495062237185
0.044,36.3,1338.0,Afghanistan,9.0,77236.84089635854,7057597615,0.091,23,275.0,0.082,0.0,0.18,59.0,56.0,0.1,0.493,0.487,0.02,25631282,0.232,26000000,252.6495062237185
0.014,36.6,4382.0,Armenia,17.0,2559.0,6384457744,0.046,97,580.0,0.02,0.1,0.165,77.0,70.0,0.4,0.214,0.67,0.116,3002911,0.642,307000000,383.64867627955954
0.018,42.2,39167.0,Azerbaijan,51.0,13232.0,20982270733,0.062,149,1000.0,0.042,0.1,0.179,72.0,67.0,0.4,0.251,0.685,0.064,8484550,0.526,201000000,374.83624007922816
0.023,35.3,48137.0,Bangladesh,50.0,25332.0,61901116736,0.034,14,400.0,0.048,0.0,0.153,68.0,67.0,0.1,0.338,0.619,0.044,144868702,0.275,80000000,396.4612663664258
0.022,40.8,392.0,Bhutan,62.0,211.0,897672086,0.044,59,274.0,0.043,0.0,0.14,65.0,65.0,0.1,0.329,0.629,0.041,665568,0.317,36000000,285.8315362616203
0.019,37.4,4822.0,Brunei Darussalam,116.0,3152.0,11470703002,0.022,680,144.0,0.007,0.4,0.055,79.0,75.0,0.8,0.285,0.683,0.033,374697,0.739,224000000,393.1011153459309
0.026,21.5,3000.0,Cambodia,86.0,3429.0,7274424519,0.054,29,137.0,0.048,0.0,0.14810265957446808,71.0,65.0,0.1,0.351,0.604,0.045,13555054,0.193,1109000000,360.4679893823877
0.012,80.7,6414463.0,China,35.0,1938944.0,2712950885444,0.046,93,832.0,0.019,0.1,0.061,76.0,73.0,0.3,0.198,0.724,0.078,1311020000,0.439,37132000000,579.0797570367571
0.013,38.6,6150.0,Georgia,16.0,3032.0,7761900179,0.084,146,387.0,0.02,0.1,0.171,77.0,70.0,0.4,0.179,0.674,0.147,4398000,0.525,361000000,374.98721599950954
0.01,24.1,38555.0,"Hong Kong SAR, China",11.0,13330.0,193536265094,0.06416951983298538,15,80.0,0.032813011456628474,0.6,0.078,86.0,79.0,1.4,0.137,0.74,0.123,6857100,1.0,15541000000,545.9447721970902
0.023,74.0,1504365.0,India,35.0,567182.0,949116769619,0.04,33,264.0,0.054,0.0,0.112,66.0,63.0,0.1,0.318,0.634,0.048,1143289350,0.296,8915000000,523.9954622294011
0.021,37.5,345120.0,Indonesia,97.0,183726.0,364570525997,0.029,47,576.0,0.032,0.0,0.16,71.0,67.0,0.3,0.3,0.651,0.049,227709821,0.467,4890000000,502.67201607348795
0.009,52.5,1231302.0,Japan,22.0,519807.0,4356749775547,0.082,2794,350.0,0.003,0.7,0.017,86.0,79.0,0.8,0.137,0.659,0.204,127756000,0.871,11490000000,593.0120045529696
0.02,44.2,192532.0,Kazakhstan,21.0,61504.0,81003864916,0.039,210,271.0,0.027,0.0,0.14810265957446808,72.0,61.0,0.5,0.245,0.68,0.075,15308084,0.545,973000000,431.8721863997782
0.015,44.1,84557.0,"Korea, Dem. Rep.",39.99941792782305,21544.0,1001970945,0.06416951983298538,15,302.06850282485874,0.026,0.23974713551955748,0.14810265957446808,72.0,65.0,0.5781237682301931,0.243,0.679,0.077,23969917,0.599,26000000,252.6495062237185
0.009,31.1,470806.0,"Korea, Rep.",17.0,213600.0,1011797986992,0.061,1201,290.0,0.005,0.8,0.06,82.0,76.0,0.9,0.186,0.718,0.097,48371946,0.815,8508000000,564.8828536350027
0.023,67.2,5145.0,Kyrgyz Republic,21.0,2450.0,2834168889,0.067,38,202.0,0.033,0.1,0.232,72.0,64.0,0.2,0.308,0.638,0.054,5218400,0.353,189000000,352.3631161419306
0.029,35.2,1580.0,Lao PDR,123.0,77236.84089635854,3452895836,0.043,25,672.0,0.068,0.0,0.3,66.0,64.0,0.2,0.396,0.566,0.038,5895930,0.285,160000000,273.0280623617032
0.008,44.1,1632.0,"Macao SAR, China",39.99941792782305,77236.84089635854,14568709574,0.06416951983298538,15,302.06850282485874,0.032813011456628474,0.5,0.088,81.0,77.0,1.3,0.161,0.766,0.072,479808,1.0,10055000000,411.6598033212835
0.018,36.0,170648.0,Malaysia,37.0,63715.0,162692467586,0.036,222,190.0,0.007,0.5,0.065,76.0,72.0,0.7,0.297,0.659,0.045,26327098,0.675,12280000000,499.5028709318067
0.021,9.3,887.0,Maldives,9.0,288.0,1303375806,0.067,287,302.06850282485874,0.017,0.1,0.13,76.0,74.0,0.9,0.332,0.621,0.047,302825,0.35,1235000000,341.4715805926317
0.021,39.8,9498.0,Mongolia,13.0,2925.0,3414053251,0.054,72,204.0,0.035,0.23974713551955748,0.269,70.0,62.0,0.3,0.282,0.681,0.037,2559496,0.635,261000000,367.56929714085123
0.019,44.1,12611.0,Myanmar,39.99941792782305,15015.0,1001970945,0.02,5,302.06850282485874,0.049,0.0,0.161,66.0,62.0,0.0,0.277,0.674,0.05,50500070,0.294,59000000,306.4036705701629
0.027,32.5,2662.0,Nepal,31.0,9131.0,9043715356,0.056,20,408.0,0.044,0.0,0.08,66.0,64.0,0.0,0.391,0.564,0.045,25634043,0.155,157000000,375.5856003639876
0.028,41.6,146075.0,Pakistan,24.0,79345.0,137264061106,0.037,29,560.0,0.079,0.1,0.11,66.0,65.0,0.2,0.376,0.583,0.042,160905794,0.351,919000000,459.2795700347234
0.027,47.6,67693.0,Philippines,47.0,38456.0,122210719246,0.04,55,195.0,0.027,0.1,0.098,71.0,64.0,0.5,0.367,0.598,0.035,87366573,0.463,4019000000,448.0278674554519
0.01,23.8,30799.0,Singapore,6.0,23509.0,147794117647,0.037,1167,80.0,0.002,0.6,0.053,83.0,78.0,1.0,0.188,0.729,0.083,4401400,1.0,7536000000,535.7017961376546
0.019,59.8,11738.0,Sri Lanka,48.0,9083.0,28267410543,0.04,57,256.0,0.011,0.0,0.129,77.0,70.0,0.3,0.253,0.675,0.072,19858000,0.184,733000000,412.7723715859786
0.03,79.9,2655.0,Tajikistan,80.0,2414.0,2830236054,0.048,19,224.0,0.052,0.0,0.144,70.0,63.0,0.3,0.376,0.587,0.037,6954522,0.265,11200000,243.586882904119
0.012,37.4,261211.0,Thailand,33.0,101043.0,207088828467,0.035,110,264.0,0.015,0.2,0.074,76.0,69.0,0.6,0.218,0.703,0.079,65883961,0.388,16614000000,508.2071730937352
0.038,48.4,180.0,Timor-Leste,167.0,59.0,462600000,0.106,46,640.0,0.062,0.0,0.165,65.0,62.0,0.0,0.478,0.494,0.028,999053,0.269,20000000,210.5011638822931
0.022,44.1,46256.0,Turkmenistan,39.99941792782305,19628.0,10277598152,0.022,98,302.06850282485874,0.057,0.0,0.14810265957446808,69.0,61.0,0.0,0.319,0.636,0.045,4801595,0.473,26000000,252.6495062237185
0.021,112.1,116530.0,Uzbekistan,29.0,48872.0,17030896203,0.055,35,196.0,0.045,0.1,0.14810265957446808,71.0,64.0,0.1,0.324,0.629,0.047,26488250,0.365,43000000,252.6495062237185
0.017,39.9,102456.0,Vietnam,50.0,42475.0,66371664817,0.065,46,1050.0,0.023,0.2,0.112,80.0,70.0,0.2,0.263,0.672,0.066,83313000,0.279,2850000000,431.4783105530586
0.014,56.5,3865.0,Albania,39.0,2068.0,9132562332,0.06,168,364.0,0.017,0.1,0.129,80.0,73.0,0.6,0.258,0.654,0.089,2968028,0.478,1057000000,428.99543143011624
0.011,44.1,546.0,Andorra,39.99941792782305,77236.84089635854,2823503853,0.06,2631,302.06850282485874,0.003,0.5,0.14810265957446808,71.15926791277259,66.46183800623054,0.8,0.3030511272141707,0.6234814814814815,0.07346457326892109,81877,0.898,26000000,252.6495062237185
0.009,52.4,71565.0,Austria,25.0,33799.0,324954469986,0.102,4016,170.0,0.004,0.6,0.14810265957446808,83.0,77.0,1.1,0.158,0.679,0.164,8268641,0.658,18886000000,537.5279001839483
0.01,137.3,61829.0,Belarus,69.0,28621.0,36961918859,0.063,243,987.0,0.007,0.2,0.088,76.0,64.0,0.6,0.152,0.702,0.147,9604000,0.728,401000000,413.3179774077823
0.012,59.3,106834.0,Belgium,27.0,58111.0,399965710785,0.095,3608,156.0,0.004,0.6,0.075,82.0,77.0,0.9,0.17,0.658,0.172,10547958,0.974,11625000000,557.317060549692
0.008,42.7,27169.0,Bosnia and Herzegovina,63.0,5301.0,12400102623,0.085,275,368.0,0.007,0.3,0.08,78.0,73.0,0.5,0.186,0.678,0.136,3875157,0.392,658000000,367.20593219517383
0.01,41.6,48943.0,Bulgaria,32.0,20459.0,33209188739,0.069,297,616.0,0.013,0.3,0.089,76.0,69.0,1.1,0.135,0.69,0.176,7699020,0.709,3317000000,460.7344999583541
0.009,21.4,23175.0,Croatia,25.0,8944.0,49855078905,0.07,790,196.0,0.006,0.4,0.099,79.0,73.0,1.0,0.158,0.67,0.172,4440000,0.566,8296000000,418.6893955666929
0.012,44.1,7789.0,Cyprus,39.99941792782305,2308.0,18435765910,0.063,1494,302.06850282485874,0.004,0.4,0.067,81.0,77.0,0.8,0.195,0.697,0.109,1048314,0.681,2691000000,430.72000868482434
0.01,48.2,122764.0,Czech Republic,24.0,45904.0,148374084906,0.067,969,930.0,0.004,0.5,0.056,80.0,74.0,1.2,0.145,0.712,0.143,10238905,0.735,6702000000,474.3235614824869
0.012,31.5,55005.0,Denmark,6.0,20252.0,274376966576,0.099,5017,135.0,0.004,0.9,0.14810265957446808,80.0,76.0,1.1,0.186,0.66,0.154,5437272,0.861,5562000000,516.939357996346
0.011,49.1,16190.0,Estonia,35.0,5038.0,16798498860,0.05,620,81.0,0.005,0.6,0.05,78.0,67.0,1.3,0.151,0.679,0.17,1346810,0.686,1361000000,415.1457512384381
0.022714893617021278,44.1,766.0,Faeroe Islands,39.99941792782305,77236.84089635854,1970135199,0.06416951983298538,15,302.06850282485874,0.032813011456628474,0.7,0.14810265957446808,82.0,77.0,1.0,0.3030511272141707,0.6234814814814815,0.07346457326892109,49414,0.401,26000000,252.6495062237185
0.011,47.7,66197.0,Finland,14.0,37334.0,207949452679,0.083,3302,269.0,0.003,0.8,0.14810265957446808,83.0,76.0,1.1,0.172,0.667,0.161,5266268,0.83,3515000000,489.9143490429271
0.013,65.0,382582.0,France,7.0,266793.0,2255706212516,0.11,3907,132.0,0.004,0.5,0.14810265957446808,85.0,77.0,0.8,0.185,0.651,0.165,63617975,0.774,54450000000,595.1296301192895
0.008,47.4,808860.0,Germany,24.0,340492.0,2902749305068,0.106,3746,196.0,0.004,0.7,0.14810265957446808,82.0,76.0,1.0,0.141,0.665,0.194,82376451,0.735,45538000000,633.896977202321
0.01,49.5,97286.0,Greece,38.0,30223.0,261712613837,0.097,2293,264.0,0.005,0.3,0.14810265957446808,82.0,77.0,1.0,0.144,0.669,0.187,11127947,0.748,14495000000,476.2525196341144
0.01,55.7,57235.0,Hungary,38.0,27330.0,112533152716,0.083,922,340.0,0.007,0.5,0.081,77.0,69.0,1.0,0.153,0.688,0.159,10071370,0.669,4998000000,465.0234291171576
0.015,26.5,2277.0,Iceland,5.0,4159.0,16651492784,0.094,5205,140.0,0.002,0.9,0.179,83.0,80.0,1.0,0.218,0.664,0.118,303782,0.932,702000000,432.80324301661574
0.015,25.3,43458.0,Ireland,13.0,14607.0,222762958291,0.075,3982,76.0,0.004,0.5,0.14810265957446808,82.0,77.0,1.1,0.206,0.683,0.111,4274137,0.608,7664000000,513.7488334499493
0.022714893617021278,44.1,142307.10776470587,Isle of Man,39.99941792782305,77236.84089635854,3437450712,0.06416951983298538,15,302.06850282485874,0.032813011456628474,0.23974713551955748,0.14810265957446808,71.15926791277259,66.46183800623054,0.5781237682301931,0.3030511272141707,0.6234814814814815,0.07346457326892109,81068,0.519,26000000,252.6495062237185
0.01,75.4,469347.0,Italy,13.0,181830.0,1872983094035,0.088,2818,340.0,0.004,0.4,0.056,84.0,79.0,1.4,0.141,0.661,0.198,58143979,0.679,41644000000,577.6888347184133
0.019,44.1,142307.10776470587,Kosovo,39.99941792782305,1966.0,3918176308,0.06416951983298538,15,302.06850282485874,0.032813011456628474,0.23974713551955748,0.146,71.0,67.0,0.5781237682301931,0.3030511272141707,0.6234814814814815,0.07346457326892109,1719536,0.5629525765496639,26000000,252.6495062237185
0.01,36.4,7583.0,Latvia,16.0,4688.0,19935046397,0.068,590,320.0,0.01,0.5,0.073,77.0,66.0,1.0,0.144,0.681,0.175,2218357,0.68,622000000,419.6355793533408
0.01,44.1,142307.10776470587,Liechtenstein,39.99941792782305,77236.84089635854,3988775844,0.06416951983298538,15,302.06850282485874,0.032813011456628474,0.6,0.14810265957446808,83.0,79.0,0.8,0.3030511272141707,0.6234814814814815,0.07346457326892109,35028,0.147,26000000,252.6495062237185
0.01,47.6,14294.0,Lithuania,26.0,8718.0,30246361657,0.062,552,166.0,0.008,0.4,0.051,77.0,65.0,1.5,0.163,0.685,0.153,3269909,0.667,1077000000,426.4955973721489
0.012,20.4,11357.0,Luxembourg,26.0,4329.0,42544677906,0.077,7029,59.0,0.003,0.7,0.14810265957446808,82.0,77.0,1.5,0.184,0.672,0.144,472637,0.87,3636000000,478.1591941546363
0.011,20.3,10939.0,"Macedonia, FYR",18.0,2924.0,6560546900,0.078,246,192.0,0.012,0.3,0.113,77.0,72.0,0.6,0.192,0.694,0.113,2093801,0.574,156000000,342.84192022529453
0.009,44.1,2574.0,Malta,39.99941792782305,834.0,6390123590,0.09,1445,302.06850282485874,0.006,0.4,0.057,82.0,77.0,0.8,0.168,0.696,0.136,405308,0.939,966000000,388.37194922933776
0.012,45.9,4994.0,Moldova,30.0,3441.0,3408454198,0.106,101,232.0,0.018,0.2,0.181,72.0,64.0,0.4,0.182,0.705,0.113,3585209,0.452,150000000,369.6835514701896
0.022714893617021278,44.1,142307.10776470587,Monaco,39.99941792782305,77236.84089635854,4663488363,0.038,5115,302.06850282485874,0.004,0.6,0.14810265957446808,71.15926791277259,66.46183800623054,0.5,0.3030511272141707,0.6234814814814815,0.07346457326892109,34369,1.0,26000000,252.6495062237185
0.013,30.4,2384.0,Montenegro,24.0,1118.0,2696020575,0.082,361,372.0,0.009,0.3,0.112,76.0,71.0,1.0,0.2,0.671,0.129,616854,0.624,26000000,252.6495062237185
0.011,44.6,167201.0,Netherlands,8.0,76830.0,677692043125,0.107,4459,250.0,0.004,0.8,0.035,82.0,78.0,1.1,0.183,0.675,0.142,16346101,0.836,17529000000,556.1473894567833
0.013,41.1,44257.0,Norway,7.0,27129.0,340041735967,0.092,6778,87.0,0.003,0.8,0.047,83.0,78.0,1.0,0.195,0.658,0.147,4660677,0.779,4289000000,535.7223324535968
0.01,43.2,320004.0,Poland,31.0,97241.0,341669943594,0.062,554,418.0,0.006,0.4,0.055,80.0,71.0,1.0,0.16,0.707,0.133,38141267,0.613,8122000000,517.9490593475088
0.01,43.8,59108.0,Portugal,7.0,24698.0,201790440627,0.1,1915,328.0,0.004,0.4,0.14810265957446808,82.0,75.0,1.2,0.155,0.672,0.173,10522288,0.581,10438000000,490.37642664961
0.01,48.2,102595.0,Romania,11.0,39936.0,122695850812,0.051,289,193.0,0.017,0.2,0.14,76.0,69.0,0.7,0.152,0.7,0.149,21193760,0.533,1676000000,445.2529229571848
0.01,51.2,1669618.0,Russian Federation,29.0,670673.0,989930542279,0.053,365,448.0,0.013,0.2,0.104,73.0,60.0,1.0,0.149,0.713,0.138,142487260,0.735,9720000000,561.3369947101825
0.01,44.1,142307.10776470587,San Marino,39.99941792782305,77236.84089635854,1469075398,0.051,3444,302.06850282485874,0.004,0.5,0.067,85.0,79.0,0.6,0.3030511272141707,0.6234814814814815,0.07346457326892109,30130,0.94,26000000,252.6495062237185
0.01,35.8,53766.0,Serbia,23.0,17064.0,29221081587,0.094,371,279.0,0.007,0.3,0.166,76.0,71.0,0.8,0.178,0.682,0.14,7411569,0.548,416000000,383.7705333410044
0.01,47.3,38929.0,Slovak Republic,27.0,18640.0,69002095095,0.073,761,325.0,0.008,0.6,0.077,78.0,70.0,0.9,0.163,0.719,0.118,5373054,0.554,1655000000,438.0766211774412
0.009,39.2,16245.0,Slovenia,60.0,7321.0,38945146500,0.083,1610,260.0,0.003,0.5,0.074,82.0,75.0,0.9,0.14,0.702,0.158,2006868,0.504,2074000000,431.79369500557385
0.011,61.9,350037.0,Spain,47.0,141748.0,1236352422042,0.084,2371,298.0,0.005,0.5,0.14810265957446808,84.0,78.0,1.0,0.145,0.687,0.168,44397319,0.775,57543000000,563.4094911426571
0.012,54.1,49571.0,Sweden,16.0,50207.0,399075706646,0.089,3947,122.0,0.003,0.9,0.14810265957446808,83.0,79.0,1.1,0.172,0.655,0.174,9080505,0.844,10016000000,537.3852713514286
0.01,27.6,41877.0,Switzerland,18.0,27084.0,405182837674,0.104,5643,63.0,0.004,0.8,0.03,84.0,79.0,1.0,0.16,0.68,0.16,7483934,0.735,12852000000,535.4175010979536
0.019,52.4,261571.0,Turkey,6.0,93035.0,530900094651,0.058,422,254.0,0.024,0.2,0.14810265957446808,76.0,69.0,0.8,0.281,0.652,0.067,68626337,0.684,19137000000,483.15883018837457
0.01,57.0,326480.0,Ukraine,33.0,137333.0,107753069307,0.064,147,2085.0,0.012,0.0,0.152,74.0,62.0,1.0,0.143,0.697,0.16,46787750,0.68,4018000000,479.04258351426637
0.012,34.6,542041.0,United Kingdom,13.0,218961.0,2483010316107,0.084,3423,105.0,0.005,0.7,0.046,81.0,77.0,1.2,0.178,0.662,0.16,60846820,0.802,43803000000,628.7950644811729
0.018,44.1,19497.0,Bahrain,39.99941792782305,8093.0,18505250857,0.036,599,302.06850282485874,0.009,0.3,0.08,76.0,75.0,1.0,0.252,0.727,0.022,950951,0.884,1786000000,411.0924539861555
0.018,44.2,509889.0,"Iran, Islamic Rep.",28.0,180242.0,222880533511,0.051,174,344.0,0.021,0.1,0.14,74.0,70.0,0.2,0.249,0.701,0.05,70976584,0.682,1464000000,499.3355547701682
0.034,27.8,99544.0,Iraq,32.0,21503.0,65141035028,0.03,58,312.0,0.033,0.0,0.145,72.0,66.0,0.3,0.418,0.547,0.034,28064095,0.688,170000000,403.2390014467162
0.021,38.2,65977.0,Israel,20.0,20380.0,150985573253,0.074,1524,230.0,0.004,0.3,0.081,83.0,88.0,1.2,0.277,0.622,0.101,7053700,0.916,3802000000,489.7629059944038
0.03,31.1,20733.0,Jordan,16.0,6853.0,15056937190,0.081,224,136.0,0.02,0.1,0.082,74.0,71.0,0.8,0.374,0.594,0.032,5536000,0.814,2426000000,427.5907870026609
0.021,10.7,73769.0,Kuwait,35.0,25780.0,101561153806,0.022,943,98.0,0.01,0.3,0.086,75.0,73.0,0.5,0.255,0.715,0.031,2417445,0.982,508000000,507.47848854126323
0.014,35.4,14499.0,Lebanon,46.0,4774.0,21796351575,0.081,443,180.0,0.011,0.2,0.103,80.0,76.0,0.3,0.274,0.65,0.076,4079823,0.867,5457000000,486.36935267667104
0.022,20.3,39604.0,Oman,35.0,15183.0,36803641389,0.023,346,52.0,0.011,0.1,0.074,77.0,73.0,0.7,0.34,0.635,0.025,2554905,0.73,749000000,424.82223877751596
0.014,44.1,56736.0,Qatar,39.99941792782305,19606.0,60882141103,0.026,1625,302.06850282485874,0.009,0.3,0.072,78.0,77.0,1.0,0.21,0.778,0.013,967602,0.978,874000000,485.99473659663107
0.023,14.5,432739.0,Saudi Arabia,42.0,158214.0,376900133511,0.037,537,79.0,0.016,0.2,0.14810265957446808,76.0,72.0,0.8,0.335,0.634,0.03,25371936,0.812,4769000000,542.2656698738775
0.027,43.3,53590.0,Syrian Arab Republic,43.0,21630.0,33332844575,0.038,66,336.0,0.015,0.1,0.08,77.0,73.0,0.2,0.38,0.585,0.034,18804914,0.542,2113000000,407.51991107138747
0.016,14.4,123875.0,United Arab Emirates,19.0,45911.0,222105928741,0.023,1109,12.0,0.008,0.5,0.14810265957446808,77.0,75.0,1.1,0.18,0.813,0.007,4875639,0.826,4972000000,524.4595129425333
0.035,47.9,20796.0,"Yemen, Rep.",63.0,7054.0,19081726103,0.048,52,248.0,0.054,0.0,0.18,63.0,60.0,0.1,0.449,0.524,0.026,20661714,0.295,181000000,369.85486029422833
0.022,44.1,142307.10776470587,American Samoa,39.99941792782305,77236.84089635854,1001970945,0.06416951983298538,15,302.06850282485874,0.032813011456628474,0.23974713551955748,0.14810265957446808,71.15926791277259,66.46183800623054,0.5781237682301931,0.3030511272141707,0.6234814814814815,0.07346457326892109,58652,0.88,26000000,252.6495062237185
0.013,51.1,371214.0,Australia,3.0,115020.0,747463312369,0.085,3330,107.0,0.005,0.7,0.094,84.0,79.0,0.9,0.195,0.674,0.13,20697900,0.882,20726000000,553.3479069420018
0.023,41.5,1360.0,Fiji,46.0,559.0,3103099942,0.038,144,140.0,0.02,0.1,0.073,72.0,66.0,0.3,0.3,0.657,0.042,828060,0.503,684000000,346.991018087239
0.018,44.1,851.0,French Polynesia,39.99941792782305,77236.84089635854,1001970945,0.06416951983298538,15,302.06850282485874,0.032813011456628474,0.3,0.14810265957446808,77.0,72.0,0.6,0.269,0.678,0.053,257731,0.566,463000000,346.6869574090903
0.019,44.1,142307.10776470587,Guam,39.99941792782305,77236.84089635854,1001970945,0.06416951983298538,15,302.06850282485874,0.032813011456628474,0.4,0.14810265957446808,80.0,74.0,0.5781237682301931,0.292,0.642,0.066,158429,0.937,26000000,252.6495062237185
0.024,31.8,70.0,Kiribati,31.0,10.0,104668675,0.11,124,120.0,0.05,0.0,0.14810265957446808,69.0,64.0,0.0,0.364,0.6,0.037,91953,0.436,2300000,241.43806251689983
0.035,64.8,92.0,Marshall Islands,17.0,30.0,143352031,0.196,547,128.0,0.033,0.0,0.14810265957446808,71.15926791277259,66.46183800623054,0.5781237682301931,0.3030511272141707,0.6234814814814815,0.07346457326892109,52084,0.702,6600000,166.38993661782115
0.025,59.6,103.0,"Micronesia, Fed. Sts.",16.0,77236.84089635854,252991205,0.119,285,128.0,0.036,0.1,0.156,69.0,67.0,0.2,0.385,0.575,0.04,105686,0.223,23000000,248.42238720692856
0.018,44.1,2780.0,New Caledonia,39.99941792782305,77236.84089635854,1001970945,0.06416951983298538,15,302.06850282485874,0.032813011456628474,0.3,0.14810265957446808,80.0,73.0,0.7,0.262,0.664,0.074,238459,0.646,122000000,348.7676880367186
0.014,35.4,33553.0,New Zealand,12.0,16965.0,110205467385,0.088,2295,172.0,0.005,0.7,0.082,82.0,78.0,0.9,0.213,0.666,0.121,4184600,0.861,4792000000,468.85522039682155
0.032,41.5,4595.0,Papua New Guinea,51.0,77236.84089635854,5598700444,0.035,31,207.0,0.055,0.0,0.106,63.0,59.0,0.0,0.399,0.575,0.026,6245797,0.131,3900000,308.9407589229987
0.029,20.2,158.0,Samoa,35.0,57.0,453082900,0.052,129,224.0,0.016,0.0,0.117,75.0,68.0,0.3,0.393,0.558,0.049,181073,0.21,87000000,284.5804279253907
0.034,26.1,180.0,Solomon Islands,56.0,59.0,456735445,0.067,63,80.0,0.029,0.0,0.139,67.0,65.0,0.0,0.412,0.557,0.03,480745,0.183,35300000,292.15886618547324
0.029,27.5,176.0,Tonga,32.0,57.0,295998379,0.055,159,164.0,0.013,0.1,0.12,74.0,69.0,0.3,0.38,0.56,0.06,101617,0.232,15700000,275.9848564992464
0.029,8.4,48.0,Vanuatu,47.0,31.0,437072934,0.031,64,120.0,0.017,0.1,0.083,72.0,68.0,0.1,0.394,0.572,0.034,214654,0.234,109000000,262.8745315809
0.018,47.6,425.0,Antigua and Barbuda,21.0,143.0,1141418340,0.045,607,184.0,0.01,0.3,0.109,77.0,72.0,1.3,0.28,0.647,0.073,83467,0.286,327000000,310.5409837075112
0.018,107.6,174238.0,Argentina,30.0,73128.0,264489701813,0.083,454,453.0,0.015,0.2,0.086,79.0,71.0,0.8,0.26,0.637,0.103,38988923,0.903,3899000000,489.25084036694903
0.012,44.1,2274.0,Aruba,39.99941792782305,77236.84089635854,2421474860,0.06416951983298538,15,302.06850282485874,0.032813011456628474,0.3,0.113,77.0,72.0,1.1,0.213,0.698,0.089,100830,0.445,1064000000,372.5018694248798
0.015,44.1,1522.0,"Bahamas, The",39.99941792782305,706.0,7965588000,0.069,1645,302.06850282485874,0.012,0.3,0.055,77.0,71.0,0.8,0.249,0.688,0.064,335622,0.823,2066000000,404.3690592561176
0.013,44.1,1371.0,Barbados,39.99941792782305,398.0,4314050000,0.071,826,302.06850282485874,0.014,0.6,0.103,77.0,72.0,0.9,0.203,0.69,0.107,274923,0.328,1235000000,378.86616851567373
0.026,34.8,407.0,Belize,45.0,172.0,1217450000,0.044,192,147.0,0.018,0.1,0.142,75.0,69.0,0.4,0.374,0.585,0.04,278985,0.46,260000000,308.9407589229987
0.013,44.1,521.0,Bermuda,39.99941792782305,77236.84089635854,5414299000,0.06416951983298538,15,302.06850282485874,0.032813011456628474,0.7,0.14810265957446808,82.0,76.0,0.9,0.3030511272141707,0.6234814814814815,0.07346457326892109,64523,1.0,495000000,391.7177804397648
0.028,80.0,14910.0,Bolivia,50.0,6439.0,11451845341,0.048,58,1080.0,0.042,0.1,0.119,67.0,63.0,0.3,0.379,0.576,0.045,9517395,0.647,330000000,388.1536175392809
0.017,69.0,347668.0,Brazil,149.0,222818.0,1088916819853,0.085,491,2600.0,0.019,0.3,0.508,76.0,68.0,0.5,0.272,0.665,0.063,188134315,0.831,4577000000,517.0303861230032
0.011,45.0,550233.0,Canada,3.0,268302.0,1310795189078,0.1,3904,119.0,0.005,0.7,0.058,83.0,78.0,0.6,0.174,0.694,0.133,32570505,0.802,16837000000,575.2291852611035
0.022714893617021278,44.1,517.0,Cayman Islands,39.99941792782305,77236.84089635854,1001970945,0.06416951983298538,15,302.06850282485874,0.032813011456628474,0.4,0.14810265957446808,71.15926791277259,66.46183800623054,1.9,0.3030511272141707,0.6234814814814815,0.07346457326892109,50026,1.0,509000000,357.7914867451716
0.015,25.1,64393.0,Chile,27.0,29507.0,154671012211,0.062,587,316.0,0.008,0.3,0.08,81.0,75.0,0.8,0.243,0.675,0.082,16504530,0.877,1891000000,448.43358361488254
0.021,84.0,62940.0,Colombia,43.0,28568.0,162773603930,0.061,227,456.0,0.018,0.2,0.129,76.0,69.0,0.7,0.304,0.645,0.052,43841370,0.739,2009000000,454.13727354190286
0.017,55.2,7437.0,Costa Rica,77.0,4182.0,22526464409,0.078,410,402.0,0.009,0.3,0.222,81.0,76.0,0.3,0.272,0.668,0.06,4392493,0.669,1865000000,406.9641642505725
0.011,44.1,27407.0,Cuba,39.99941792782305,10847.0,52742100000,0.077,360,302.06850282485874,0.005,0.1,0.14810265957446808,80.0,76.0,0.0,0.19,0.698,0.112,11301100,0.762,2414000000,252.6495062237185
0.014,44.1,142307.10776470587,Curacao,39.99941792782305,77236.84089635854,1001970945,0.06416951983298538,15,302.06850282485874,0.032813011456628474,0.23974713551955748,0.14810265957446808,79.0,71.0,0.5781237682301931,0.206,0.67,0.124,140217,0.904,277000000,363.58038633683657
0.015,37.0,110.0,Dominica,14.0,42.0,382299140,0.05,271,147.0,0.012,0.4,0.095,71.15926791277259,66.46183800623054,1.0,0.3030511272141707,0.6234814814814815,0.07346457326892109,70690,0.669,72000000,259.7930106370605
0.023,35.8,20693.0,Dominican Republic,72.0,7068.0,35965041793,0.052,197,286.0,0.028,0.1,0.195,75.0,69.0,0.5,0.327,0.616,0.057,9479269,0.687,3917000000,400.8031356396967
0.023,35.3,29688.0,Ecuador,65.0,10255.0,46802044000,0.065,216,600.0,0.023,0.1,0.098,78.0,72.0,0.6,0.323,0.62,0.057,14023503,0.619,492000000,415.1457512384381
0.021,34.7,6846.0,El Salvador,26.0,4735.0,18550700000,0.067,203,320.0,0.019,0.1,0.14810265957446808,76.0,66.0,0.6,0.35,0.586,0.064,6096692,0.622,686000000,381.90376826986835
0.015,44.1,627.0,Greenland,39.99941792782305,77236.84089635854,1738432116,0.06416951983298538,15,302.06850282485874,0.032813011456628474,0.6,0.14810265957446808,72.0,67.0,0.9,0.3030511272141707,0.6234814814814815,0.07346457326892109,56774,0.832,26000000,252.6495062237185
0.019,45.3,231.0,Grenada,20.0,81.0,704762536,0.064,435,140.0,0.013,0.2,0.099,74.0,69.0,0.4,0.293,0.631,0.076,103260,0.359,94000000,275.1650398034187
0.034,38.7,12526.0,Guatemala,30.0,7940.0,30231130543,0.073,171,344.0,0.032,0.1,0.128,73.0,66.0,0.6,0.429,0.528,0.043,12995374,0.476,919000000,412.0959193033817
0.022,39.0,1291.0,Guyana,41.0,500.0,1458449058,0.041,79,288.0,0.035,0.23974713551955748,0.145,68.0,62.0,0.5,0.369,0.594,0.037,765367,0.283,37000000,313.5495667692504
0.028,40.4,2112.0,Haiti,202.0,2645.0,4879738636,0.057,30,184.0,0.064,0.1,0.264,62.0,58.0,0.1,0.377,0.581,0.042,9388642,0.458,126000000,372.1802652183284
0.028,44.0,7008.0,Honduras,44.0,3993.0,10841723354,0.076,118,424.0,0.025,0.1,0.174,74.0,69.0,0.3,0.392,0.566,0.042,7037428,0.492,516000000,394.7215190013622
0.016,49.9,12020.0,Jamaica,8.0,4176.0,11903020644,0.042,187,414.0,0.018,0.2,0.176,75.0,69.0,0.8,0.308,0.615,0.077,2653042,0.53,2094000000,382.90988012073325
0.021,53.1,441796.0,Mexico,25.0,172307.0,966735935558,0.057,515,560.0,0.016,0.2,0.075,78.0,73.0,0.5,0.319,0.627,0.054,112116694,0.766,13329000000,527.2806125478669
0.025,63.5,4466.0,Nicaragua,39.0,2824.0,6786340353,0.063,78,240.0,0.025,0.0,0.116,75.0,69.0,0.3,0.371,0.587,0.042,5524927,0.562,231000000,362.97689505727766
0.022,44.1,7371.0,Panama,18.0,3093.0,17137000000,0.07,350,560.0,0.019,0.2,0.084,79.0,73.0,0.6,0.305,0.633,0.062,3428509,0.64,1425000000,392.6123147660824
0.025,44.8,3986.0,Paraguay,74.0,4076.0,10662013273,0.057,101,328.0,0.023,0.1,0.301,74.0,69.0,0.5,0.353,0.598,0.048,6014781,0.576,112000000,352.88839269357914
0.022,38.3,35064.0,Peru,72.0,13248.0,87554128440,0.045,149,424.0,0.02,0.2,0.239,75.0,70.0,0.3,0.316,0.629,0.055,28030688,0.754,1775000000,431.35945138546896
0.012,57.6,142307.10776470587,Puerto Rico,7.0,77236.84089635854,87276164365,0.06416951983298538,15,140.0,0.032813011456628474,0.3,0.14810265957446808,83.0,74.0,0.6,0.219,0.658,0.123,3805214,0.941,3369000000,453.00967039734394
0.022714893617021278,44.1,142307.10776470587,Sint Maarten (Dutch part),39.99941792782305,77236.84089635854,1001970945,0.06416951983298538,15,302.06850282485874,0.032813011456628474,0.23974713551955748,0.14810265957446808,71.15926791277259,66.46183800623054,0.5781237682301931,0.3030511272141707,0.6234814814814815,0.07346457326892109,38272,1.0,651000000,333.78770643820366
0.022714893617021278,52.3,235.0,St. Kitts and Nevis,19.0,79.0,629511778,0.04,517,172.0,0.01,0.5,0.093,71.15926791277259,66.46183800623054,1.0,0.3030511272141707,0.6234814814814815,0.07346457326892109,49823,0.32,132000000,270.75280671761607
0.017,34.0,367.0,St. Lucia,20.0,119.0,1018069267,0.065,393,71.0,0.015,0.2,0.108,76.0,71.0,0.6,0.277,0.649,0.074,167658,0.221,294000000,305.51796601229137
0.018,44.1,142307.10776470587,St. Martin (French part),39.99941792782305,77236.84089635854,1001970945,0.06416951983298538,15,302.06850282485874,0.032813011456628474,0.23974713551955748,0.14810265957446808,81.0,75.0,0.5781237682301931,0.3030511272141707,0.6234814814814815,0.07346457326892109,28414,0.5629525765496639,26000000,252.6495062237185
0.018,45.0,202.0,St. Vincent and the Grenadines,12.0,70.0,611040126,0.039,218,76.0,0.019,0.1,0.097,74.0,69.0,0.8,0.281,0.648,0.071,108908,0.474,113000000,275.1650398034187
0.02,27.9,2442.0,Suriname,694.0,714.0,2626093294,0.062,323,199.0,0.025,0.1,0.156,73.0,66.0,0.6,0.297,0.641,0.062,505186,0.666,109000000,299.705972416712
0.015,37.2,32152.0,Trinidad and Tobago,43.0,19585.0,18460905284,0.044,625,210.0,0.023,0.3,0.109,73.0,66.0,1.2,0.214,0.712,0.074,1303478,0.097,517000000,353.40680699258405
0.022714893617021278,44.1,143.0,Turks and Caicos Islands,39.99941792782305,77236.84089635854,1001970945,0.06416951983298538,15,302.06850282485874,0.032813011456628474,0.23974713551955748,0.14810265957446808,71.15926791277259,66.46183800623054,0.5781237682301931,0.3030511272141707,0.6234814814814815,0.07346457326892109,27642,0.883,26000000,252.6495062237185
0.014,47.4,5737616.0,United States,6.0,2296686.0,13857900000000,0.159,7110,325.0,0.007,0.7,0.08,80.0,75.0,0.8,0.204,0.672,0.124,298379912,0.801,133393000000,644.2331963016551
0.015,71.3,6648.0,Uruguay,43.0,3183.0,19579479147,0.083,491,304.0,0.012,0.3,0.093,80.0,72.0,0.7,0.235,0.628,0.136,3330217,0.936,711000000,381.6483544160536
0.022,49.8,171825.0,"Venezuela, RB",141.0,63705.0,183477522124,0.057,387,864.0,0.015,0.2,0.155,76.0,71.0,0.7,0.309,0.64,0.051,27190882,0.886,843000000,454.3264049919312
0.013,44.1,142307.10776470587,Virgin Islands (U.S.),39.99941792782305,77236.84089635854,1001970945,0.06416951983298538,15,302.06850282485874,0.032813011456628474,0.3,0.14810265957446808,82.0,76.0,0.5781237682301931,0.219,0.67,0.111,107700,0.939,1467000000,252.6495062237185
0.023,74.2,112339.0,Algeria,25.0,36793.0,134977867932,0.035,135,451.0,0.026,0.1,0.08,72.0,69.0,0.8,0.277,0.677,0.046,35097043,0.653,332000000,401.5249237272593
0.048,52.1,25152.0,Angola,119.0,10697.0,60448890972,0.034,115,272.0,0.117,0.0,0.177,51.0,48.0,0.3,0.479,0.497,0.024,17712824,0.377,236000000,398.98488280066283
0.039,73.2,4499.0,Benin,31.0,3206.0,5506275948,0.045,29,270.0,0.069,0.0,0.14810265957446808,59.0,57.0,0.2,0.441,0.531,0.028,8707490,0.407,206000000,341.81869383511406
0.025,17.1,4701.0,Botswana,107.0,2033.0,10939028155,0.047,269,140.0,0.043,0.1,0.162,46.0,46.0,0.6,0.351,0.616,0.033,1915187,0.555,548000000,378.86616851567373
0.044,47.6,1646.0,Burkina Faso,18.0,77236.84089635854,6755823933,0.077,32,270.0,0.079,0.0,0.14810265957446808,54.0,53.0,0.1,0.463,0.511,0.025,14235075,0.232,61000000,336.6531428425032
0.044,279.7,191.0,Burundi,13.0,77236.84089635854,1356078300,0.1,16,140.0,0.069,0.0,0.168,53.0,50.0,0.0,0.445,0.529,0.026,8328312,0.099,2300000,341.4715805926317
0.04,50.8,5834.0,Cameroon,38.0,6340.0,20431779034,0.047,50,654.0,0.073,0.0,0.15,53.0,52.0,0.2,0.439,0.528,0.033,19097676,0.497,254000000,398.3894721661928
0.036,203.8,235.0,Central African Republic,22.0,77236.84089635854,1698125680,0.043,18,504.0,0.108,0.0,0.15,48.0,45.0,0.1,0.415,0.546,0.039,4106897,0.383,10800000,317.0000287821119
0.049,74.0,462.0,Chad,64.0,77236.84089635854,8638711757,0.042,27,732.0,0.099,0.0,0.15,49.0,48.0,0.1,0.492,0.482,0.026,10694366,0.219,26000000,252.6495062237185
0.039,217.9,121.0,Comoros,22.0,41.0,464948879,0.049,36,100.0,0.068,0.0,0.105,61.0,58.0,0.1,0.418,0.552,0.03,632736,0.279,30000000,273.0280623617032
0.045,288.1,2604.0,"Congo, Dem. Rep.",133.0,21459.0,16364027647,0.059,10,308.0,0.1,0.0,0.47,50.0,47.0,0.1,0.46,0.512,0.028,57187942,0.384,700000,342.5038096649337
0.039,64.9,1437.0,"Congo, Rep.",37.0,1209.0,8394688589,0.025,57,606.0,0.053,0.0,0.15,57.0,54.0,0.3,0.422,0.543,0.035,3758858,0.619,54000000,358.7036959770631
0.036,44.6,6883.0,Cote d'Ivoire,40.0,10233.0,19795705245,0.066,72,270.0,0.084,0.0,0.14810265957446808,49.0,47.0,0.4,0.422,0.548,0.03,17949061,0.483,115000000,408.9450793821597
0.029,37.8,488.0,Djibouti,37.0,143.0,847918929,0.077,78,66.0,0.067,0.0,0.112,60.0,57.0,0.1,0.357,0.608,0.035,798690,0.769,6800000,271.2198119692473
0.024,45.1,192382.0,"Egypt, Arab Rep.",10.0,71189.0,130477817194,0.049,85,711.0,0.023,0.2,0.125,72.0,68.0,0.4,0.319,0.626,0.054,74229577,0.431,10327000000,474.5050705280348
0.038,44.1,4796.0,Equatorial Guinea,135.0,1759.0,10197937673,0.024,380,492.0,0.082,0.0,0.15,51.0,49.0,0.2,0.4,0.569,0.031,639618,0.39,26000000,252.6495062237185
0.04,84.5,579.0,Eritrea,84.0,721.0,1317974493,0.033,8,216.0,0.044,0.0,0.14810265957446808,62.0,57.0,0.0,0.431,0.549,0.02,5209846,0.195,61000000,252.6495062237185
0.037,30.3,5915.0,Ethiopia,18.0,30536.0,19346646117,0.048,11,198.0,0.061,0.0,0.075,60.0,58.0,0.0,0.457,0.511,0.032,80440708,0.161,790000000,341.81869383511406
0.033,44.7,2332.0,Gabon,57.0,1832.0,11570860872,0.033,262,488.0,0.048,0.1,0.15,62.0,60.0,0.8,0.391,0.554,0.055,1447388,0.844,26000000,252.6495062237185
0.044,292.1,396.0,"Gambia, The",32.0,133.0,798869805,0.041,21,376.0,0.055,0.1,0.279,59.0,56.0,0.5,0.46,0.514,0.025,1529406,0.54,87000000,252.6495062237185
0.033,32.7,9578.0,Ghana,15.0,9064.0,24757608488,0.06,66,304.0,0.057,0.0,0.14810265957446808,61.0,59.0,0.3,0.397,0.568,0.035,22525659,0.487,990000000,421.0673184825128
0.039,80.7,1210.0,Guinea,40.0,77236.84089635854,4134173271,0.063,26,416.0,0.079,0.0,0.14810265957446808,55.0,53.0,0.2,0.433,0.534,0.032,10046967,0.336,1100000,337.8192080319898
0.04,45.9,231.0,Guinea-Bissau,259.0,95.0,690721769,0.061,29,208.0,0.091,0.0,0.14810265957446808,54.0,52.0,0.2,0.425,0.546,0.029,1484337,0.426,28400000,307.0113261943897
0.038,49.3,9831.0,Kenya,44.0,17230.0,27236739896,0.044,32,432.0,0.058,0.1,0.133,58.0,55.0,0.3,0.426,0.547,0.027,37752304,0.224,1514000000,376.17534969760334
0.028,22.4,7.0,Lesotho,73.0,19.0,1597484736,0.085,69,342.0,0.082,0.0,0.141,45.0,45.0,0.2,0.389,0.566,0.045,1955784,0.233,31000000,377.7546530100301
0.039,42.9,678.0,Liberia,68.0,77236.84089635854,739026892,0.102,21,158.0,0.072,0.0,0.15,58.0,56.0,0.2,0.434,0.535,0.03,3522294,0.467,131000000,312.81976685742285
0.023,44.1,54209.0,Libya,39.99941792782305,17525.0,71803278689,0.025,276,302.06850282485874,0.017,0.0,0.06,76.0,72.0,0.8,0.3,0.656,0.044,5782108,0.772,99000000,429.8662527017617
0.037,46.5,1815.0,Madagascar,7.0,77236.84089635854,7342905883,0.05,19,238.0,0.049,0.0,0.45,63.0,61.0,0.1,0.443,0.528,0.029,19371023,0.3,506000000,337.0457339112275
0.042,33.0,953.0,Malawi,39.0,77236.84089635854,3647817219,0.067,18,370.0,0.064,0.0,0.277,51.0,51.0,0.1,0.461,0.509,0.03,13713758,0.152,43000000,330.69271284949457
0.048,51.4,579.0,Mali,25.0,77236.84089635854,7145394015,0.07,39,270.0,0.09,0.0,0.14810265957446808,52.0,53.0,0.2,0.464,0.506,0.03,12725629,0.336,227000000,365.5291050140906
0.036,94.7,1914.0,Mauritania,65.0,77236.84089635854,3356758534,0.044,37,696.0,0.073,0.0,0.235,62.0,59.0,0.4,0.411,0.557,0.031,3330037,0.546,26000000,252.6495062237185
0.014,24.2,3887.0,Mauritius,7.0,1194.0,7792063567,0.05,316,161.0,0.014,0.2,0.219,76.0,69.0,0.8,0.23,0.7,0.07,1260403,0.412,1663000000,390.7008088927333
0.02,44.4,50267.0,Morocco,12.0,14457.0,75226318359,0.055,134,358.0,0.033,0.2,0.14810265957446808,71.0,68.0,0.7,0.295,0.654,0.05,30667086,0.562,8307000000,444.0508153356971
0.043,37.5,2391.0,Mozambique,29.0,9144.0,8035635713,0.06,22,230.0,0.082,0.0,0.195,49.0,47.0,0.1,0.451,0.517,0.032,22171404,0.304,182000000,367.0230179446554
0.028,25.8,2409.0,Namibia,99.0,1345.0,8836063690,0.069,294,339.0,0.042,0.0,0.129,62.0,56.0,0.4,0.391,0.575,0.034,2080700,0.386,542000000,349.62688990362375
0.051,42.4,821.0,Niger,23.0,77236.84089635854,4291363547,0.074,22,270.0,0.075,0.0,0.14810265957446808,55.0,55.0,0.1,0.494,0.481,0.025,14197289,0.17,44000000,312.81976685742285
0.042,32.2,95210.0,Nigeria,27.0,107683.0,166451202370,0.072,81,1120.0,0.091,0.1,0.169,50.0,49.0,0.3,0.437,0.536,0.027,147187353,0.408,337000000,511.66375496651955
0.038,33.5,557.0,Rwanda,16.0,77236.84089635854,3707800459,0.1,38,168.0,0.055,0.0,0.161,60.0,57.0,0.1,0.445,0.532,0.024,9928143,0.211,177000000,338.5775923522013
0.038,48.7,84.0,Sao Tome and Principe,144.0,44.0,144259257,0.071,66,424.0,0.044,0.1,0.324,67.0,63.0,0.2,0.417,0.544,0.039,163390,0.597,5000000,181.1402945391529
0.039,45.5,5335.0,Senegal,59.0,3000.0,11284603481,0.047,45,696.0,0.052,0.1,0.14810265957446808,63.0,60.0,0.3,0.439,0.53,0.031,11904974,0.415,622000000,387.26861948144955
0.018,48.4,653.0,Seychelles,39.0,205.0,1033635773,0.034,393,76.0,0.012,0.4,0.109,78.0,69.0,0.9,0.233,0.693,0.075,85033,0.515,60000000,262.8745315809
0.04,235.2,634.0,Sierra Leone,26.0,77236.84089635854,2158653216,0.14,56,399.0,0.122,0.0,0.25,44.0,43.0,0.1,0.425,0.55,0.025,5416015,0.374,22000000,277.18000952438166
0.046,44.1,605.0,Somalia,39.99941792782305,77236.84089635854,1001970945,0.06416951983298538,15,302.06850282485874,0.104,0.0,0.14810265957446808,55.0,51.0,0.1,0.478,0.493,0.029,8910851,0.36,26000000,252.6495062237185
0.022,36.5,443648.0,South Africa,31.0,136604.0,286171830700,0.078,449,350.0,0.047,0.1,0.132,53.0,51.0,0.9,0.303,0.65,0.048,48910248,0.606,10226000000,507.69311004501384
0.039,44.1,142307.10776470587,South Sudan,39.99941792782305,77236.84089635854,1001970945,0.06416951983298538,15,302.06850282485874,0.079,0.23974713551955748,0.14810265957446808,53.0,51.0,0.5781237682301931,0.436,0.531,0.033,8736736,0.174,26000000,252.6495062237185
0.036,36.1,12541.0,Sudan,39.0,15294.0,45456460335,0.062,85,180.0,0.059,0.1,0.14810265957446808,62.0,59.0,0.2,0.428,0.541,0.031,33218250,0.329,262000000,445.7705434251109
0.031,36.3,1063.0,Swaziland,60.0,423.0,3053823329,0.07,190,104.0,0.075,0.0,0.132,47.0,47.0,0.3,0.406,0.562,0.032,1134977,0.218,32000000,322.5129410194308
0.042,43.9,6150.0,Tanzania,26.0,18306.0,16825547176,0.057,23,172.0,0.05,0.0,0.161,57.0,55.0,0.2,0.447,0.522,0.03,41119693,0.261,1215000000,409.6073060796937
0.038,52.6,1316.0,Togo,62.0,2458.0,2523462649,0.065,28,270.0,0.065,0.0,0.14810265957446808,55.0,54.0,0.2,0.425,0.548,0.028,5834806,0.361,38000000,320.1611674037678
0.017,60.6,23869.0,Tunisia,11.0,9039.0,38920218579,0.056,217,268.0,0.018,0.2,0.14810265957446808,76.0,72.0,0.8,0.246,0.686,0.068,10225100,0.654,3373000000,403.54331501778296
0.046,36.8,3128.0,Uganda,28.0,77236.84089635854,12292813801,0.094,37,237.0,0.061,0.0,0.191,55.0,54.0,0.1,0.492,0.483,0.025,30728747,0.136,402000000,368.99098688533775
0.044,15.0,1654.0,Zambia,33.0,7399.0,11541420981,0.06,57,183.0,0.07,0.0,0.189,51.0,49.0,0.2,0.469,0.504,0.027,12109620,0.375,138000000,338.5775923522013
0.032,51.4,10213.0,Zimbabwe,97.0,9438.0,5291950101,0.06416951983298538,15,256.0,0.058,0.1,0.14810265957446808,46.0,47.0,0.1,0.415,0.546,0.038,12740160,0.337,365000000,252.6495062237185
0.042,36.3,1991.0,Afghanistan,9.0,77236.84089635854,9843851009,0.1,30,275.0,0.08,0.0,0.181,59.0,57.0,0.2,0.492,0.487,0.021,26349243,0.236,26000000,252.6495062237185
0.014,38.8,5068.0,Armenia,17.0,2853.0,9206301700,0.043,133,581.0,0.019,0.1,0.175,77.0,70.0,0.6,0.211,0.676,0.114,2989882,0.641,343000000,386.4784426238662
0.018,40.9,41426.0,Azerbaijan,36.0,12113.0,33050343783,0.051,192,952.0,0.039,0.1,0.191,73.0,67.0,0.5,0.243,0.693,0.063,8581300,0.528,317000000,390.39081151579967
0.022,37.0,48467.0,Bangladesh,74.0,26626.0,68415421373,0.035,16,400.0,0.046,0.0,0.16,69.0,68.0,0.2,0.333,0.623,0.044,146457067,0.282,76000000,403.54331501778296
0.022,40.8,392.0,Bhutan,48.0,244.0,1196091806,0.05,88,274.0,0.041,0.1,0.14,66.0,65.0,0.2,0.32,0.638,0.042,679365,0.325,47000000,291.5080605814495
0.018,37.4,10176.0,Brunei Darussalam,116.0,3227.0,12247694247,0.023,738,144.0,0.008,0.4,0.055,79.0,76.0,1.0,0.28,0.686,0.033,381440,0.743,233000000,395.1864002704853
0.026,21.5,3484.0,Cambodia,86.0,3482.0,8639164917,0.045,28,137.0,0.045,0.0,0.14810265957446808,72.0,66.0,0.2,0.341,0.612,0.046,13747288,0.194,1169000000,364.17496178676356
0.012,81.2,6791805.0,China,35.0,2044606.0,3494055942162,0.044,113,832.0,0.017,0.2,0.075,76.0,73.0,0.4,0.192,0.729,0.079,1317885000,0.452,41126000000,586.9907444375978
0.013,38.6,6190.0,Georgia,11.0,3341.0,10172260738,0.082,188,387.0,0.019,0.1,0.171,77.0,70.0,0.6,0.176,0.678,0.146,4388400,0.526,440000000,377.89525149729576
0.01,24.1,39963.0,"Hong Kong SAR, China",11.0,14338.0,211597405594,0.06416951983298538,15,80.0,0.032813011456628474,0.6,0.068,85.0,79.0,1.6,0.132,0.744,0.124,6916300,1.0,18237000000,549.1576111066208
0.022,72.7,1611404.0,India,33.0,604659.0,1238700195644,0.039,40,271.0,0.052,0.0,0.13,66.0,63.0,0.2,0.314,0.638,0.049,1159095250,0.299,11234000000,533.2669999050817
0.021,37.5,375545.0,Indonesia,105.0,182885.0,432216737775,0.031,58,266.0,0.031,0.1,0.139,71.0,67.0,0.4,0.3,0.651,0.049,230972808,0.475,5831000000,511.07629458811135
0.009,52.5,1251136.0,Japan,22.0,515198.0,4356346715298,0.082,2801,350.0,0.003,0.7,0.019,86.0,79.0,0.8,0.136,0.654,0.21,127770750,0.88,12422000000,592.4946522693365
0.021,41.4,220313.0,Kazakhstan,21.0,66231.0,104849886826,0.034,233,271.0,0.025,0.0,0.14810265957446808,73.0,61.0,0.8,0.244,0.682,0.073,15484192,0.543,1213000000,443.3920623392791
0.015,44.1,70370.0,"Korea, Dem. Rep.",39.99941792782305,18300.0,1001970945,0.06416951983298538,15,302.06850282485874,0.026,0.23974713551955748,0.14810265957446808,72.0,65.0,0.5781237682301931,0.239,0.681,0.08,24111989,0.6,26000000,252.6495062237185
0.01,30.2,495837.0,"Korea, Rep.",17.0,222147.0,1122675892646,0.064,1379,290.0,0.004,0.8,0.066,83.0,76.0,0.9,0.18,0.72,0.1,48597652,0.816,9288000000,572.1594705058778
0.023,61.4,5871.0,Kyrgyz Republic,21.0,2726.0,3802566171,0.069,51,202.0,0.032,0.1,0.253,72.0,64.0,0.4,0.304,0.644,0.052,5268400,0.353,392000000,368.1082977460734
0.029,35.2,1668.0,Lao PDR,93.0,77236.84089635854,4222945530,0.042,29,672.0,0.065,0.0,0.285,67.0,64.0,0.2,0.389,0.574,0.037,6013278,0.297,190000000,270.75280671761607
0.008,44.1,1404.0,"Macao SAR, China",39.99941792782305,77236.84089635854,18054684854,0.06416951983298538,15,302.06850282485874,0.032813011456628474,0.5,0.078,82.0,77.0,1.6,0.15,0.778,0.071,493206,1.0,13733000000,419.05983114402784
0.018,36.0,205308.0,Malaysia,31.0,69970.0,193552802792,0.035,256,166.0,0.007,0.6,0.064,76.0,72.0,0.9,0.292,0.663,0.045,26813819,0.684,17948000000,511.22727079536344
0.022,9.3,917.0,Maldives,9.0,299.0,1541978559,0.063,315,302.06850282485874,0.015,0.2,0.13,77.0,74.0,1.0,0.322,0.63,0.048,308239,0.363,1515000000,354.92265646825325
0.022,39.8,10092.0,Mongolia,13.0,3114.0,4234894168,0.057,93,204.0,0.033,0.1,0.218,70.0,62.0,0.5,0.276,0.686,0.038,2595068,0.646,354000000,370.1953233247989
0.019,44.1,12636.0,Myanmar,39.99941792782305,15595.0,1001970945,0.019,7,302.06850282485874,0.048,0.0,0.17,66.0,62.0,0.0,0.272,0.678,0.05,50828959,0.299,97000000,305.51796601229137
0.026,32.8,2699.0,Nepal,31.0,9308.0,10325618017,0.055,23,408.0,0.042,0.0,0.08,67.0,65.0,0.1,0.387,0.566,0.046,25950022,0.158,234000000,392.5138640081787
0.028,40.2,158895.0,Pakistan,24.0,83538.0,152385716312,0.035,31,560.0,0.078,0.1,0.118,66.0,65.0,0.4,0.37,0.588,0.042,163928329,0.354,912000000,460.4060675429792
0.026,49.1,69669.0,Philippines,47.0,38514.0,149359920006,0.039,65,195.0,0.027,0.1,0.087,71.0,64.0,0.6,0.364,0.601,0.035,88875548,0.461,5520000000,459.82548001268236
0.01,23.2,17866.0,Singapore,5.0,21819.0,179981089531,0.035,1333,80.0,0.002,0.7,0.053,83.0,78.0,1.3,0.184,0.731,0.085,4588600,1.0,9066000000,543.7847136821825
0.019,61.7,12457.0,Sri Lanka,40.0,9261.0,32351184234,0.037,59,256.0,0.011,0.0,0.171,77.0,70.0,0.4,0.252,0.675,0.073,20039000,0.184,750000000,415.3185620634098
0.031,80.0,3223.0,Tajikistan,62.0,2583.0,3719497371,0.053,28,224.0,0.05,0.1,0.227,70.0,63.0,0.3,0.37,0.594,0.036,7111025,0.265,16500000,246.57102991552037
0.012,37.4,262205.0,Thailand,33.0,104886.0,246976870173,0.036,133,264.0,0.014,0.2,0.071,76.0,70.0,0.8,0.212,0.707,0.082,66076927,0.401,20623000000,513.1539424567353
0.037,48.4,183.0,Timor-Leste,158.0,61.0,558700000,0.08,41,640.0,0.059,0.0,0.15,66.0,63.0,0.1,0.477,0.494,0.029,1015482,0.276,26000000,237.92904148442395
0.022,44.1,53516.0,Turkmenistan,39.99941792782305,22367.0,12664165103,0.021,113,302.06850282485874,0.055,0.0,0.14810265957446808,69.0,61.0,0.1,0.311,0.645,0.044,4858236,0.476,26000000,252.6495062237185
0.023,90.3,116944.0,Uzbekistan,15.0,48718.0,22311393928,0.054,46,196.0,0.044,0.1,0.14810265957446808,71.0,64.0,0.2,0.317,0.637,0.046,26868000,0.364,51000000,252.6495062237185
0.017,39.9,113651.0,Vietnam,39.0,45777.0,77414425532,0.071,58,1050.0,0.022,0.2,0.112,80.0,70.0,0.5,0.254,0.68,0.066,84221100,0.285,3750000000,437.7349670624348
0.013,45.9,4056.0,Albania,36.0,2025.0,10701011856,0.064,218,364.0,0.017,0.2,0.141,80.0,73.0,0.7,0.25,0.658,0.092,2940880,0.489,1479000000,441.3863324120014
0.01,44.1,539.0,Andorra,39.99941792782305,77236.84089635854,3245411584,0.062,3012,302.06850282485874,0.003,0.7,0.14810265957446808,71.15926791277259,66.46183800623054,0.8,0.3030511272141707,0.6234814814814815,0.07346457326892109,81292,0.894,26000000,252.6495062237185
0.009,52.4,69141.0,Austria,25.0,33393.0,375042040684,0.103,4636,170.0,0.004,0.7,0.14810265957446808,83.0,77.0,1.2,0.155,0.678,0.167,8300788,0.658,21088000000,541.7099018312705
0.011,120.8,60282.0,Belarus,48.0,28039.0,45275711996,0.064,304,987.0,0.006,0.2,0.086,76.0,65.0,0.7,0.15,0.705,0.145,9560000,0.733,479000000,416.172319721808
0.012,57.3,103215.0,Belgium,4.0,57019.0,459619168192,0.095,4136,156.0,0.004,0.6,0.086,83.0,77.0,1.0,0.169,0.659,0.172,10625700,0.975,12371000000,560.6930074974044
0.008,42.8,27884.0,Bosnia and Herzegovina,63.0,5305.0,15280615815,0.086,341,368.0,0.007,0.3,0.072,78.0,73.0,0.6,0.184,0.676,0.14,3868665,0.392,804000000,376.02870793538426
0.01,35.8,52812.0,Bulgaria,32.0,20117.0,42113656147,0.068,375,616.0,0.012,0.3,0.1,76.0,69.0,1.3,0.133,0.689,0.177,7545338,0.713,4181000000,461.60547463161987
0.009,21.4,24389.0,Croatia,22.0,9325.0,59319390298,0.075,1008,196.0,0.005,0.4,0.093,79.0,72.0,1.2,0.157,0.67,0.173,4436000,0.568,9601000000,430.4777798641886
0.012,44.1,8196.0,Cyprus,39.99941792782305,2437.0,21841815681,0.061,1691,302.06850282485874,0.004,0.4,0.067,81.0,77.0,0.9,0.19,0.7,0.11,1063095,0.68,3108000000,447.91904794347465
0.011,47.7,123948.0,Czech Republic,17.0,45845.0,180478622230,0.065,1144,808.0,0.004,0.5,0.058,80.0,74.0,1.3,0.143,0.712,0.145,10298828,0.735,7775000000,485.4389507031204
0.012,32.0,50253.0,Denmark,6.0,19763.0,311417554326,0.1,5710,135.0,0.004,0.9,0.14810265957446808,81.0,76.0,1.2,0.185,0.659,0.156,5461438,0.863,5978000000,524.4750770255588
0.012,48.4,18845.0,Estonia,7.0,5624.0,21993674015,0.051,835,81.0,0.005,0.7,0.065,79.0,67.0,1.3,0.151,0.678,0.172,1340680,0.685,1416000000,420.459529074214
0.014,44.1,774.0,Faeroe Islands,39.99941792782305,77236.84089635854,2278229880,0.06416951983298538,15,302.06850282485874,0.032813011456628474,0.8,0.14810265957446808,83.0,78.0,1.1,0.3030511272141707,0.6234814814814815,0.07346457326892109,49554,0.403,26000000,252.6495062237185
0.011,47.8,63982.0,Finland,14.0,36803.0,246127525620,0.08,3751,269.0,0.003,0.8,0.14810265957446808,83.0,76.0,1.1,0.17,0.668,0.163,5288720,0.832,4287000000,497.0393187326344
0.013,65.0,375882.0,France,7.0,263542.0,2582391514260,0.109,4413,132.0,0.004,0.7,0.14810265957446808,85.0,78.0,0.9,0.184,0.651,0.165,64012572,0.776,63701000000,602.8270961960783
0.008,49.0,784016.0,Germany,18.0,330719.0,3323809686746,0.105,4231,196.0,0.004,0.8,0.14810265957446808,82.0,77.0,1.2,0.139,0.662,0.198,82266372,0.737,49332000000,639.7518589848889
0.01,48.9,98246.0,Greece,38.0,30217.0,305431981541,0.098,2682,264.0,0.004,0.4,0.14810265957446808,82.0,77.0,1.1,0.144,0.668,0.188,11163002,0.752,15687000000,482.0582996638766
0.01,55.3,55859.0,Hungary,16.0,26729.0,136102020867,0.077,1038,340.0,0.007,0.5,0.091,77.0,69.0,1.1,0.151,0.689,0.161,10055780,0.674,5628000000,477.4570004374743
0.015,26.2,2310.0,Iceland,5.0,4836.0,20428232684,0.093,6182,140.0,0.002,0.9,0.193,83.0,80.0,1.1,0.215,0.666,0.118,311566,0.933,848000000,441.5438959346519
0.016,25.3,44583.0,Ireland,13.0,15120.0,259574331428,0.079,4733,76.0,0.004,0.6,0.14810265957446808,82.0,77.0,1.2,0.208,0.681,0.111,4398942,0.61,9263000000,524.2410829930272
0.011,44.1,142307.10776470587,Isle of Man,39.99941792782305,77236.84089635854,4075664785,0.06416951983298538,15,302.06850282485874,0.032813011456628474,0.23974713551955748,0.14810265957446808,71.15926791277259,66.46183800623054,0.5781237682301931,0.3030511272141707,0.6234814814814815,0.07346457326892109,81812,0.519,26000000,252.6495062237185
0.01,75.4,462676.0,Italy,13.0,179599.0,2127181952205,0.085,3058,340.0,0.004,0.4,0.063,84.0,79.0,1.5,0.141,0.66,0.199,58438310,0.68,46144000000,586.2350320307593
0.019,44.1,142307.10776470587,Kosovo,39.99941792782305,2045.0,4743437689,0.06416951983298538,15,302.06850282485874,0.032813011456628474,0.23974713551955748,0.141,71.0,67.0,0.5781237682301931,0.3030511272141707,0.6234814814814815,0.07346457326892109,1733404,0.5629525765496639,26000000,252.6495062237185
0.011,36.4,7928.0,Latvia,16.0,4796.0,28765687042,0.07,883,279.0,0.01,0.6,0.109,77.0,66.0,1.0,0.142,0.68,0.178,2200325,0.679,881000000,430.31554307181244
0.01,44.1,142307.10776470587,Liechtenstein,39.99941792782305,77236.84089635854,4602346923,0.06416951983298538,15,302.06850282485874,0.032813011456628474,0.7,0.14810265957446808,84.0,79.0,0.9,0.3030511272141707,0.6234814814814815,0.07346457326892109,35308,0.146,26000000,252.6495062237185
0.01,46.2,15137.0,Lithuania,26.0,9460.0,39325985931,0.062,725,166.0,0.007,0.5,0.069,77.0,65.0,1.5,0.159,0.688,0.154,3231294,0.668,1192000000,435.9142143167132
0.011,20.0,10869.0,Luxembourg,26.0,4209.0,51320661751,0.068,7326,59.0,0.002,0.8,0.14810265957446808,82.0,77.0,1.4,0.182,0.675,0.143,479993,0.874,4032000000,482.6434658071884
0.011,20.3,11379.0,"Macedonia, FYR",15.0,3045.0,8159825620,0.07,272,192.0,0.011,0.4,0.102,77.0,72.0,0.9,0.187,0.699,0.114,2096620,0.572,219000000,353.6634978191697
0.009,44.1,2725.0,Malta,39.99941792782305,878.0,7513834700,0.085,1580,302.06850282485874,0.006,0.5,0.062,82.0,78.0,0.9,0.164,0.698,0.138,406724,0.941,1185000000,378.86616851567373
0.012,42.5,4686.0,Moldova,23.0,3342.0,4402495921,0.109,134,234.0,0.017,0.2,0.188,72.0,64.0,0.5,0.177,0.71,0.113,3576910,0.451,229000000,379.680481300058
0.022714893617021278,44.1,142307.10776470587,Monaco,39.99941792782305,77236.84089635854,5974371696,0.034,5671,302.06850282485874,0.004,0.6,0.14810265957446808,71.15926791277259,66.46183800623054,0.6,0.3030511272141707,0.6234814814814815,0.07346457326892109,35013,1.0,26000000,252.6495062237185
0.013,30.4,2252.0,Montenegro,24.0,1086.0,3673382212,0.07,414,372.0,0.008,0.3,0.092,76.0,72.0,1.5,0.199,0.673,0.128,617800,0.626,660000000,319.5497165999623
0.011,41.8,171766.0,Netherlands,8.0,79350.0,782567278575,0.108,5150,180.0,0.004,0.9,0.046,82.0,78.0,1.2,0.181,0.674,0.144,16381696,0.845,19922000000,561.3345619004488
0.012,41.1,45089.0,Norway,7.0,27547.0,393479385840,0.095,7978,87.0,0.003,0.9,0.066,83.0,78.0,1.1,0.193,0.66,0.147,4709153,0.782,5322000000,543.2496305974726
0.01,43.4,315637.0,Poland,31.0,96824.0,425321502151,0.063,706,418.0,0.006,0.5,0.14810265957446808,80.0,71.0,1.1,0.156,0.71,0.133,38120560,0.612,11686000000,521.8743251584123
0.01,42.9,60865.0,Portugal,6.0,25302.0,231741732391,0.1,2185,328.0,0.003,0.4,0.14810265957446808,82.0,75.0,1.3,0.154,0.671,0.175,10542964,0.587,12917000000,497.5186896749304
0.01,45.6,100960.0,Romania,9.0,39757.0,170616958884,0.052,414,202.0,0.015,0.3,0.133,76.0,69.0,0.9,0.15,0.701,0.149,20882982,0.534,2073000000,452.3487897273083
0.011,51.2,1667598.0,Russian Federation,29.0,672591.0,1299705247686,0.054,487,448.0,0.012,0.2,0.1,74.0,61.0,1.2,0.147,0.716,0.137,142114903,0.736,12427000000,569.7523114831232
0.009,44.1,142307.10776470587,San Marino,39.99941792782305,77236.84089635854,1687653983,0.05,3872,302.06850282485874,0.003,0.5,0.076,85.0,80.0,0.6,0.3030511272141707,0.6234814814814815,0.07346457326892109,30377,0.94,26000000,252.6495062237185
0.009,35.8,52251.0,Serbia,23.0,16602.0,38952093544,0.104,547,279.0,0.007,0.3,0.111,76.0,71.0,1.0,0.176,0.686,0.139,7381579,0.551,1016000000,437.113214369938
0.01,47.3,36600.0,Slovak Republic,27.0,17850.0,84108560088,0.078,1078,325.0,0.008,0.6,0.08,78.0,71.0,1.1,0.159,0.722,0.119,5374622,0.553,2352000000,454.74904943992385
0.01,38.4,16212.0,Slovenia,60.0,7321.0,47349639895,0.079,1850,260.0,0.003,0.6,0.059,82.0,75.0,1.0,0.14,0.7,0.16,2018122,0.503,2465000000,439.0859388726947
0.011,62.1,358237.0,Spain,47.0,143836.0,1441427520487,0.085,2752,298.0,0.004,0.6,0.14810265957446808,84.0,78.0,1.1,0.146,0.686,0.168,45226803,0.777,65020000000,571.9751996991025
0.012,53.7,48060.0,Sweden,16.0,50060.0,462512853670,0.089,4526,122.0,0.003,0.8,0.14810265957446808,83.0,79.0,1.1,0.169,0.656,0.175,9148092,0.846,12259000000,546.9068525342057
0.01,27.9,38019.0,Switzerland,18.0,25760.0,450529673716,0.102,6126,63.0,0.004,0.8,0.032,84.0,79.0,1.1,0.157,0.681,0.162,7551117,0.736,14721000000,539.758464736034
0.019,44.3,284658.0,Turkey,6.0,100005.0,647155131952,0.06,558,223.0,0.023,0.3,0.14810265957446808,77.0,70.0,0.9,0.278,0.655,0.068,69496513,0.69,21662000000,491.5588083294373
0.01,56.6,327595.0,Ukraine,27.0,137343.0,142719009901,0.064,194,2085.0,0.012,0.1,0.139,74.0,63.0,1.2,0.141,0.698,0.161,46509350,0.681,5320000000,489.0752210376042
0.013,34.5,528906.0,United Kingdom,13.0,210993.0,2857082734449,0.085,3953,105.0,0.005,0.8,0.055,82.0,77.0,1.2,0.177,0.662,0.161,61322463,0.805,48193000000,634.3477770635674
0.018,14.7,22398.0,Bahrain,9.0,8962.0,21730590263,0.036,648,36.0,0.009,0.3,0.083,77.0,75.0,1.1,0.233,0.746,0.021,1032353,0.884,1854000000,413.07634517856513
0.019,44.2,539790.0,"Iran, Islamic Rep.",28.0,190620.0,286057933326,0.051,220,344.0,0.019,0.1,0.12,74.0,70.0,0.4,0.242,0.707,0.051,71809219,0.689,1950000000,516.0131690398156
0.034,27.8,62834.0,Iraq,32.0,23696.0,88837727881,0.037,95,312.0,0.032,0.0,0.195,72.0,66.0,0.5,0.417,0.548,0.034,28740630,0.689,555000000,415.08799242777377
0.021,35.2,66424.0,Israel,20.0,20700.0,174967936224,0.075,1730,230.0,0.004,0.5,0.069,82.0,88.0,1.3,0.275,0.623,0.102,7180100,0.916,4405000000,495.69508046065283
0.03,31.1,21540.0,Jordan,13.0,7209.0,17110610000,0.083,252,136.0,0.019,0.2,0.087,75.0,71.0,0.8,0.368,0.6,0.033,5661000,0.817,2754000000,430.43727723454583
0.021,10.7,75236.0,Kuwait,35.0,26389.0,114721830986,0.021,954,98.0,0.01,0.3,0.085,75.0,73.0,0.6,0.254,0.718,0.028,2554920,0.982,530000000,515.59010993184
0.013,35.4,14972.0,Lebanon,46.0,4206.0,24577114428,0.08,480,180.0,0.011,0.2,0.103,80.0,76.0,0.3,0.266,0.655,0.078,4139813,0.868,5796000000,487.87204442639995
0.022,12.0,44587.0,Oman,35.0,17583.0,41901170689,0.025,403,62.0,0.01,0.2,0.073,77.0,73.0,1.0,0.327,0.649,0.024,2569739,0.735,905000000,427.41740165840736
0.013,11.3,67242.0,Qatar,7.0,22790.0,79712085615,0.023,1600,36.0,0.008,0.4,0.074,79.0,77.0,1.1,0.183,0.805,0.012,1152459,0.98,26000000,252.6495062237185
0.022,14.5,393535.0,Saudi Arabia,20.0,144109.0,415909018143,0.037,566,79.0,0.016,0.3,0.14810265957446808,76.0,73.0,1.1,0.328,0.642,0.03,25915624,0.814,6907000000,564.9778814707181
0.026,43.3,57429.0,Syrian Arab Republic,43.0,22803.0,40405006007,0.038,79,336.0,0.015,0.1,0.102,77.0,73.0,0.3,0.373,0.592,0.035,19561477,0.545,2972000000,415.37601118011946
0.016,14.4,139405.0,United Arab Emirates,18.0,51975.0,257916140791,0.025,1184,12.0,0.008,0.6,0.14810265957446808,77.0,75.0,1.3,0.162,0.833,0.005,5797347,0.83,6072000000,535.7223324535968
0.034,47.9,21712.0,"Yemen, Rep.",63.0,7014.0,25633674564,0.049,57,248.0,0.052,0.1,0.18,63.0,61.0,0.2,0.442,0.532,0.026,21182162,0.3,425000000,373.45171744268976
0.022714893617021278,44.1,142307.10776470587,American Samoa,39.99941792782305,77236.84089635854,1001970945,0.06416951983298538,15,302.06850282485874,0.032813011456628474,0.23974713551955748,0.14810265957446808,71.15926791277259,66.46183800623054,0.5781237682301931,0.3030511272141707,0.6234814814814815,0.07346457326892109,57919,0.879,26000000,252.6495062237185
0.014,50.1,377235.0,Australia,3.0,118655.0,853854910890,0.086,3956,107.0,0.005,0.7,0.082,84.0,79.0,1.0,0.193,0.676,0.131,20827600,0.883,25624000000,563.5981072305741
0.023,41.5,1203.0,Fiji,46.0,524.0,3405050612,0.037,152,140.0,0.02,0.1,0.09,72.0,66.0,0.6,0.296,0.66,0.044,835392,0.507,725000000,349.0561710740736
0.018,44.1,843.0,French Polynesia,39.99941792782305,77236.84089635854,1001970945,0.06416951983298538,15,302.06850282485874,0.032813011456628474,0.3,0.14810265957446808,77.0,73.0,0.7,0.26,0.683,0.057,260361,0.568,537000000,355.1697743329197
0.019,44.1,142307.10776470587,Guam,39.99941792782305,77236.84089635854,1001970945,0.06416951983298538,15,302.06850282485874,0.032813011456628474,0.5,0.14810265957446808,80.0,75.0,0.5781237682301931,0.288,0.645,0.067,158331,0.938,26000000,252.6495062237185
0.024,31.8,51.0,Kiribati,31.0,11.0,123005090,0.121,160,120.0,0.05,0.1,0.14810265957446808,70.0,64.0,0.0,0.357,0.606,0.037,93401,0.436,4000000,256.7616883341659
0.035,64.8,99.0,Marshall Islands,17.0,32.0,149739017,0.196,587,128.0,0.032,0.0,0.14810265957446808,71.15926791277259,66.46183800623054,0.5781237682301931,0.3030511272141707,0.6234814814814815,0.07346457326892109,52150,0.705,4500000,252.6495062237185
0.025,58.7,99.0,"Micronesia, Fed. Sts.",16.0,77236.84089635854,255890836,0.12,292,128.0,0.035,0.1,0.14,69.0,67.0,0.3,0.382,0.579,0.039,105097,0.223,25000000,248.42238720692856
0.017,44.1,2945.0,New Caledonia,39.99941792782305,77236.84089635854,1001970945,0.06416951983298538,15,302.06850282485874,0.032813011456628474,0.4,0.14810265957446808,80.0,72.0,0.7,0.255,0.665,0.08,242400,0.653,142000000,354.1719569051693
0.015,35.5,33648.0,New Zealand,12.0,17123.0,135294884584,0.085,2694,172.0,0.005,0.7,0.086,82.0,78.0,1.0,0.211,0.666,0.123,4228300,0.861,5413000000,477.30106252202415
0.032,41.5,4903.0,Papua New Guinea,51.0,77236.84089635854,6329292929,0.042,41,207.0,0.054,0.0,0.098,63.0,59.0,0.0,0.397,0.576,0.027,6397623,0.131,4500000,331.6026331854807
0.029,19.8,161.0,Samoa,35.0,58.0,490916835,0.059,164,224.0,0.016,0.0,0.127,75.0,68.0,0.5,0.39,0.56,0.049,182240,0.208,102000000,282.28007097347205
0.034,26.1,198.0,Solomon Islands,56.0,64.0,516209150,0.056,67,80.0,0.029,0.0,0.141,68.0,65.0,0.0,0.411,0.558,0.031,492148,0.187,37800000,302.3375440634403
0.028,27.5,154.0,Tonga,32.0,58.0,301064027,0.069,205,164.0,0.013,0.1,0.122,75.0,69.0,0.5,0.379,0.561,0.06,102289,0.232,15200000,281.2470167969359
0.028,8.4,95.0,Vanuatu,47.0,35.0,526425740,0.037,88,120.0,0.017,0.1,0.082,72.0,68.0,0.1,0.391,0.573,0.036,220001,0.237,142000000,268.3194695609425
0.018,46.2,444.0,Antigua and Barbuda,21.0,146.0,1289259236,0.046,698,184.0,0.01,0.3,0.104,77.0,72.0,1.3,0.276,0.651,0.073,84397,0.28,338000000,315.6575582064916
0.017,107.6,180416.0,Argentina,30.0,73673.0,329761480067,0.082,548,453.0,0.014,0.3,0.111,79.0,71.0,1.0,0.257,0.639,0.104,39331357,0.904,4984000000,499.30908164722393
0.012,44.1,2358.0,Aruba,39.99941792782305,77236.84089635854,2623726257,0.06416951983298538,15,302.06850282485874,0.032813011456628474,0.3,0.11,77.0,72.0,1.1,0.212,0.696,0.092,101219,0.441,1213000000,376.9007759169866
0.015,44.9,1547.0,"Bahamas, The",31.0,709.0,8318996000,0.071,1721,58.0,0.012,0.3,0.055,77.0,71.0,1.1,0.242,0.693,0.065,342049,0.824,2198000000,404.1454499743582
0.013,44.1,1426.0,Barbados,39.99941792782305,401.0,4513250000,0.075,928,302.06850282485874,0.014,0.6,0.108,77.0,72.0,0.9,0.2,0.694,0.106,276277,0.326,1224000000,379.680481300058
0.026,34.8,425.0,Belize,44.0,178.0,1290500000,0.048,215,147.0,0.017,0.1,0.143,76.0,70.0,0.4,0.37,0.59,0.04,286196,0.458,289000000,311.3160989589777
0.013,44.1,517.0,Bermuda,39.99941792782305,77236.84089635854,5895048000,0.06416951983298538,15,302.06850282485874,0.032813011456628474,0.7,0.14810265957446808,82.0,76.0,1.1,0.3030511272141707,0.6234814814814815,0.07346457326892109,64888,1.0,569000000,397.2608130177279
0.028,80.0,12757.0,Bolivia,50.0,5372.0,13120183157,0.047,64,1080.0,0.04,0.1,0.129,68.0,63.0,0.3,0.374,0.58,0.045,9676456,0.651,326000000,390.8036305551257
0.017,69.0,363213.0,Brazil,149.0,235460.0,1366823994659,0.085,609,2600.0,0.018,0.3,0.437,76.0,69.0,0.6,0.268,0.668,0.064,189996976,0.834,5284000000,532.1481046618043
0.011,44.3,560802.0,Canada,3.0,271728.0,1457872837626,0.1,4330,119.0,0.005,0.7,0.061,83.0,78.0,0.6,0.171,0.695,0.134,32887928,0.804,17961000000,583.7269335380273
0.014,44.1,612.0,Cayman Islands,39.99941792782305,77236.84089635854,1001970945,0.06416951983298538,15,302.06850282485874,0.032813011456628474,0.5,0.14810265957446808,71.15926791277259,66.46183800623054,2.0,0.3030511272141707,0.6234814814814815,0.07346457326892109,51472,1.0,481000000,349.62688990362375
0.015,25.1,71154.0,Chile,27.0,30565.0,173006275030,0.064,665,316.0,0.008,0.4,0.087,82.0,76.0,0.8,0.237,0.678,0.085,16668892,0.879,2226000000,459.55335335671793
0.021,84.2,63439.0,Colombia,42.0,27919.0,207520150283,0.063,291,268.0,0.017,0.2,0.154,77.0,69.0,0.8,0.3,0.648,0.052,44498390,0.742,2262000000,460.6116184112587
0.017,55.2,8573.0,Costa Rica,77.0,4508.0,26321999607,0.084,525,402.0,0.009,0.3,0.128,81.0,76.0,0.3,0.266,0.673,0.061,4463226,0.682,2221000000,417.6675442178856
0.011,44.1,26736.0,Cuba,39.99941792782305,10137.0,58603500000,0.104,587,302.06850282485874,0.005,0.1,0.14810265957446808,80.0,76.0,0.0,0.186,0.699,0.115,11301674,0.763,2415000000,252.6495062237185
0.013,44.1,142307.10776470587,Curacao,39.99941792782305,77236.84089635854,1001970945,0.06416951983298538,15,302.06850282485874,0.032813011456628474,0.23974713551955748,0.14810265957446808,79.0,72.0,0.5781237682301931,0.203,0.671,0.126,143026,0.903,329000000,369.5115161103655
0.022714893617021278,37.0,150.0,Dominica,14.0,43.0,412592593,0.051,298,147.0,0.012,0.4,0.092,71.15926791277259,66.46183800623054,1.3,0.3030511272141707,0.6234814814814815,0.07346457326892109,70795,0.672,74000000,262.8745315809
0.023,39.5,21430.0,Dominican Republic,22.0,7058.0,41320673508,0.05,212,286.0,0.028,0.2,0.158,75.0,69.0,0.6,0.323,0.619,0.058,9615015,0.7,4064000000,403.6190523824746
0.023,35.3,30759.0,Ecuador,65.0,11332.0,51007777000,0.067,241,600.0,0.023,0.1,0.14810265957446808,78.0,72.0,0.7,0.32,0.622,0.058,14268397,0.621,626000000,416.6765356385274
0.021,34.7,6898.0,El Salvador,22.0,4479.0,20104900000,0.063,207,320.0,0.018,0.1,0.14810265957446808,76.0,66.0,1.0,0.343,0.592,0.065,6122952,0.627,793000000,388.4806860377676
0.015,44.1,616.0,Greenland,39.99941792782305,77236.84089635854,2121759848,0.06416951983298538,15,302.06850282485874,0.032813011456628474,0.6,0.14810265957446808,72.0,68.0,1.2,0.3030511272141707,0.6234814814814815,0.07346457326892109,56555,0.835,26000000,252.6495062237185
0.019,45.3,238.0,Grenada,20.0,81.0,758888875,0.061,448,140.0,0.012,0.2,0.098,74.0,69.0,0.5,0.287,0.638,0.075,103586,0.358,129000000,275.1650398034187
0.034,36.5,12636.0,Guatemala,34.0,8528.0,34113106486,0.072,184,344.0,0.031,0.1,0.128,74.0,67.0,0.9,0.426,0.531,0.043,13317931,0.48,1055000000,416.898744375574
0.022,39.0,1566.0,Guyana,37.0,500.0,1740334782,0.039,89,288.0,0.034,0.1,0.146,68.0,62.0,0.7,0.372,0.592,0.035,770407,0.282,50000000,319.5497165999623
0.028,40.4,2391.0,Haiti,202.0,2509.0,5885325590,0.054,34,184.0,0.063,0.1,0.231,62.0,59.0,0.3,0.373,0.584,0.043,9513714,0.474,190000000,384.85136508480673
0.028,44.0,8779.0,Honduras,21.0,4692.0,12275491273,0.079,136,424.0,0.024,0.1,0.166,74.0,70.0,0.6,0.386,0.572,0.042,7178436,0.498,547000000,382.15760818791796
0.016,49.9,13480.0,Jamaica,8.0,4200.0,12820055025,0.049,230,414.0,0.017,0.2,0.172,75.0,69.0,1.0,0.304,0.618,0.077,2662481,0.532,2142000000,385.90465854962196
0.021,52.3,455845.0,Mexico,25.0,176711.0,1043394940068,0.058,565,485.0,0.016,0.2,0.076,78.0,74.0,0.6,0.314,0.63,0.056,113529819,0.769,14055000000,529.8106981183496
0.025,63.5,4595.0,Nicaragua,39.0,2871.0,7458167331,0.069,92,240.0,0.024,0.0,0.13,76.0,70.0,0.4,0.364,0.592,0.043,5595533,0.564,255000000,378.1750099001209
0.021,44.7,7125.0,Panama,18.0,3024.0,21121900000,0.067,382,482.0,0.018,0.2,0.083,79.0,74.0,0.9,0.302,0.635,0.063,3491034,0.643,1806000000,397.6113348053579
0.025,35.1,4136.0,Paraguay,35.0,4225.0,13794909537,0.06,135,328.0,0.023,0.1,0.25,74.0,70.0,0.8,0.349,0.602,0.049,6125285,0.578,121000000,362.15788717676855
0.021,38.3,43208.0,Peru,72.0,14334.0,102172590585,0.051,192,424.0,0.019,0.3,0.229,76.0,70.0,0.5,0.312,0.632,0.056,28328410,0.758,2007000000,438.5168387035859
0.012,57.6,142307.10776470587,Puerto Rico,7.0,77236.84089635854,89524131617,0.06416951983298538,15,140.0,0.032813011456628474,0.3,0.14810265957446808,83.0,74.0,0.7,0.215,0.66,0.125,3782995,0.94,3414000000,452.790461857477
0.022714893617021278,44.1,142307.10776470587,Sint Maarten (Dutch part),39.99941792782305,77236.84089635854,1001970945,0.06416951983298538,15,302.06850282485874,0.032813011456628474,0.23974713551955748,0.14810265957446808,77.0,72.0,0.5781237682301931,0.3030511272141707,0.6234814814814815,0.07346457326892109,39464,1.0,665000000,332.4915628756668
0.022714893617021278,52.3,249.0,St. Kitts and Nevis,19.0,83.0,684074062,0.041,551,172.0,0.01,0.5,0.093,71.15926791277259,66.46183800623054,1.3,0.3030511272141707,0.6234814814814815,0.07346457326892109,50478,0.319,125000000,265.7036038635226
0.017,34.0,385.0,St. Lucia,20.0,128.0,1145555535,0.068,452,71.0,0.014,0.3,0.101,76.0,71.0,0.9,0.27,0.653,0.077,170149,0.211,302000000,308.11413513567896
0.017,44.1,142307.10776470587,St. Martin (French part),39.99941792782305,77236.84089635854,1001970945,0.06416951983298538,15,302.06850282485874,0.032813011456628474,0.23974713551955748,0.14810265957446808,82.0,75.0,0.5781237682301931,0.3030511272141707,0.6234814814814815,0.07346457326892109,28905,0.5629525765496639,26000000,252.6495062237185
0.018,45.0,202.0,St. Vincent and the Grenadines,12.0,70.0,684074074,0.039,246,76.0,0.019,0.2,0.096,74.0,70.0,1.0,0.276,0.653,0.07,109045,0.477,110000000,282.6178872213985
0.019,27.9,2442.0,Suriname,694.0,714.0,2936612022,0.059,341,199.0,0.024,0.1,0.138,73.0,66.0,0.7,0.295,0.643,0.062,510433,0.665,73000000,294.04413328293447
0.015,33.1,46461.0,Trinidad and Tobago,43.0,20331.0,21830397705,0.048,790,210.0,0.023,0.3,0.118,73.0,66.0,1.2,0.211,0.713,0.076,1310040,0.096,621000000,355.6594550327354
0.022714893617021278,44.1,158.0,Turks and Caicos Islands,39.99941792782305,77236.84089635854,1001970945,0.06416951983298538,15,302.06850282485874,0.032813011456628474,0.23974713551955748,0.14810265957446808,71.15926791277259,66.46183800623054,0.5781237682301931,0.3030511272141707,0.6234814814814815,0.07346457326892109,28638,0.888,26000000,252.6495062237185
0.014,46.1,5828697.0,United States,6.0,2337014.0,14480300000000,0.161,7486,325.0,0.007,0.8,0.081,80.0,75.0,0.8,0.202,0.673,0.125,301231207,0.803,148846000000,646.873835060035
0.015,71.3,5999.0,Uruguay,44.0,3172.0,23410536914,0.08,560,304.0,0.012,0.3,0.089,80.0,73.0,0.9,0.233,0.63,0.137,3338384,0.938,928000000,387.4916452854112
0.022,53.6,175785.0,"Venezuela, RB",141.0,62934.0,230364229157,0.06,497,864.0,0.015,0.2,0.171,77.0,71.0,0.9,0.305,0.643,0.052,27655937,0.886,972000000,463.70245411028617
0.013,44.1,142307.10776470587,Virgin Islands (U.S.),39.99941792782305,77236.84089635854,1001970945,0.06416951983298538,15,302.06850282485874,0.032813011456628474,0.3,0.14810265957446808,82.0,76.0,0.5781237682301931,0.214,0.669,0.117,107423,0.941,1512000000,252.6495062237185
0.024,73.8,114619.0,Algeria,25.0,37425.0,171000162581,0.038,183,451.0,0.025,0.1,0.08,72.0,69.0,0.8,0.274,0.68,0.047,35725377,0.661,474000000,409.6729656837754
0.048,52.1,26597.0,Angola,68.0,11584.0,84178086999,0.038,177,272.0,0.115,0.0,0.125,51.0,48.0,0.4,0.479,0.497,0.024,18314441,0.385,293000000,396.7294788559919
0.039,73.2,4492.0,Benin,31.0,3278.0,6633561835,0.042,31,270.0,0.066,0.0,0.14810265957446808,60.0,57.0,0.4,0.439,0.533,0.029,8973293,0.411,236000000,340.0514273268722
0.025,17.1,4980.0,Botswana,77.0,2151.0,11113042238,0.053,307,140.0,0.043,0.1,0.165,46.0,46.0,0.8,0.348,0.618,0.034,1933719,0.558,59000000,317.0000287821119
0.044,44.5,1698.0,Burkina Faso,16.0,77236.84089635854,8350710389,0.086,39,270.0,0.076,0.0,0.14810265957446808,55.0,54.0,0.2,0.462,0.512,0.025,14659646,0.24,82000000,342.84192022529453
0.045,279.7,249.0,Burundi,13.0,77236.84089635854,1611634286,0.079,15,140.0,0.066,0.0,0.165,53.0,50.0,0.1,0.442,0.532,0.026,8624280,0.101,1600000,354.6739943031286
0.039,50.4,5545.0,Cameroon,38.0,6395.0,23735537026,0.05,60,654.0,0.071,0.0,0.14810265957446808,54.0,52.0,0.3,0.438,0.53,0.033,19595026,0.503,167000000,405.9737460352159
0.036,203.8,235.0,Central African Republic,22.0,77236.84089635854,1985370255,0.043,20,504.0,0.107,0.0,0.14810265957446808,48.0,45.0,0.1,0.412,0.549,0.039,4185106,0.385,11800000,318.2963664142419
0.048,71.3,510.0,Chad,64.0,77236.84089635854,10351933632,0.036,27,732.0,0.097,0.0,0.14810265957446808,50.0,48.0,0.1,0.491,0.484,0.026,11030628,0.219,26000000,252.6495062237185
0.038,217.9,125.0,Comoros,22.0,77236.84089635854,530131963,0.052,42,100.0,0.066,0.0,0.105,61.0,58.0,0.1,0.42,0.55,0.03,649291,0.279,37000000,273.0280623617032
0.045,288.1,2820.0,"Congo, Dem. Rep.",133.0,22246.0,19206060075,0.073,15,308.0,0.097,0.0,0.432,50.0,47.0,0.2,0.458,0.514,0.028,58819038,0.389,700000,348.18431647513376
0.039,65.9,1474.0,"Congo, Rep.",161.0,1260.0,11859015181,0.021,64,606.0,0.049,0.0,0.14810265957446808,57.0,55.0,0.5,0.422,0.544,0.034,3876475,0.623,26000000,252.6495062237185
0.036,44.6,6872.0,Cote d'Ivoire,40.0,10278.0,23414253328,0.065,83,270.0,0.082,0.0,0.14810265957446808,50.0,48.0,0.6,0.421,0.549,0.03,18260044,0.49,129000000,409.34365042213506
0.029,37.8,524.0,Djibouti,37.0,77236.84089635854,999105339,0.08,92,66.0,0.066,0.0,0.116,61.0,58.0,0.1,0.351,0.614,0.035,810100,0.769,7800000,274.11274672673517
0.024,44.0,196797.0,"Egypt, Arab Rep.",8.0,72050.0,162818181818,0.048,101,711.0,0.021,0.2,0.123,72.0,68.0,0.5,0.318,0.628,0.054,75491922,0.431,12104000000,481.5433386640879
0.037,44.1,4503.0,Equatorial Guinea,135.0,77236.84089635854,15419096232,0.034,792,492.0,0.08,0.0,0.14810265957446808,52.0,49.0,0.3,0.397,0.572,0.03,658025,0.39,26000000,252.6495062237185
0.039,84.5,414.0,Eritrea,84.0,677.0,1380188800,0.034,9,216.0,0.042,0.0,0.14810265957446808,63.0,58.0,0.0,0.43,0.549,0.02,5382163,0.199,46000000,252.6495062237185
0.036,30.3,6370.0,Ethiopia,18.0,31482.0,26571320718,0.043,14,198.0,0.057,0.0,0.08,61.0,59.0,0.0,0.453,0.515,0.032,82621190,0.165,1184000000,355.90205588175087
0.033,44.7,1566.0,Gabon,57.0,1880.0,15685389827,0.027,283,488.0,0.046,0.1,0.14810265957446808,62.0,60.0,0.9,0.389,0.556,0.055,1482843,0.849,26000000,252.6495062237185
0.044,292.1,411.0,"Gambia, The",27.0,77236.84089635854,965771303,0.041,25,376.0,0.054,0.1,0.27,59.0,56.0,0.7,0.46,0.514,0.025,1577984,0.548,80000000,252.6495062237185
0.033,32.5,8529.0,Ghana,13.0,8958.0,28528016511,0.056,69,224.0,0.056,0.0,0.14810265957446808,61.0,59.0,0.5,0.394,0.571,0.035,23110139,0.494,970000000,423.7012112347578
0.039,80.7,1214.0,Guinea,40.0,77236.84089635854,4515824643,0.06,26,416.0,0.077,0.0,0.14810265957446808,55.0,54.0,0.3,0.432,0.536,0.032,10314678,0.34,2400000,296.4150334261763
0.039,45.9,227.0,Guinea-Bissau,259.0,77236.84089635854,842890956,0.06,34,208.0,0.089,0.0,0.14810265957446808,55.0,52.0,0.3,0.423,0.548,0.029,1516920,0.435,38200000,311.3927341133916
0.038,49.3,10242.0,Kenya,30.0,17806.0,30465489796,0.042,33,417.0,0.056,0.1,0.14,59.0,56.0,0.4,0.426,0.547,0.026,38773277,0.228,1398000000,376.3214675619146
0.028,19.6,18.0,Lesotho,40.0,77236.84089635854,1630667593,0.089,73,324.0,0.082,0.0,0.162,46.0,46.0,0.3,0.385,0.571,0.044,1972199,0.238,30000000,373.6078947785914
0.038,42.9,576.0,Liberia,31.0,77236.84089635854,850040459,0.118,27,158.0,0.067,0.0,0.144,59.0,57.0,0.2,0.434,0.535,0.031,3672714,0.471,158000000,319.5497165999623
0.022,44.1,60392.0,Libya,39.99941792782305,17738.0,93167701863,0.022,318,302.06850282485874,0.016,0.1,0.06,76.0,73.0,1.3,0.297,0.658,0.044,5876805,0.773,99000000,441.6381646877124
0.036,42.6,1944.0,Madagascar,7.0,77236.84089635854,9413002737,0.043,20,238.0,0.047,0.0,0.45,64.0,61.0,0.2,0.44,0.531,0.029,19926785,0.307,620000000,352.62662383774034
0.042,32.2,1155.0,Malawi,39.0,77236.84089635854,4276769712,0.084,25,292.0,0.059,0.0,0.253,52.0,52.0,0.1,0.46,0.509,0.03,14138207,0.153,43000000,333.78770643820366
0.048,51.4,594.0,Mali,25.0,77236.84089635854,8737687353,0.067,45,270.0,0.088,0.0,0.14810265957446808,53.0,53.0,0.3,0.465,0.505,0.03,13138299,0.344,286000000,370.3644898239981
0.036,85.8,2021.0,Mauritania,19.0,77236.84089635854,3790240831,0.043,46,696.0,0.072,0.0,0.203,62.0,59.0,0.6,0.409,0.559,0.031,3422901,0.553,26000000,252.6495062237185
0.013,25.8,3953.0,Mauritius,6.0,77236.84089635854,9641077098,0.046,362,161.0,0.014,0.2,0.115,76.0,69.0,0.8,0.224,0.704,0.072,1268565,0.41,1823000000,400.3149839642736
0.021,52.9,49934.0,Morocco,12.0,14933.0,88882967742,0.054,156,358.0,0.031,0.3,0.14810265957446808,71.0,68.0,0.7,0.289,0.66,0.05,30955151,0.567,8885000000,456.69267459526816
0.042,37.5,2340.0,Mozambique,26.0,9264.0,9891003405,0.055,24,230.0,0.078,0.0,0.183,50.0,47.0,0.2,0.452,0.516,0.032,22762525,0.305,213000000,371.52932875305333
0.028,22.8,3579.0,Namibia,66.0,1455.0,8493167843,0.069,287,339.0,0.041,0.1,0.137,63.0,57.0,0.5,0.387,0.579,0.034,2110791,0.396,484000000,344.16590738208174
0.05,42.3,917.0,Niger,19.0,77236.84089635854,5403364454,0.071,26,270.0,0.072,0.0,0.14810265957446808,56.0,56.0,0.1,0.496,0.479,0.026,14737895,0.172,86000000,338.5775923522013
0.042,32.2,92621.0,Nigeria,25.0,111225.0,208064724514,0.065,88,938.0,0.088,0.2,0.155,51.0,50.0,0.4,0.438,0.535,0.027,151208080,0.417,959000000,534.6259108937551
0.038,33.4,543.0,Rwanda,14.0,77236.84089635854,4674053754,0.101,47,160.0,0.05,0.0,0.165,61.0,59.0,0.1,0.447,0.53,0.023,10222961,0.22,224000000,353.40680699258405
0.037,47.2,84.0,Sao Tome and Principe,144.0,77236.84089635854,183464986,0.063,75,424.0,0.043,0.2,0.324,67.0,64.0,0.3,0.416,0.546,0.038,168253,0.604,7700000,159.05096858823447
0.039,45.5,5442.0,Senegal,9.0,3036.0,13386346543,0.049,54,666.0,0.051,0.1,0.14810265957446808,64.0,61.0,0.4,0.438,0.531,0.031,12238791,0.417,637000000,377.7546530100301
0.018,46.6,708.0,Seychelles,39.0,77236.84089635854,967211975,0.027,289,76.0,0.012,0.4,0.118,79.0,68.0,1.0,0.229,0.696,0.075,86956,0.518,46000000,248.42238720692856
0.04,235.2,664.0,Sierra Leone,17.0,77236.84089635854,2505620416,0.142,64,399.0,0.12,0.0,0.245,44.0,44.0,0.2,0.424,0.551,0.025,5532139,0.376,34000000,288.78123203584363
0.046,44.1,609.0,Somalia,39.99941792782305,77236.84089635854,1001970945,0.06416951983298538,15,302.06850282485874,0.102,0.0,0.14810265957446808,55.0,52.0,0.1,0.478,0.493,0.029,9140259,0.364,26000000,252.6495062237185
0.022,33.7,465023.0,South Africa,22.0,146768.0,273141750193,0.08,437,200.0,0.046,0.1,0.151,54.0,51.0,0.9,0.3,0.65,0.049,49561256,0.612,9178000000,513.2722069430463
0.038,44.1,142307.10776470587,South Sudan,39.99941792782305,77236.84089635854,16382632812,0.02,34,302.06850282485874,0.076,0.23974713551955748,0.14810265957446808,53.0,51.0,0.5781237682301931,0.434,0.533,0.033,9118386,0.176,26000000,252.6495062237185
0.036,36.1,12589.0,Sudan,39.0,15539.0,54082389393,0.075,118,180.0,0.058,0.23974713551955748,0.14810265957446808,63.0,59.0,0.3,0.426,0.543,0.031,34040065,0.329,331000000,436.62346897270083
0.031,36.3,1093.0,Swaziland,60.0,77236.84089635854,3019770680,0.082,214,104.0,0.074,0.1,0.148,47.0,48.0,0.5,0.399,0.568,0.033,1153929,0.217,26000000,320.1611674037678
0.041,44.4,6538.0,Tanzania,26.0,18921.0,20715086119,0.054,26,172.0,0.047,0.0,0.15,58.0,56.0,0.3,0.448,0.522,0.031,42353790,0.268,1293000000,417.3945495332893
0.038,52.6,1456.0,Togo,62.0,2563.0,3163416556,0.065,34,270.0,0.064,0.0,0.14810265957446808,56.0,54.0,0.3,0.423,0.549,0.028,5987491,0.366,44000000,325.2618842822488
0.018,58.6,25013.0,Tunisia,11.0,9427.0,44856586316,0.056,246,228.0,0.017,0.3,0.14810265957446808,76.0,72.0,0.8,0.241,0.69,0.069,10328900,0.656,3909000000,405.3972314541301
0.046,34.0,3161.0,Uganda,25.0,77236.84089635854,14239026768,0.088,39,222.0,0.057,0.1,0.205,56.0,55.0,0.3,0.491,0.484,0.025,31778799,0.139,536000000,382.90988012073325
0.043,15.0,1845.0,Zambia,18.0,7641.0,14640792100,0.066,78,183.0,0.067,0.1,0.191,52.0,51.0,0.3,0.47,0.504,0.027,12456527,0.379,148000000,341.81869383511406
0.032,68.4,8148.0,Zimbabwe,97.0,8678.0,4415702801,0.06416951983298538,15,256.0,0.058,0.1,0.14810265957446808,49.0,49.0,0.1,0.416,0.545,0.039,12784041,0.336,294000000,252.6495062237185
0.041,36.3,3927.0,Afghanistan,9.0,77236.84089635854,10190534636,0.097,35,275.0,0.079,0.0,0.149,60.0,57.0,0.3,0.492,0.487,0.021,27032197,0.239,43000000,319.5497165999623
0.014,38.6,5556.0,Armenia,17.0,3004.0,11662040714,0.038,149,581.0,0.018,0.1,0.17,77.0,71.0,0.5,0.208,0.681,0.111,2977488,0.64,377000000,390.59773269727566
0.017,40.9,45702.0,Azerbaijan,10.0,13322.0,48852482960,0.044,241,376.0,0.037,0.2,0.198,73.0,67.0,0.7,0.237,0.701,0.062,8763400,0.53,382000000,397.5239783690377
0.022,36.1,46435.0,Bangladesh,73.0,27873.0,79554350678,0.035,19,302.0,0.043,0.0,0.164,69.0,68.0,0.3,0.327,0.628,0.045,147969967,0.29,75000000,416.78778376529806
0.021,40.8,422.0,Bhutan,46.0,77236.84089635854,1258193519,0.052,95,274.0,0.038,0.1,0.138,66.0,66.0,0.4,0.312,0.645,0.043,692159,0.332,46000000,324.18597802560026
0.018,37.4,10583.0,Brunei Darussalam,116.0,3542.0,14393099069,0.022,821,144.0,0.008,0.5,0.055,80.0,76.0,1.0,0.275,0.691,0.034,388017,0.747,242000000,397.78550431633926
0.026,21.5,3975.0,Cambodia,102.0,3514.0,10351829066,0.055,41,137.0,0.042,0.0,0.14810265957446808,72.0,67.0,0.3,0.332,0.62,0.048,13940518,0.195,1280000000,361.32183344468825
0.012,79.9,7035444.0,China,41.0,2120814.0,4521827271026,0.046,155,464.0,0.016,0.2,0.053,76.0,73.0,0.5,0.187,0.732,0.081,1324655000,0.465,44130000000,597.1435478424199
0.014,38.6,6238.0,Georgia,3.0,3005.0,12799337250,0.09,261,387.0,0.017,0.1,0.18,77.0,70.0,0.6,0.174,0.682,0.145,4383800,0.526,505000000,385.5565317549544
0.011,24.1,38573.0,"Hong Kong SAR, China",11.0,14139.0,219279678430,0.06416951983298538,15,80.0,0.032813011456628474,0.7,0.05,86.0,79.0,1.7,0.128,0.747,0.125,6957800,1.0,20236000000,552.3334047315443
0.022,70.3,1811289.0,India,30.0,632956.0,1224097069460,0.039,43,271.0,0.05,0.0,0.133,67.0,63.0,0.3,0.31,0.641,0.049,1174662334,0.302,12462000000,538.9392588832114
0.021,37.5,412387.0,Indonesia,77.0,186605.0,510244548960,0.028,61,266.0,0.03,0.1,0.136,72.0,68.0,0.6,0.3,0.65,0.049,234243489,0.483,8150000000,524.324411923545
0.009,55.0,1206916.0,Japan,22.0,495352.0,4849184924937,0.086,3259,355.0,0.003,0.8,0.019,86.0,79.0,0.9,0.135,0.649,0.216,127704040,0.889,13781000000,594.6873312735554
0.023,41.5,230438.0,Kazakhstan,21.0,69983.0,133441612247,0.039,332,271.0,0.023,0.1,0.14810265957446808,72.0,62.0,1.0,0.245,0.684,0.071,15674000,0.541,1255000000,442.3233849172943
0.015,44.1,78081.0,"Korea, Dem. Rep.",39.99941792782305,20164.0,1001970945,0.06416951983298538,15,302.06850282485874,0.026,0.23974713551955748,0.14810265957446808,72.0,65.0,0.5781237682301931,0.235,0.682,0.083,24243894,0.6,26000000,252.6495062237185
0.009,32.5,508052.0,"Korea, Rep.",17.0,226946.0,1002216051903,0.066,1253,250.0,0.004,0.8,0.072,83.0,77.0,1.0,0.174,0.722,0.104,48948698,0.817,13479000000,565.92937491353
0.024,61.4,5680.0,Kyrgyz Republic,15.0,2846.0,5139957785,0.061,60,202.0,0.03,0.2,0.199,73.0,65.0,0.7,0.302,0.649,0.049,5318700,0.353,569000000,397.0844482145044
0.029,33.4,1742.0,Lao PDR,93.0,77236.84089635854,5443930125,0.041,36,560.0,0.063,0.0,0.24,67.0,65.0,0.3,0.381,0.581,0.037,6139127,0.308,280000000,314.9679425612993
0.009,44.1,1192.0,"Macao SAR, China",39.99941792782305,77236.84089635854,20731022857,0.06416951983298538,15,302.06850282485874,0.032813011456628474,0.5,0.054,82.0,77.0,1.8,0.141,0.788,0.071,507528,1.0,17297000000,425.1895582791946
0.018,34.5,213221.0,Malaysia,20.0,73006.0,230987618904,0.034,288,145.0,0.007,0.6,0.061,77.0,72.0,1.0,0.287,0.667,0.046,27302348,0.692,18553000000,518.3635278714186
0.022,9.3,1008.0,Maldives,9.0,77236.84089635854,1891633531,0.079,475,302.06850282485874,0.014,0.2,0.13,77.0,75.0,1.4,0.313,0.637,0.049,313843,0.376,1559000000,367.38802273528853
0.022,33.8,10029.0,Mongolia,13.0,3156.0,5623236708,0.064,136,204.0,0.032,0.1,0.206,70.0,62.0,0.7,0.273,0.689,0.038,2632834,0.656,272000000,373.7634760855715
0.018,44.1,9028.0,Myanmar,39.99941792782305,15033.0,1001970945,0.02,10,302.06850282485874,0.046,0.0,0.17,66.0,62.0,0.0,0.268,0.681,0.05,51174018,0.304,80000000,314.26544695030617
0.025,34.1,3047.0,Nepal,31.0,9634.0,12545438605,0.061,27,408.0,0.04,0.0,0.08,67.0,65.0,0.2,0.383,0.57,0.047,26249412,0.162,353000000,404.6653790205565
0.027,28.8,156676.0,Pakistan,24.0,82046.0,170077814106,0.033,29,560.0,0.076,0.1,0.129,67.0,65.0,0.5,0.365,0.593,0.043,167008083,0.358,986000000,462.02479276513276
0.026,47.1,75944.0,Philippines,41.0,40009.0,173602533346,0.038,74,195.0,0.026,0.1,0.088,71.0,65.0,0.8,0.36,0.604,0.036,90371287,0.458,3024000000,469.1787754290806
0.01,27.9,19637.0,Singapore,4.0,25162.0,192231202951,0.04,1577,84.0,0.002,0.7,0.054,83.0,78.0,1.3,0.181,0.733,0.086,4839400,1.0,10714000000,553.0437355420953
0.019,61.7,11892.0,Sri Lanka,40.0,8942.0,40715240469,0.034,68,256.0,0.01,0.1,0.189,77.0,71.0,0.5,0.252,0.674,0.074,20217000,0.183,803000000,419.05983114402784
0.031,83.4,3033.0,Tajikistan,62.0,2473.0,5161336170,0.056,40,224.0,0.048,0.1,0.237,70.0,63.0,0.5,0.365,0.6,0.035,7275252,0.265,23700000,262.2798642592376
0.012,37.5,261838.0,Thailand,33.0,107656.0,272577799257,0.039,162,264.0,0.013,0.2,0.07,77.0,70.0,0.9,0.205,0.711,0.084,66185340,0.414,22497000000,511.9075198374398
0.037,32.6,191.0,Timor-Leste,157.0,77236.84089635854,693800000,0.086,55,640.0,0.056,0.0,0.131,66.0,63.0,0.1,0.477,0.494,0.03,1032182,0.282,14000000,314.9679425612993
0.022,44.1,55093.0,Turkmenistan,39.99941792782305,22669.0,19271523179,0.019,81,302.06850282485874,0.054,0.0,0.14810265957446808,69.0,61.0,0.2,0.304,0.653,0.043,4917543,0.478,26000000,252.6495062237185
0.024,89.8,120039.0,Uzbekistan,15.0,50512.0,27934030937,0.052,53,205.0,0.043,0.1,0.14810265957446808,71.0,64.0,0.5,0.31,0.645,0.046,27302800,0.363,64000000,252.6495062237185
0.017,39.9,127164.0,Vietnam,39.0,48984.0,99130304099,0.06,63,1050.0,0.022,0.2,0.158,80.0,70.0,0.9,0.247,0.688,0.066,85122300,0.291,3930000000,440.39667078565486
0.013,46.2,4129.0,Albania,9.0,2061.0,12881352688,0.061,251,368.0,0.016,0.2,0.13,80.0,74.0,0.6,0.243,0.662,0.095,2912559,0.5,1848000000,450.305296973478
0.01,44.1,539.0,Andorra,39.99941792782305,77236.84089635854,3712034267,0.062,3105,302.06850282485874,0.003,0.7,0.14810265957446808,71.15926791277259,66.46183800623054,0.8,0.3030511272141707,0.6234814814814815,0.07346457326892109,79969,0.889,26000000,252.6495062237185
0.009,52.4,68269.0,Austria,25.0,33545.0,414171244877,0.105,5211,170.0,0.004,0.7,0.14810265957446808,83.0,78.0,1.3,0.152,0.677,0.171,8336926,0.658,24346000000,545.7747758266333
0.011,117.5,62816.0,Belarus,31.0,28098.0,60763483146,0.059,378,987.0,0.006,0.2,0.086,77.0,65.0,0.9,0.148,0.708,0.143,9528000,0.737,585000000,423.22540886412855
0.012,55.2,103882.0,Belgium,4.0,58600.0,507379274927,0.099,4715,156.0,0.004,0.7,0.092,83.0,77.0,1.1,0.168,0.661,0.171,10709973,0.975,13106000000,565.9049764932531
0.008,42.8,30997.0,Bosnia and Herzegovina,69.0,5954.0,18543289395,0.088,425,428.0,0.007,0.3,0.07,78.0,73.0,0.8,0.181,0.674,0.144,3861201,0.392,913000000,386.4784426238662
0.01,33.9,50792.0,Bulgaria,49.0,19815.0,51824892678,0.07,474,616.0,0.012,0.4,0.109,77.0,70.0,1.4,0.133,0.688,0.179,7492561,0.716,4852000000,470.00272419329514
0.01,21.4,23366.0,Croatia,22.0,9084.0,69595512099,0.078,1224,196.0,0.005,0.4,0.101,80.0,72.0,1.0,0.156,0.671,0.173,4434508,0.57,11681000000,435.48309044770326
0.012,20.6,8555.0,Cyprus,8.0,2574.0,25321517504,0.069,2182,149.0,0.003,0.4,0.14810265957446808,81.0,77.0,0.9,0.186,0.703,0.112,1077089,0.678,3231000000,456.35575153269826
0.012,47.7,117014.0,Czech Republic,20.0,44870.0,225426789027,0.068,1481,808.0,0.004,0.6,0.063,80.0,74.0,1.3,0.142,0.711,0.147,10384603,0.734,8871000000,496.9001190092449
0.012,29.2,46960.0,Denmark,6.0,19200.0,343881327748,0.102,6395,135.0,0.004,0.9,0.14810265957446808,81.0,76.0,1.2,0.183,0.657,0.159,5493621,0.865,6281000000,528.7785569029624
0.012,47.9,17492.0,Estonia,7.0,5440.0,23781549758,0.06,1060,81.0,0.004,0.7,0.085,79.0,69.0,1.2,0.151,0.676,0.173,1337090,0.684,1643000000,426.8490720062744
0.022714893617021278,44.1,719.0,Faeroe Islands,39.99941792782305,77236.84089635854,2412859693,0.06416951983298538,15,302.06850282485874,0.032813011456628474,0.8,0.14810265957446808,83.0,78.0,1.1,0.3030511272141707,0.6234814814814815,0.07346457326892109,49601,0.405,26000000,252.6495062237185
0.011,47.8,56593.0,Finland,14.0,35284.0,271974334105,0.083,4262,269.0,0.003,0.8,0.14810265957446808,83.0,76.0,1.3,0.168,0.668,0.165,5313399,0.833,4873000000,503.65572450056976
0.013,64.5,372564.0,France,7.0,264803.0,2831795243285,0.11,4877,132.0,0.004,0.7,0.14810265957446808,85.0,78.0,0.9,0.184,0.651,0.165,64371099,0.779,67779000000,606.9181458227143
0.008,49.4,783359.0,Germany,18.0,334634.0,3623687767058,0.107,4718,196.0,0.004,0.8,0.14810265957446808,82.0,77.0,1.3,0.137,0.66,0.202,82110097,0.739,53398000000,644.5034647395837
0.011,46.7,97810.0,Greece,19.0,30419.0,341594120811,0.101,3085,224.0,0.004,0.4,0.14810265957446808,83.0,78.0,1.2,0.144,0.668,0.188,11186439,0.756,17586000000,488.23181267522136
0.01,56.6,54657.0,Hungary,5.0,26458.0,154233541852,0.075,1146,330.0,0.006,0.6,0.102,78.0,70.0,1.2,0.149,0.688,0.163,10038188,0.679,7113000000,486.9486768716758
0.015,25.8,2120.0,Iceland,5.0,5354.0,16832076487,0.093,4959,140.0,0.002,0.9,0.201,83.0,80.0,1.1,0.213,0.668,0.119,317414,0.934,881000000,433.52651612200316
0.017,25.4,43021.0,Ireland,13.0,14903.0,264034203719,0.091,5393,76.0,0.004,0.7,0.14810265957446808,82.0,78.0,1.2,0.21,0.679,0.111,4489544,0.613,9967000000,532.610169440977
0.022714893617021278,44.1,142307.10776470587,Isle of Man,39.99941792782305,77236.84089635854,1001970945,0.06416951983298538,15,302.06850282485874,0.032813011456628474,0.23974713551955748,0.14810265957446808,71.15926791277259,66.46183800623054,0.5781237682301931,0.3030511272141707,0.6234814814814815,0.07346457326892109,82561,0.52,26000000,252.6495062237185
0.01,72.5,447187.0,Italy,10.0,176004.0,2307312469009,0.089,3441,314.0,0.004,0.4,0.068,85.0,79.0,1.5,0.14,0.66,0.2,58826731,0.681,48757000000,593.2030504208559
0.019,44.1,142307.10776470587,Kosovo,39.99941792782305,2216.0,5771473142,0.06416951983298538,15,302.06850282485874,0.032813011456628474,0.23974713551955748,0.138,72.0,67.0,0.5781237682301931,0.3030511272141707,0.6234814814814815,0.07346457326892109,1747383,0.5629525765496639,26000000,252.6495062237185
0.011,36.8,7591.0,Latvia,16.0,4586.0,33669367720,0.066,979,279.0,0.009,0.6,0.119,78.0,67.0,1.1,0.141,0.679,0.18,2177322,0.678,1134000000,438.75206629412685
0.01,44.1,142307.10776470587,Liechtenstein,39.99941792782305,77236.84089635854,4929414915,0.06416951983298538,15,302.06850282485874,0.032813011456628474,0.7,0.14810265957446808,86.0,80.0,1.0,0.3030511272141707,0.6234814814814815,0.07346457326892109,35582,0.146,26000000,252.6495062237185
0.011,45.6,15115.0,Lithuania,26.0,9520.0,47438363056,0.066,934,166.0,0.007,0.6,0.084,78.0,66.0,1.6,0.156,0.69,0.154,3198231,0.668,1316000000,448.27174133165516
0.012,20.0,10792.0,Luxembourg,26.0,4204.0,54742763112,0.073,8305,59.0,0.002,0.8,0.14810265957446808,83.0,78.0,1.5,0.18,0.679,0.141,488650,0.878,4486000000,486.5787469616169
0.011,17.4,11848.0,"Macedonia, FYR",9.0,3012.0,9834034351,0.069,325,150.0,0.01,0.5,0.097,77.0,72.0,0.9,0.182,0.703,0.115,2098769,0.571,262000000,363.380226725364
0.01,44.1,2560.0,Malta,39.99941792782305,837.0,8554293727,0.082,1596,302.06850282485874,0.006,0.5,0.059,82.0,77.0,0.9,0.162,0.699,0.139,409379,0.943,1336000000,388.26292691034877
0.012,42.0,4774.0,Moldova,15.0,3363.0,6054806101,0.114,193,234.0,0.016,0.2,0.211,72.0,64.0,0.7,0.172,0.715,0.112,3570108,0.45,293000000,388.04401956198734
0.022714893617021278,44.1,142307.10776470587,Monaco,39.99941792782305,77236.84089635854,6919241412,0.036,6623,302.06850282485874,0.003,0.7,0.14810265957446808,71.15926791277259,66.46183800623054,0.6,0.3030511272141707,0.6234814814814815,0.07346457326892109,35686,1.0,26000000,252.6495062237185
0.012,31.0,2750.0,Montenegro,21.0,1177.0,4538345345,0.063,466,372.0,0.007,0.3,0.092,76.0,72.0,1.9,0.198,0.676,0.126,618649,0.627,859000000,331.1503603323873
0.011,38.2,173845.0,Netherlands,8.0,79550.0,870811515664,0.11,5834,180.0,0.004,0.9,0.046,82.0,78.0,1.3,0.179,0.674,0.147,16445593,0.854,20523000000,567.5888652407219
0.013,40.7,50326.0,Norway,7.0,29805.0,453885460993,0.09,8626,87.0,0.003,0.9,0.073,83.0,78.0,1.1,0.191,0.661,0.148,4768212,0.785,5702000000,549.3938429108466
0.011,45.1,316125.0,Poland,31.0,97892.0,529432301179,0.069,956,418.0,0.006,0.5,0.14810265957446808,80.0,71.0,1.2,0.154,0.713,0.133,38125759,0.611,12837000000,533.2626793049035
0.01,42.5,58357.0,Portugal,5.0,24430.0,251925400441,0.102,2425,328.0,0.003,0.4,0.14810265957446808,82.0,76.0,1.3,0.153,0.67,0.176,10558177,0.594,14047000000,501.2117958169346
0.011,45.4,94645.0,Romania,9.0,39617.0,204338605784,0.054,516,202.0,0.014,0.3,0.15,76.0,69.0,1.1,0.15,0.702,0.149,20537875,0.536,2625000000,466.66703677326035
0.012,48.3,1715639.0,Russian Federation,29.0,688483.0,1660844408500,0.051,594,448.0,0.012,0.3,0.122,74.0,62.0,1.4,0.147,0.718,0.135,141956409,0.736,15821000000,575.8400619139938
0.011,44.1,142307.10776470587,San Marino,39.99941792782305,77236.84089635854,1899809580,0.05,4069,302.06850282485874,0.003,0.5,0.079,86.0,80.0,0.8,0.3030511272141707,0.6234814814814815,0.07346457326892109,30549,0.941,26000000,252.6495062237185
0.009,34.0,51881.0,Serbia,23.0,16808.0,47760580366,0.104,673,279.0,0.007,0.4,0.161,76.0,71.0,1.2,0.173,0.689,0.138,7350221,0.551,1133000000,445.5124889645622
0.011,46.5,37557.0,Slovak Republic,18.0,18321.0,97908891167,0.08,1400,325.0,0.007,0.7,0.058,79.0,71.0,1.0,0.156,0.724,0.12,5379233,0.551,3004000000,469.90263153513524
0.011,35.8,17180.0,Slovenia,19.0,7740.0,54554616826,0.083,2265,260.0,0.003,0.6,0.067,82.0,75.0,1.0,0.139,0.698,0.162,2021316,0.502,2954000000,449.41880095229277
0.011,60.3,329286.0,Spain,47.0,139013.0,1593420676188,0.089,3146,234.0,0.004,0.6,0.14810265957446808,84.0,78.0,1.1,0.147,0.684,0.169,45954106,0.78,70434000000,577.1958525406376
0.012,53.7,49105.0,Sweden,16.0,49601.0,486158669286,0.092,4886,122.0,0.003,0.9,0.14810265957446808,83.0,79.0,1.1,0.167,0.656,0.177,9219637,0.847,12060000000,550.4035364084739
0.01,27.8,40392.0,Switzerland,18.0,26773.0,524289203562,0.103,7104,63.0,0.004,0.8,0.033,84.0,80.0,1.2,0.155,0.681,0.164,7647675,0.736,17570000000,543.5650966443264
0.018,44.3,285274.0,Turkey,6.0,98502.0,730337495748,0.061,628,223.0,0.022,0.3,0.14810265957446808,77.0,70.0,0.9,0.274,0.657,0.069,70363511,0.696,26446000000,494.1436118135225
0.011,57.2,323459.0,Ukraine,27.0,134562.0,179992405832,0.066,257,848.0,0.011,0.1,0.175,74.0,63.0,1.2,0.139,0.7,0.16,46258200,0.683,6722000000,494.88700501343254
0.013,34.2,522467.0,United Kingdom,13.0,208209.0,2687795428485,0.09,3875,105.0,0.005,0.8,0.046,82.0,78.0,1.2,0.176,0.661,0.162,61806995,0.808,46285000000,632.4781337219762
0.017,13.5,24301.0,Bahrain,9.0,9771.0,25711147929,0.041,727,36.0,0.008,0.5,0.082,77.0,75.0,1.3,0.217,0.763,0.021,1116038,0.885,1927000000,415.03015565834687
0.019,44.2,570574.0,"Iran, Islamic Rep.",28.0,204312.0,355988367222,0.064,313,344.0,0.018,0.1,0.12,74.0,71.0,0.6,0.239,0.71,0.051,72660887,0.695,1978000000,521.478344617144
0.033,27.8,94444.0,Iraq,32.0,28806.0,131611819294,0.039,142,312.0,0.031,0.0,0.195,72.0,65.0,0.6,0.416,0.549,0.034,29429829,0.689,867000000,420.9161722102295
0.022,33.0,70938.0,Israel,20.0,22868.0,213126364493,0.076,2076,230.0,0.004,0.6,0.066,83.0,79.0,1.3,0.274,0.624,0.103,7308800,0.917,5509000000,495.9234093451137
0.03,31.1,20763.0,Jordan,13.0,7069.0,21971835256,0.088,326,136.0,0.019,0.2,0.09,75.0,72.0,0.9,0.362,0.605,0.033,5786000,0.82,3539000000,434.9015824188881
0.021,10.7,79959.0,Kuwait,35.0,28843.0,147402413798,0.019,1049,98.0,0.01,0.4,0.076,75.0,73.0,0.6,0.254,0.721,0.025,2702221,0.982,610000000,521.8688478440405
0.013,36.0,16656.0,Lebanon,11.0,5426.0,28829850746,0.075,529,180.0,0.01,0.2,0.1,81.0,76.0,0.3,0.257,0.662,0.081,4186088,0.869,6317000000,492.0048767052292
0.022,21.6,41067.0,Oman,14.0,18679.0,60743823637,0.021,473,62.0,0.01,0.2,0.071,78.0,73.0,1.2,0.311,0.665,0.024,2593523,0.741,1105000000,436.9389317628372
0.013,11.3,67997.0,Qatar,7.0,23642.0,115270051623,0.019,1590,36.0,0.008,0.4,0.068,79.0,77.0,1.1,0.161,0.827,0.012,1359114,0.983,26000000,252.6495062237185
0.022,14.5,418240.0,Saudi Arabia,20.0,154076.0,519796800000,0.031,566,79.0,0.016,0.4,0.14810265957446808,76.0,73.0,1.4,0.32,0.65,0.03,26366358,0.816,6775000000,552.0698641820528
0.026,39.8,67700.0,Syrian Arab Republic,16.0,23052.0,1001970945,0.034,90,336.0,0.014,0.1,0.102,77.0,73.0,0.3,0.367,0.598,0.036,20346056,0.549,3176000000,425.64437298107737
0.016,14.4,158935.0,United Arab Emirates,18.0,58347.0,315474644818,0.027,1353,12.0,0.008,0.6,0.14810265957446808,77.0,75.0,1.4,0.149,0.847,0.004,6798635,0.834,7162000000,543.3620305152708
0.033,47.8,22207.0,"Yemen, Rep.",13.0,7208.0,30397203369,0.051,69,248.0,0.05,0.1,0.18,63.0,61.0,0.3,0.434,0.539,0.027,21703571,0.306,886000000,373.2949393743682
0.022714893617021278,44.1,142307.10776470587,American Samoa,39.99941792782305,77236.84089635854,1001970945,0.06416951983298538,15,302.06850282485874,0.032813011456628474,0.23974713551955748,0.14810265957446808,71.15926791277259,66.46183800623054,0.5781237682301931,0.3030511272141707,0.6234814814814815,0.07346457326892109,57053,0.878,26000000,252.6495062237185
0.014,49.9,387635.0,Australia,3.0,122519.0,1055506156997,0.088,4237,107.0,0.004,0.7,0.089,84.0,79.0,1.0,0.192,0.677,0.132,21249200,0.884,28306000000,572.6268874226423
0.022,41.5,1078.0,Fiji,46.0,77236.84089635854,3629936625,0.036,154,140.0,0.02,0.1,0.08,72.0,66.0,0.7,0.294,0.661,0.045,843851,0.511,938000000,343.50950585483963
0.017,44.1,869.0,French Polynesia,39.99941792782305,77236.84089635854,1001970945,0.06416951983298538,15,302.06850282485874,0.032813011456628474,0.3,0.14810265957446808,78.0,73.0,0.7,0.251,0.688,0.061,262877,0.567,522000000,356.62112107221424
0.018,44.1,142307.10776470587,Guam,39.99941792782305,77236.84089635854,1001970945,0.06416951983298538,15,302.06850282485874,0.032813011456628474,0.5,0.14810265957446808,80.0,75.0,0.5781237682301931,0.284,0.647,0.069,158310,0.939,26000000,252.6495062237185
0.024,31.8,55.0,Kiribati,31.0,77236.84089635854,135044456,0.132,183,120.0,0.049,0.1,0.14810265957446808,70.0,64.0,0.0,0.35,0.613,0.037,94832,0.436,2900000,267.5551335960334
0.022714893617021278,64.8,99.0,Marshall Islands,17.0,77236.84089635854,152565763,0.179,569,128.0,0.032,0.0,0.14810265957446808,71.15926791277259,66.46183800623054,0.5781237682301931,0.3030511272141707,0.6234814814814815,0.07346457326892109,52245,0.708,3000000,252.6495062237185
0.024,58.7,99.0,"Micronesia, Fed. Sts.",16.0,77236.84089635854,261339642,0.129,323,128.0,0.034,0.1,0.144,69.0,68.0,0.3,0.378,0.583,0.039,104498,0.223,27000000,248.42238720692856
0.016,44.1,3282.0,New Caledonia,39.99941792782305,77236.84089635854,1001970945,0.06416951983298538,15,302.06850282485874,0.032813011456628474,0.3,0.14810265957446808,81.0,72.0,0.8,0.248,0.667,0.086,243985,0.66,152000000,358.7036959770631
0.015,36.0,34264.0,New Zealand,1.0,17412.0,130459397445,0.093,2820,172.0,0.005,0.7,0.089,82.0,78.0,1.1,0.208,0.666,0.125,4268900,0.861,5152000000,476.2815692769073
0.031,41.5,3476.0,Papua New Guinea,51.0,77236.84089635854,8010370370,0.046,56,194.0,0.053,0.0,0.092,64.0,60.0,0.1,0.395,0.578,0.027,6550877,0.131,3800000,328.8056413041886
0.029,18.9,161.0,Samoa,35.0,77236.84089635854,573939144,0.051,153,224.0,0.016,0.1,0.127,75.0,69.0,0.5781237682301931,0.388,0.563,0.05,183444,0.205,112000000,285.21143160806133
0.034,26.1,198.0,Solomon Islands,56.0,77236.84089635854,608292552,0.056,72,80.0,0.028,0.0,0.144,68.0,65.0,0.1,0.41,0.558,0.032,503541,0.191,40600000,306.8387221489495
0.028,27.5,161.0,Tonga,25.0,77236.84089635854,346850176,0.063,207,164.0,0.012,0.1,0.125,75.0,69.0,0.5,0.377,0.563,0.059,102947,0.233,19500000,290.3063399990095
0.028,8.4,92.0,Vanuatu,47.0,77236.84089635854,607983815,0.037,99,120.0,0.017,0.1,0.053,72.0,68.0,0.2,0.388,0.574,0.037,225398,0.24,188000000,298.64148031774613
0.018,46.2,458.0,Antigua and Barbuda,21.0,77236.84089635854,1347407407,0.044,702,207.0,0.009,0.4,0.104,77.0,73.0,1.6,0.271,0.656,0.073,85349,0.274,334000000,319.5497165999623
0.017,107.6,190057.0,Argentina,31.0,77794.0,406003733833,0.083,686,453.0,0.014,0.3,0.195,79.0,72.0,1.2,0.254,0.641,0.104,39676083,0.906,5295000000,506.6403076573275
0.011,44.1,2288.0,Aruba,39.99941792782305,77236.84089635854,2791960894,0.06416951983298538,15,302.06850282485874,0.032813011456628474,0.5,0.112,77.0,72.0,1.2,0.212,0.693,0.096,101344,0.438,1353000000,377.3299395624667
0.016,44.9,1045.0,"Bahamas, The",31.0,77236.84089635854,8246650000,0.073,1729,58.0,0.012,0.3,0.055,77.0,71.0,1.0,0.236,0.698,0.066,348340,0.824,2155000000,397.8723189267361
0.013,44.1,1635.0,Barbados,39.99941792782305,77236.84089635854,4541550000,0.075,996,302.06850282485874,0.014,0.6,0.1,77.0,72.0,1.0,0.198,0.698,0.105,277634,0.324,1244000000,378.1750099001209
0.025,33.2,407.0,Belize,44.0,77236.84089635854,1369500000,0.051,237,147.0,0.017,0.1,0.141,76.0,70.0,0.5,0.365,0.596,0.039,293544,0.455,278000000,309.7494476441365
0.013,44.1,389.0,Bermuda,39.99941792782305,77236.84089635854,6109928000,0.06416951983298538,15,302.06850282485874,0.032813011456628474,0.8,0.14810265957446808,82.0,77.0,1.2,0.3030511272141707,0.6234814814814815,0.07346457326892109,65273,1.0,431000000,397.78550431633926
0.027,80.0,13773.0,Bolivia,50.0,5973.0,16674324634,0.049,84,1080.0,0.038,0.1,0.139,68.0,64.0,0.5,0.37,0.585,0.046,9834098,0.656,302000000,390.39081151579967
0.016,68.4,387675.0,Brazil,149.0,248594.0,1653508561457,0.083,714,2600.0,0.017,0.3,0.473,76.0,69.0,0.8,0.264,0.671,0.066,191765567,0.837,6109000000,543.2953243513062
0.011,44.1,544975.0,Canada,5.0,264724.0,1542560728745,0.103,4623,119.0,0.005,0.8,0.047,83.0,78.0,0.7,0.168,0.695,0.136,33245773,0.806,18191000000,587.821361774933
0.022714893617021278,44.1,631.0,Cayman Islands,39.99941792782305,77236.84089635854,1001970945,0.06416951983298538,15,302.06850282485874,0.032813011456628474,0.6,0.14810265957446808,71.15926791277259,66.46183800623054,1.9,0.3030511272141707,0.6234814814814815,0.07346457326892109,52912,1.0,518000000,349.0561710740736
0.015,25.1,71224.0,Chile,27.0,30310.0,179857806672,0.068,732,316.0,0.008,0.4,0.133,82.0,76.0,0.9,0.231,0.682,0.087,16831184,0.882,2537000000,453.8997287829663
0.02,80.1,66439.0,Colombia,36.0,29208.0,244056732297,0.066,358,256.0,0.017,0.3,0.172,77.0,69.0,0.9,0.295,0.651,0.054,45153037,0.745,2438000000,465.3569606945437
0.016,55.2,8647.0,Costa Rica,60.0,4586.0,29831167681,0.09,593,282.0,0.009,0.3,0.158,81.0,77.0,0.4,0.26,0.678,0.062,4532711,0.694,2533000000,415.8328535572748
0.01,44.1,30443.0,Cuba,39.99941792782305,10566.0,60806200000,0.108,584,302.06850282485874,0.005,0.1,0.14810265957446808,80.0,76.0,0.0,0.181,0.7,0.118,11296355,0.764,2347000000,252.6495062237185
0.014,44.1,142307.10776470587,Curacao,39.99941792782305,77236.84089635854,1001970945,0.06416951983298538,15,302.06850282485874,0.032813011456628474,0.23974713551955748,0.14810265957446808,79.0,72.0,0.5781237682301931,0.201,0.671,0.128,144971,0.902,383000000,370.53295437554016
0.022714893617021278,37.0,128.0,Dominica,13.0,77236.84089635854,452222222,0.049,316,117.0,0.012,0.4,0.091,71.15926791277259,66.46183800623054,1.3,0.3030511272141707,0.6234814814814815,0.07346457326892109,70883,0.675,76000000,262.8745315809
0.023,35.2,21019.0,Dominican Republic,19.0,7104.0,45796187338,0.053,244,480.0,0.027,0.2,0.199,76.0,69.0,0.7,0.319,0.622,0.059,9750195,0.713,4166000000,403.694654336206
0.022,34.9,29670.0,Ecuador,65.0,10973.0,61762635000,0.063,268,600.0,0.022,0.2,0.14810265957446808,78.0,72.0,0.8,0.316,0.624,0.059,14512402,0.623,745000000,419.7394388566131
0.021,34.7,6546.0,El Salvador,17.0,4499.0,21431000000,0.062,216,320.0,0.017,0.1,0.14810265957446808,76.0,67.0,1.1,0.336,0.598,0.066,6151776,0.633,711000000,384.25439714020655
0.015,44.1,638.0,Greenland,39.99941792782305,77236.84089635854,1739579594,0.06416951983298538,15,302.06850282485874,0.032813011456628474,0.6,0.14810265957446808,73.0,68.0,1.0,0.3030511272141707,0.6234814814814815,0.07346457326892109,56328,0.838,26000000,252.6495062237185
0.019,45.3,260.0,Grenada,20.0,77236.84089635854,825925911,0.06,474,140.0,0.012,0.2,0.095,74.0,70.0,0.6,0.282,0.643,0.074,103932,0.358,127000000,262.8745315809
0.033,40.9,11441.0,Guatemala,34.0,8157.0,39136441799,0.069,199,344.0,0.03,0.1,0.134,74.0,67.0,1.1,0.422,0.534,0.044,13648307,0.484,1068000000,417.11980910788526
0.022,39.0,1558.0,Guyana,39.0,77236.84089635854,1922598121,0.066,165,288.0,0.034,0.2,0.146,68.0,63.0,0.6,0.375,0.591,0.034,775739,0.282,59000000,315.6575582064916
0.027,40.4,2428.0,Haiti,195.0,2927.0,6548530572,0.055,36,184.0,0.061,0.1,0.178,63.0,59.0,0.3,0.369,0.587,0.044,9638255,0.49,276000000,390.59773269727566
0.028,44.1,8672.0,Honduras,20.0,4648.0,13789720387,0.084,159,224.0,0.023,0.1,0.179,75.0,70.0,0.8,0.38,0.578,0.042,7322368,0.504,620000000,390.8036305551257
0.016,49.9,11947.0,Jamaica,8.0,4078.0,13676837630,0.054,272,414.0,0.017,0.2,0.168,75.0,70.0,1.0,0.3,0.622,0.078,2671934,0.534,2222000000,382.5354600689961
0.02,51.5,471444.0,Mexico,26.0,181876.0,1099073123655,0.058,598,549.0,0.015,0.2,0.087,79.0,74.0,0.7,0.31,0.633,0.057,114968039,0.772,14726000000,531.3095635835402
0.025,63.2,4386.0,Nicaragua,39.0,2903.0,8491371523,0.072,105,240.0,0.024,0.1,0.132,76.0,70.0,0.5,0.358,0.598,0.044,5667983,0.567,301000000,384.9697310097028
0.021,43.8,7576.0,Panama,12.0,3053.0,24884000000,0.073,473,482.0,0.018,0.3,0.082,80.0,74.0,1.1,0.299,0.636,0.065,3553480,0.645,2208000000,405.7584708795186
0.025,35.0,4353.0,Paraguay,35.0,4348.0,18504128632,0.056,167,328.0,0.022,0.1,0.258,74.0,70.0,0.9,0.344,0.606,0.05,6236005,0.58,128000000,366.8392723009477
0.021,38.1,41279.0,Peru,65.0,15044.0,121382746565,0.057,255,424.0,0.017,0.3,0.237,76.0,71.0,0.7,0.308,0.635,0.057,28625628,0.762,2396000000,444.4649715904885
0.012,60.6,142307.10776470587,Puerto Rico,7.0,77236.84089635854,93639316000,0.06416951983298538,15,218.0,0.032813011456628474,0.4,0.14810265957446808,83.0,75.0,0.7,0.212,0.662,0.126,3760866,0.939,3535000000,453.2278083885381
0.013,44.1,142307.10776470587,Sint Maarten (Dutch part),39.99941792782305,77236.84089635854,1001970945,0.06416951983298538,15,302.06850282485874,0.032813011456628474,0.23974713551955748,0.14810265957446808,77.0,72.0,0.5781237682301931,0.3030511272141707,0.6234814814814815,0.07346457326892109,40459,1.0,667000000,334.6282654072223
0.022714893617021278,52.5,249.0,St. Kitts and Nevis,19.0,77236.84089635854,734814815,0.042,603,172.0,0.009,0.6,0.087,71.15926791277259,66.46183800623054,1.5,0.3030511272141707,0.6234814814814815,0.07346457326892109,51110,0.318,110000000,273.0280623617032
0.017,34.0,396.0,St. Lucia,20.0,77236.84089635854,1184074074,0.075,503,61.0,0.014,0.3,0.101,77.0,71.0,1.0,0.264,0.656,0.08,172734,0.201,311000000,310.5409837075112
0.017,44.1,142307.10776470587,St. Martin (French part),39.99941792782305,77236.84089635854,1001970945,0.06416951983298538,15,302.06850282485874,0.032813011456628474,0.23974713551955748,0.14810265957446808,82.0,75.0,0.5781237682301931,0.3030511272141707,0.6234814814814815,0.07346457326892109,29376,0.5629525765496639,26000000,252.6495062237185
0.018,42.6,202.0,St. Vincent and the Grenadines,12.0,77236.84089635854,695555556,0.047,299,117.0,0.019,0.2,0.095,74.0,70.0,1.2,0.273,0.659,0.069,109158,0.481,96000000,279.0865058075876
0.019,27.9,2442.0,Suriname,694.0,77236.84089635854,3532969035,0.059,406,199.0,0.024,0.2,0.122,73.0,67.0,1.3,0.293,0.644,0.063,515372,0.665,83000000,301.746730169669
0.015,33.1,42541.0,Trinidad and Tobago,43.0,19563.0,28165793618,0.044,924,210.0,0.022,0.3,0.124,73.0,66.0,1.4,0.209,0.712,0.078,1316449,0.094,557000000,340.0514273268722
0.022714893617021278,44.1,158.0,Turks and Caicos Islands,39.99941792782305,77236.84089635854,1001970945,0.06416951983298538,15,302.06850282485874,0.032813011456628474,0.23974713551955748,0.14810265957446808,71.15926791277259,66.46183800623054,0.5781237682301931,0.3030511272141707,0.6234814814814815,0.07346457326892109,29481,0.893,26000000,252.6495062237185
0.014,46.4,5656839.0,United States,5.0,2277034.0,14720300000000,0.165,7769,187.0,0.007,0.7,0.051,81.0,76.0,0.9,0.201,0.673,0.127,304093966,0.804,170524000000,650.4647888764033
0.015,43.0,8331.0,Uruguay,44.0,4153.0,30366148205,0.08,722,336.0,0.011,0.4,0.124,80.0,73.0,1.0,0.23,0.632,0.137,3348898,0.94,1195000000,398.3894721661928
0.021,55.6,186812.0,"Venezuela, RB",141.0,69597.0,315600372613,0.056,633,864.0,0.014,0.3,0.224,77.0,71.0,1.0,0.302,0.645,0.053,28120312,0.887,1097000000,469.86921827371816
0.012,44.1,142307.10776470587,Virgin Islands (U.S.),39.99941792782305,77236.84089635854,1001970945,0.06416951983298538,15,302.06850282485874,0.032813011456628474,0.3,0.14810265957446808,82.0,76.0,0.5781237682301931,0.211,0.666,0.123,107091,0.942,1157000000,252.6495062237185
0.024,72.0,124586.0,Algeria,25.0,40823.0,137211795394,0.046,174,451.0,0.024,0.1,0.08,72.0,69.0,0.9,0.272,0.681,0.047,36383302,0.668,381000000,406.75386928585243
0.047,52.1,27836.0,Angola,68.0,12586.0,75492417649,0.044,174,272.0,0.112,0.1,0.157,52.0,49.0,0.4,0.479,0.497,0.024,18926650,0.393,554000000,376.9007759169866
0.038,73.2,4756.0,Benin,31.0,3439.0,6585134688,0.044,32,270.0,0.064,0.0,0.14810265957446808,60.0,57.0,0.5,0.436,0.535,0.029,9240783,0.415,131000000,334.6282654072223
0.025,17.0,4397.0,Botswana,60.0,2023.0,10106837286,0.061,318,140.0,0.041,0.1,0.138,46.0,47.0,1.0,0.345,0.621,0.034,1951715,0.56,53000000,331.1503603323873
0.043,44.9,1665.0,Burkina Faso,14.0,77236.84089635854,8348156389,0.073,41,270.0,0.073,0.0,0.14810265957446808,55.0,54.0,0.3,0.461,0.514,0.025,15094967,0.248,99000000,343.1771354666442
0.045,279.7,180.0,Burundi,13.0,77236.84089635854,1739781536,0.07,14,140.0,0.063,0.0,0.141,54.0,51.0,0.1,0.44,0.535,0.026,8926687,0.104,1700000,326.8209699135724
0.039,48.8,6674.0,Cameroon,35.0,6914.0,22165009363,0.051,56,654.0,0.069,0.0,0.14810265957446808,54.0,52.0,0.4,0.436,0.532,0.033,20103945,0.509,271000000,399.23750029724266
0.035,203.8,235.0,Central African Republic,23.0,77236.84089635854,1981728179,0.036,17,504.0,0.105,0.0,0.14810265957446808,49.0,46.0,0.2,0.409,0.552,0.039,4266247,0.386,6000000,321.3552590380074
0.048,71.3,444.0,Chad,64.0,77236.84089635854,9253484290,0.045,28,732.0,0.095,0.0,0.14810265957446808,50.0,49.0,0.2,0.49,0.485,0.025,11371325,0.219,26000000,252.6495062237185
0.038,217.9,125.0,Comoros,22.0,77236.84089635854,535199686,0.038,31,100.0,0.065,0.0,0.105,61.0,59.0,0.2,0.421,0.549,0.029,666097,0.279,32000000,277.18000952438166
0.044,292.7,2721.0,"Congo, Dem. Rep.",127.0,22925.0,18262773766,0.091,17,308.0,0.095,0.0,0.654,50.0,47.0,0.2,0.456,0.515,0.028,60486276,0.394,24000000,346.38052907503635
0.039,65.9,1885.0,"Congo, Rep.",161.0,1416.0,9593536719,0.023,54,606.0,0.045,0.0,0.14810265957446808,58.0,55.0,0.7,0.422,0.544,0.034,3995146,0.628,26000000,252.6495062237185
0.036,44.4,5856.0,Cote d'Ivoire,40.0,9489.0,23041633638,0.068,84,270.0,0.079,0.0,0.14810265957446808,50.0,48.0,0.7,0.42,0.55,0.031,18601342,0.498,164000000,407.7950811929532
0.029,37.8,532.0,Djibouti,37.0,77236.84089635854,1198997305,0.083,100,66.0,0.064,0.0,0.111,61.0,58.0,0.2,0.345,0.618,0.036,821865,0.769,16000000,278.14606074503126
0.024,43.0,197871.0,"Egypt, Arab Rep.",8.0,71465.0,188984088127,0.05,118,480.0,0.021,0.3,0.12,73.0,68.0,0.7,0.316,0.629,0.055,76775023,0.43,11757000000,475.327879725249
0.037,44.1,4620.0,Equatorial Guinea,135.0,77236.84089635854,9380412630,0.056,861,492.0,0.078,0.0,0.14810265957446808,52.0,50.0,0.3,0.395,0.575,0.03,676851,0.391,26000000,252.6495062237185
0.039,84.5,513.0,Eritrea,84.0,726.0,1856695550,0.031,10,216.0,0.041,0.0,0.14810265957446808,63.0,58.0,0.0,0.43,0.549,0.021,5557889,0.202,26000000,252.6495062237185
0.035,30.3,6659.0,Ethiopia,15.0,32378.0,31843357840,0.045,15,198.0,0.054,0.0,0.14810265957446808,62.0,59.0,0.0,0.449,0.518,0.033,84838032,0.169,1119000000,351.56191868608573
0.033,44.7,81.0,Gabon,57.0,1925.0,12031268402,0.037,291,488.0,0.045,0.1,0.14810265957446808,63.0,61.0,1.0,0.388,0.559,0.054,1519155,0.853,26000000,252.6495062237185
0.043,292.1,436.0,"Gambia, The",27.0,77236.84089635854,900629373,0.045,25,376.0,0.053,0.1,0.27,59.0,57.0,0.8,0.46,0.515,0.025,1628332,0.556,64000000,256.4076900716723
0.033,32.5,7444.0,Ghana,12.0,9320.0,25978563316,0.051,56,224.0,0.056,0.1,0.14810265957446808,61.0,59.0,0.6,0.392,0.573,0.035,23691533,0.5,849000000,427.24332165128175
0.039,80.7,1228.0,Guinea,40.0,77236.84089635854,4609923720,0.063,28,416.0,0.074,0.0,0.14810265957446808,56.0,54.0,0.3,0.43,0.538,0.032,10593248,0.344,4900000,294.04413328293447
0.039,45.9,235.0,Guinea-Bissau,216.0,77236.84089635854,832530157,0.068,36,208.0,0.087,0.0,0.14810265957446808,55.0,52.0,0.4,0.421,0.55,0.03,1550905,0.443,12000000,291.5080605814495
0.037,49.3,12350.0,Kenya,34.0,18897.0,30716343757,0.046,36,417.0,0.054,0.1,0.148,60.0,57.0,0.5,0.426,0.548,0.026,39824734,0.232,1124000000,370.1953233247989
0.028,19.9,26.0,Lesotho,40.0,77236.84089635854,1708772782,0.098,84,324.0,0.08,0.0,0.13,47.0,46.0,0.3,0.381,0.576,0.043,1989873,0.243,30000000,373.45171744268976
0.038,42.9,528.0,Liberia,20.0,77236.84089635854,1155146230,0.144,43,158.0,0.064,0.0,0.142,60.0,58.0,0.3,0.434,0.535,0.031,3821440,0.474,123000000,314.9679425612993
0.022,44.1,67674.0,Libya,39.99941792782305,20286.0,62360446571,0.035,349,302.06850282485874,0.015,0.1,0.06,77.0,73.0,1.6,0.295,0.659,0.045,5964325,0.775,159000000,451.3008973912236
0.036,38.4,1822.0,Madagascar,7.0,77236.84089635854,8550363829,0.045,19,201.0,0.045,0.0,0.45,64.0,61.0,0.3,0.437,0.534,0.029,20495695,0.313,518000000,346.991018087239
0.041,26.3,1060.0,Malawi,39.0,77236.84089635854,5030639934,0.083,29,157.0,0.055,0.0,0.253,53.0,53.0,0.2,0.459,0.51,0.031,14573338,0.154,46000000,335.8558401430872
0.048,51.4,612.0,Mali,8.0,77236.84089635854,8964480570,0.068,45,270.0,0.085,0.0,0.14810265957446808,53.0,54.0,0.3,0.467,0.504,0.029,13559296,0.352,290000000,370.8678013608901
0.036,85.8,2211.0,Mauritania,19.0,77236.84089635854,3027032864,0.054,46,696.0,0.071,0.0,0.195,62.0,59.0,0.6,0.407,0.561,0.031,3516077,0.56,26000000,252.6495062237185
0.012,26.0,3865.0,Mauritius,6.0,77236.84089635854,8834661043,0.05,357,161.0,0.014,0.2,0.093,77.0,69.0,0.9,0.217,0.708,0.075,1275032,0.408,1390000000,390.7008088927333
0.021,49.3,49541.0,Morocco,12.0,15054.0,90908402631,0.057,165,358.0,0.03,0.4,0.14810265957446808,72.0,68.0,0.8,0.285,0.665,0.05,31276564,0.572,7980000000,452.05189494452037
0.041,37.5,2574.0,Mozambique,26.0,9554.0,9674037707,0.06,25,230.0,0.074,0.0,0.157,50.0,48.0,0.3,0.453,0.515,0.032,23361025,0.307,217000000,373.45171744268976
0.027,22.3,3183.0,Namibia,66.0,1497.0,8724107049,0.079,326,339.0,0.039,0.1,0.111,64.0,59.0,0.8,0.382,0.584,0.034,2143498,0.406,511000000,346.0716949116229
0.05,46.5,1085.0,Niger,17.0,77236.84089635854,5397121962,0.077,27,270.0,0.069,0.0,0.14810265957446808,57.0,56.0,0.2,0.497,0.477,0.026,15302948,0.174,69000000,332.9284624462214
0.042,32.2,71719.0,Nigeria,25.0,109255.0,169481270115,0.068,74,938.0,0.085,0.2,0.184,51.0,51.0,0.5,0.439,0.534,0.027,155381020,0.426,791000000,508.6650889469325
0.037,31.0,576.0,Rwanda,3.0,77236.84089635854,5208687775,0.1,50,160.0,0.047,0.1,0.161,63.0,60.0,0.2,0.448,0.529,0.023,10529668,0.23,223000000,353.91854059766064
0.037,47.2,92.0,Sao Tome and Principe,144.0,77236.84089635854,196473839,0.075,94,424.0,0.041,0.2,0.311,68.0,64.0,0.5,0.416,0.547,0.037,173240,0.612,8300000,166.38993661782115
0.039,45.5,5849.0,Senegal,9.0,3270.0,12812994670,0.048,49,666.0,0.049,0.1,0.14810265957446808,64.0,61.0,0.5,0.437,0.532,0.031,12586827,0.42,474000000,375.13763582600546
0.018,44.1,755.0,Seychelles,39.0,77236.84089635854,847424852,0.027,250,76.0,0.012,0.23974713551955748,0.153,78.0,68.0,1.2,0.225,0.699,0.076,87298,0.52,27000000,237.92904148442395
0.039,235.2,653.0,Sierra Leone,12.0,77236.84089635854,2453972797,0.169,74,357.0,0.117,0.0,0.222,45.0,44.0,0.2,0.423,0.551,0.025,5641182,0.379,25000000,285.8315362616203
0.046,44.1,594.0,Somalia,39.99941792782305,77236.84089635854,1001970945,0.06416951983298538,15,302.06850282485874,0.1,0.0,0.14810265957446808,55.0,52.0,0.1,0.478,0.494,0.028,9380854,0.368,26000000,252.6495062237185
0.022,29.8,503941.0,South Africa,22.0,142761.0,284183101100,0.087,484,200.0,0.04,0.1,0.117,55.0,52.0,0.9,0.299,0.651,0.051,50222996,0.617,8684000000,509.97761460256396
0.038,44.1,142307.10776470587,South Sudan,39.99941792782305,77236.84089635854,13298986925,0.024,30,302.06850282485874,0.073,0.23974713551955748,0.14810265957446808,54.0,52.0,0.5781237682301931,0.431,0.535,0.034,9520571,0.177,26000000,252.6495062237185
0.035,36.1,14056.0,Sudan,36.0,16297.0,52839990731,0.074,112,180.0,0.056,0.23974713551955748,0.14810265957446808,63.0,60.0,0.4,0.423,0.546,0.031,34853178,0.33,299000000,423.6064684863849
0.031,36.3,1023.0,Swaziland,60.0,77236.84089635854,3144680749,0.084,227,104.0,0.068,0.1,0.114,48.0,48.0,0.6,0.393,0.574,0.033,1173678,0.216,40000000,338.5775923522013
0.041,44.4,6447.0,Tanzania,26.0,19345.0,21368165400,0.056,28,172.0,0.044,0.0,0.15,59.0,57.0,0.4,0.448,0.521,0.031,43639752,0.274,1192000000,420.56142404359406
0.038,52.5,1503.0,Togo,84.0,2628.0,3163000591,0.072,37,270.0,0.062,0.0,0.14810265957446808,56.0,54.0,0.4,0.422,0.551,0.027,6144457,0.371,73000000,337.0457339112275
0.018,62.3,24807.0,Tunisia,11.0,9193.0,43454935940,0.062,259,228.0,0.016,0.3,0.14810265957446808,77.0,73.0,0.9,0.238,0.693,0.069,10439600,0.658,3526000000,399.4050730778467
0.045,35.0,3366.0,Uganda,25.0,77236.84089635854,14824492062,0.093,42,161.0,0.054,0.1,0.21,57.0,56.0,0.3,0.49,0.486,0.025,32864328,0.142,683000000,387.1566551430337
0.043,15.0,2156.0,Zambia,18.0,7842.0,12805029522,0.064,64,183.0,0.065,0.1,0.221,54.0,52.0,0.3,0.47,0.504,0.027,12825031,0.383,98000000,332.4915628756668
0.032,38.2,8735.0,Zimbabwe,97.0,8747.0,8157077422,0.06416951983298538,15,270.0,0.059,0.1,0.14810265957446808,51.0,51.0,0.3,0.415,0.546,0.04,12888918,0.334,523000000,252.6495062237185
0.039,36.3,6524.0,Afghanistan,7.0,77236.84089635854,12486950469,0.087,35,275.0,0.077,0.0,0.15,60.0,58.0,0.4,0.49,0.489,0.021,27708187,0.243,96000000,321.3552590380074
0.014,38.6,4353.0,Armenia,14.0,2610.0,8647936748,0.045,132,581.0,0.017,0.2,0.188,78.0,71.0,0.7,0.206,0.686,0.108,2968154,0.638,374000000,390.18285652734744
0.017,40.9,42629.0,Azerbaijan,10.0,11937.0,44291490421,0.059,288,376.0,0.035,0.3,0.2,73.0,67.0,0.9,0.231,0.708,0.061,8947243,0.532,545000000,400.2330725765424
0.021,35.0,52328.0,Bangladesh,43.0,29131.0,89356650349,0.037,22,302.0,0.041,0.0,0.146,70.0,68.0,0.3,0.322,0.632,0.046,149503100,0.297,77000000,411.8472559473707
0.021,40.8,389.0,Bhutan,46.0,77236.84089635854,1264758198,0.046,82,274.0,0.036,0.1,0.138,67.0,66.0,0.5,0.305,0.651,0.044,704542,0.34,51000000,300.7404936649495
0.017,30.3,9094.0,Brunei Darussalam,116.0,3043.0,10732366286,0.028,766,144.0,0.008,0.5,0.055,80.0,76.0,1.0,0.271,0.694,0.035,394400,0.751,254000000,399.3213701189615
0.026,21.7,4052.0,Cambodia,102.0,4907.0,10401935532,0.063,46,173.0,0.039,0.0,0.14810265957446808,73.0,68.0,0.4,0.324,0.627,0.049,14144225,0.197,1208000000,357.5601426752136
0.012,63.8,7692211.0,China,38.0,2286137.0,4990233518752,0.051,189,464.0,0.015,0.3,0.053,76.0,73.0,0.6,0.184,0.734,0.082,1331260000,0.479,42632000000,603.9654568758624
0.014,15.3,6058.0,Georgia,3.0,3096.0,10766836277,0.102,249,387.0,0.016,0.2,0.179,77.0,70.0,0.6,0.173,0.684,0.143,4410900,0.527,537000000,382.40989393516435
0.012,23.0,36996.0,"Hong Kong SAR, China",6.0,14933.0,214046415026,0.06416951983298538,15,80.0,0.032813011456628474,0.7,0.05,86.0,80.0,1.8,0.124,0.749,0.127,6972800,1.0,20291000000,551.0732810299636
0.022,66.0,1982263.0,India,30.0,698360.0,1365372433342,0.039,44,271.0,0.048,0.1,0.122,67.0,64.0,0.4,0.306,0.644,0.05,1190138069,0.306,11136000000,526.9024101763354
0.02,37.8,453106.0,Indonesia,63.0,199782.0,539579955780,0.028,64,266.0,0.029,0.1,0.145,72.0,68.0,0.7,0.3,0.651,0.05,237486894,0.491,6053000000,513.2918890359996
0.009,55.3,1100650.0,Japan,22.0,472174.0,5035142154901,0.095,3746,355.0,0.002,0.8,0.017,86.0,80.0,0.9,0.134,0.643,0.223,127557958,0.897,12537000000,589.156117306701
0.022,34.7,214087.0,Kazakhstan,20.0,63417.0,115308661143,0.045,328,271.0,0.021,0.2,0.14810265957446808,74.0,64.0,1.1,0.247,0.685,0.068,16092701,0.539,1185000000,441.00586789998835
0.014,44.1,74686.0,"Korea, Dem. Rep.",39.99941792782305,19358.0,1001970945,0.06416951983298538,15,302.06850282485874,0.025,0.23974713551955748,0.14810265957446808,72.0,65.0,0.0,0.231,0.684,0.085,24371865,0.601,26000000,252.6495062237185
0.009,31.0,509376.0,"Korea, Rep.",14.0,229178.0,901934953365,0.071,1204,250.0,0.004,0.8,0.056,84.0,77.0,1.0,0.168,0.725,0.107,49182038,0.818,13304000000,553.1012707016753
0.025,59.4,6480.0,Kyrgyz Republic,11.0,2484.0,4690062255,0.068,61,202.0,0.029,0.2,0.23,73.0,65.0,0.9,0.301,0.653,0.046,5383300,0.353,506000000,391.61719288488945
0.029,32.3,1811.0,Lao PDR,93.0,77236.84089635854,5832882922,0.036,34,362.0,0.061,0.1,0.248,68.0,65.0,0.5,0.374,0.588,0.037,6267968,0.32,271000000,335.8558401430872
0.009,44.1,1302.0,"Macao SAR, China",39.99941792782305,77236.84089635854,21313263933,0.06416951983298538,15,302.06850282485874,0.032813011456628474,0.5,0.053,82.0,77.0,2.0,0.133,0.796,0.071,521617,1.0,18445000000,428.7433921664022
0.018,34.2,203882.0,Malaysia,18.0,69858.0,202251384992,0.039,285,145.0,0.007,0.6,0.051,77.0,72.0,1.1,0.282,0.671,0.047,27790324,0.701,17231000000,515.1443286507823
0.022,9.3,1067.0,Maldives,9.0,77236.84089635854,1984639641,0.076,475,302.06850282485874,0.012,0.2,0.13,77.0,75.0,1.4,0.306,0.644,0.05,319660,0.388,1473000000,367.56929714085123
0.023,24.3,11052.0,Mongolia,13.0,3252.0,4583834427,0.064,111,192.0,0.03,0.1,0.217,71.0,63.0,0.8,0.271,0.691,0.038,2672223,0.666,253000000,372.6617237138415
0.018,44.1,10392.0,Myanmar,39.99941792782305,14246.0,1001970945,0.021,13,302.06850282485874,0.045,0.0,0.17,66.0,62.0,0.0,0.265,0.685,0.051,51540490,0.309,75000000,315.6575582064916
0.024,32.5,3506.0,Nepal,31.0,9986.0,12899651884,0.06,29,338.0,0.038,0.0,0.08,68.0,66.0,0.2,0.377,0.574,0.048,26544943,0.165,439000000,406.61309151836787
0.027,30.9,157890.0,Pakistan,21.0,83197.0,167874973610,0.03,28,560.0,0.075,0.1,0.145,67.0,65.0,0.6,0.36,0.597,0.043,170093999,0.362,950000000,433.337337896891
0.025,47.1,74785.0,Philippines,42.0,38102.0,168333540385,0.043,78,195.0,0.026,0.1,0.086,72.0,65.0,0.8,0.357,0.607,0.037,91886400,0.455,2853000000,479.7076123277357
0.01,27.8,24767.0,Singapore,3.0,28262.0,192406441416,0.045,1704,84.0,0.002,0.7,0.054,84.0,79.0,1.4,0.177,0.735,0.088,4987600,1.0,9403000000,551.1211993049664
0.019,61.7,12831.0,Sri Lanka,40.0,9082.0,42067974595,0.033,68,256.0,0.01,0.1,0.157,77.0,71.0,0.8,0.251,0.673,0.076,20450000,0.183,754000000,416.78778376529806
0.032,83.8,2893.0,Tajikistan,38.0,2333.0,4979481980,0.059,40,224.0,0.046,0.1,0.226,70.0,64.0,0.7,0.362,0.604,0.034,7447396,0.265,19500000,242.52981104434235
0.011,36.9,276587.0,Thailand,32.0,107300.0,263711244889,0.041,164,264.0,0.013,0.2,0.06,77.0,70.0,1.0,0.199,0.715,0.086,66277335,0.427,19814000000,505.0038971156233
0.037,11.0,183.0,Timor-Leste,157.0,77236.84089635854,826700000,0.068,50,276.0,0.054,0.0,0.112,67.0,64.0,0.3,0.476,0.494,0.03,1049156,0.289,16000000,325.7886766282897
0.022,44.1,48525.0,Turkmenistan,39.99941792782305,19873.0,20214385965,0.021,86,302.06850282485874,0.052,0.0,0.14810265957446808,69.0,61.0,0.4,0.297,0.661,0.042,4978962,0.481,26000000,252.6495062237185
0.023,94.8,116607.0,Uzbekistan,15.0,44831.0,32816828373,0.054,64,205.0,0.041,0.2,0.14810265957446808,71.0,65.0,0.6,0.303,0.652,0.045,27767400,0.362,99000000,252.6495062237185
0.017,39.9,140057.0,Vietnam,39.0,53450.0,106014600964,0.065,72,1050.0,0.021,0.3,0.101,80.0,71.0,1.1,0.24,0.694,0.065,86025000,0.298,3050000000,433.41310740308086
0.013,37.0,3880.0,Albania,6.0,2068.0,12044212904,0.06,230,368.0,0.015,0.4,0.127,80.0,74.0,0.8,0.236,0.666,0.098,2884303,0.511,2014000000,451.5526375330948
0.01,44.1,517.0,Andorra,39.99941792782305,77236.84089635854,1001970945,0.062,2762,302.06850282485874,0.003,0.8,0.14810265957446808,71.15926791277259,66.46183800623054,0.8,0.3030511272141707,0.6234814814814815,0.07346457326892109,78659,0.884,26000000,252.6495062237185
0.009,53.4,62262.0,Austria,25.0,31963.0,383733551536,0.112,5125,170.0,0.004,0.7,0.14810265957446808,83.0,77.0,1.4,0.15,0.675,0.175,8365275,0.658,21220000000,541.4989294535659
0.011,99.7,60293.0,Belarus,10.0,26737.0,49208656976,0.061,314,900.0,0.005,0.3,0.117,76.0,65.0,1.0,0.148,0.711,0.141,9507000,0.742,563000000,417.7219356604291
0.012,54.5,104194.0,Belgium,4.0,57096.0,473254348142,0.106,4664,156.0,0.004,0.7,0.095,83.0,77.0,1.1,0.168,0.661,0.171,10796493,0.976,11500000000,567.7494563427596
0.009,25.9,30590.0,Bosnia and Herzegovina,69.0,6161.0,17082889410,0.099,440,422.0,0.007,0.4,0.079,78.0,73.0,0.8,0.178,0.674,0.148,3853446,0.392,753000000,379.0030139444548
0.011,30.4,42805.0,Bulgaria,18.0,17512.0,48568714012,0.072,463,616.0,0.012,0.5,0.113,77.0,70.0,1.4,0.133,0.686,0.181,7444443,0.72,4273000000,457.68851836826076
0.01,21.4,21555.0,Croatia,22.0,8722.0,62202619240,0.078,1095,196.0,0.005,0.5,0.116,80.0,73.0,1.1,0.154,0.672,0.174,4429078,0.573,9308000000,431.1207573815905
0.012,20.6,8141.0,Cyprus,8.0,2525.0,23542650736,0.074,2115,149.0,0.003,0.5,0.14810265957446808,81.0,77.0,0.9,0.181,0.705,0.114,1090553,0.677,2474000000,450.1501335833192
0.011,46.4,108121.0,Czech Republic,20.0,42044.0,197187168861,0.08,1498,613.0,0.004,0.6,0.06,80.0,74.0,1.2,0.142,0.708,0.15,10443936,0.733,7936000000,490.5471940692965
0.011,28.2,44503.0,Denmark,6.0,18358.0,310544936764,0.115,6464,135.0,0.004,0.9,0.14810265957446808,81.0,77.0,1.2,0.181,0.656,0.163,5523095,0.867,5617000000,525.1856129203974
0.012,48.1,14745.0,Estonia,7.0,4749.0,19406617022,0.068,968,81.0,0.004,0.7,0.094,80.0,70.0,1.2,0.153,0.674,0.174,1334515,0.682,1445000000,414.56462888760655
0.022714893617021278,44.1,667.0,Faeroe Islands,39.99941792782305,77236.84089635854,2198138372,0.06416951983298538,15,302.06850282485874,0.032813011456628474,0.8,0.14810265957446808,84.0,78.0,1.1,0.3030511272141707,0.6234814814814815,0.07346457326892109,49600,0.407,26000000,252.6495062237185
0.011,47.7,53168.0,Finland,14.0,33259.0,239382634649,0.092,4121,243.0,0.003,0.8,0.14810265957446808,83.0,77.0,1.4,0.166,0.666,0.167,5338871,0.834,4104000000,500.72619084532937
0.013,64.8,356924.0,France,7.0,253469.0,2619685205628,0.117,4776,132.0,0.004,0.7,0.14810265957446808,85.0,78.0,0.9,0.184,0.65,0.166,64702921,0.781,58857000000,602.5886387403702
0.008,43.9,732249.0,Germany,18.0,313249.0,3298217546533,0.118,4727,196.0,0.004,0.8,0.14810265957446808,83.0,77.0,1.3,0.136,0.659,0.206,81902307,0.741,47466000000,637.9195297525802
0.011,46.7,94902.0,Greece,19.0,29436.0,321015994274,0.1,2861,224.0,0.004,0.4,0.14810265957446808,83.0,78.0,1.2,0.145,0.667,0.189,11187085,0.759,14796000000,481.68552866975097
0.01,56.6,48676.0,Hungary,4.0,24859.0,126631684033,0.077,977,330.0,0.006,0.6,0.11,78.0,70.0,1.2,0.147,0.687,0.165,10022650,0.684,6740000000,479.46443456349937
0.016,24.3,2054.0,Iceland,5.0,5384.0,12115441517,0.097,3696,140.0,0.002,0.9,0.19,84.0,80.0,1.1,0.211,0.669,0.12,318499,0.935,550000000,403.8454539892154
0.017,25.5,40623.0,Ireland,13.0,14364.0,225442852955,0.1,5040,76.0,0.004,0.7,0.14810265957446808,83.0,78.0,1.1,0.212,0.676,0.112,4535375,0.616,8458000000,519.585727159059
0.022714893617021278,44.1,142307.10776470587,Isle of Man,39.99941792782305,77236.84089635854,1001970945,0.06416951983298538,15,302.06850282485874,0.032813011456628474,0.23974713551955748,0.14810265957446808,71.15926791277259,66.46183800623054,0.5781237682301931,0.3030511272141707,0.6234814814814815,0.07346457326892109,83293,0.52,26000000,252.6495062237185
0.01,67.7,401592.0,Italy,10.0,164858.0,2111146953537,0.094,3306,314.0,0.004,0.5,0.048,85.0,79.0,1.5,0.14,0.658,0.201,59095365,0.682,41938000000,588.6103541008243
0.019,28.3,142307.10776470587,Kosovo,52.0,2435.0,5620572910,0.06416951983298538,15,163.0,0.032813011456628474,0.23974713551955748,0.141,72.0,68.0,0.5781237682301931,0.3030511272141707,0.6234814814814815,0.07346457326892109,1761474,0.5629525765496639,26000000,252.6495062237185
0.01,37.7,6824.0,Latvia,16.0,4403.0,25875781250,0.068,784,279.0,0.009,0.7,0.162,78.0,68.0,1.1,0.141,0.677,0.182,2141669,0.678,1013000000,425.37205713845043
0.011,44.1,142307.10776470587,Liechtenstein,39.99941792782305,77236.84089635854,4826167676,0.06416951983298538,15,302.06850282485874,0.032813011456628474,0.8,0.14810265957446808,84.0,80.0,1.0,0.3030511272141707,0.6234814814814815,0.07346457326892109,35851,0.145,26000000,252.6495062237185
0.012,43.6,12578.0,Lithuania,26.0,8766.0,37050081723,0.075,836,166.0,0.006,0.6,0.084,79.0,68.0,1.6,0.154,0.692,0.155,3162916,0.668,1063000000,435.98565800954293
0.011,20.0,10249.0,Luxembourg,24.0,3956.0,49420751774,0.08,8127,59.0,0.002,0.9,0.14810265957446808,83.0,78.0,1.4,0.178,0.682,0.14,497783,0.882,4148000000,484.3312654650786
0.011,14.6,11408.0,"Macedonia, FYR",4.0,2811.0,9313573965,0.069,306,150.0,0.01,0.5,0.101,77.0,72.0,0.9,0.178,0.707,0.115,2100558,0.57,232000000,354.42376789407126
0.01,44.1,2497.0,Malta,39.99941792782305,777.0,8099400961,0.083,1669,302.06850282485874,0.006,0.6,0.045,83.0,78.0,1.0,0.159,0.699,0.141,412477,0.945,1117000000,388.37194922933776
0.012,31.0,4547.0,Moldova,10.0,3171.0,5439422031,0.125,190,228.0,0.016,0.3,0.205,72.0,65.0,0.6,0.169,0.719,0.112,3565604,0.449,240000000,381.90376826986835
0.022714893617021278,44.1,142307.10776470587,Monaco,39.99941792782305,77236.84089635854,5557579883,0.043,6458,302.06850282485874,0.003,0.7,0.14810265957446808,71.15926791277259,66.46183800623054,0.6,0.3030511272141707,0.6234814814814815,0.07346457326892109,36314,1.0,26000000,252.6495062237185
0.012,26.3,1822.0,Montenegro,12.0,994.0,4158135026,0.063,424,372.0,0.007,0.4,0.094,77.0,72.0,2.1,0.196,0.679,0.125,619408,0.629,792000000,329.28616809233006
0.011,38.5,169650.0,Netherlands,8.0,78175.0,796332969121,0.119,5740,164.0,0.004,0.9,0.02,83.0,79.0,1.2,0.177,0.673,0.15,16530388,0.862,17868000000,565.088517783993
0.013,40.7,47077.0,Norway,7.0,29775.0,378849191625,0.101,7944,87.0,0.003,0.9,0.043,83.0,79.0,1.1,0.189,0.662,0.149,4828726,0.788,4949000000,543.1263954465749
0.011,42.2,298787.0,Poland,32.0,94002.0,430917310343,0.072,813,395.0,0.005,0.6,0.14810265957446808,80.0,72.0,1.2,0.152,0.715,0.134,38151603,0.61,9843000000,519.3206752867443
0.009,42.3,57411.0,Portugal,5.0,24152.0,234119267350,0.108,2382,328.0,0.003,0.5,0.14810265957446808,82.0,76.0,1.1,0.153,0.669,0.178,10568247,0.6,12315000000,495.071014133641
0.011,45.1,80307.0,Romania,9.0,34882.0,164344371295,0.056,431,202.0,0.013,0.4,0.173,77.0,70.0,1.1,0.15,0.702,0.148,20367487,0.537,1687000000,453.42081870377245
0.012,48.3,1574368.0,Russian Federation,29.0,646915.0,1222643696992,0.062,525,320.0,0.011,0.3,0.153,75.0,63.0,1.6,0.148,0.72,0.133,141909244,0.736,12369000000,570.8430011840647
0.011,44.1,142307.10776470587,San Marino,39.99941792782305,77236.84089635854,1001970945,0.051,3548,302.06850282485874,0.003,0.5,0.057,86.0,80.0,1.0,0.3030511272141707,0.6234814814814815,0.07346457326892109,30698,0.941,26000000,252.6495062237185
0.01,34.0,46127.0,Serbia,13.0,15177.0,40249472482,0.105,577,279.0,0.007,0.4,0.118,76.0,71.0,1.2,0.171,0.692,0.137,7320807,0.552,989000000,433.67727183063255
0.011,47.5,33890.0,Slovak Republic,18.0,16735.0,87239747152,0.092,1475,257.0,0.007,0.7,0.14810265957446808,79.0,71.0,1.0,0.153,0.726,0.121,5386406,0.55,2539000000,463.70245411028617
0.011,36.7,15310.0,Slovenia,6.0,7097.0,49208375314,0.092,2235,260.0,0.003,0.6,0.059,82.0,76.0,1.0,0.14,0.696,0.165,2039669,0.501,2735000000,445.16606191272933
0.011,57.1,288237.0,Spain,47.0,127732.0,1454335843720,0.096,3058,213.0,0.004,0.6,0.14810265957446808,85.0,79.0,1.1,0.148,0.682,0.17,46362946,0.782,59743000000,568.7965531606407
0.012,53.9,43744.0,Sweden,16.0,45407.0,405783038816,0.099,4357,122.0,0.003,0.9,0.14810265957446808,83.0,79.0,1.1,0.166,0.655,0.179,9298515,0.849,10100000000,541.5863393933726
0.01,28.7,41598.0,Switzerland,18.0,26968.0,509466368829,0.11,7277,63.0,0.004,0.8,0.028,84.0,80.0,1.2,0.152,0.681,0.167,7743831,0.736,16665000000,542.5483271117731
0.018,43.3,277845.0,Turkey,6.0,97661.0,614553921823,0.067,580,223.0,0.021,0.4,0.14810265957446808,77.0,70.0,0.9,0.271,0.66,0.069,71241080,0.701,26331000000,499.2914245727348
0.011,57.2,261813.0,Ukraine,27.0,114420.0,117227769792,0.078,198,736.0,0.011,0.2,0.209,75.0,64.0,1.2,0.139,0.702,0.159,46053300,0.685,4349000000,485.99473659663107
0.013,34.9,475108.0,United Kingdom,12.0,196485.0,2208001972524,0.099,3512,110.0,0.005,0.8,0.006,82.0,78.0,1.2,0.176,0.66,0.164,62276270,0.81,38564000000,616.8426746868607
0.017,13.5,24169.0,Bahrain,9.0,9340.0,22938464723,0.045,729,36.0,0.007,0.5,0.079,77.0,75.0,1.2,0.205,0.775,0.02,1191539,0.885,1873000000,408.3401331608162
0.019,44.2,577483.0,"Iran, Islamic Rep.",9.0,213423.0,362661111280,0.072,357,344.0,0.017,0.1,0.12,75.0,71.0,0.7,0.237,0.712,0.051,73542954,0.7,2259000000,522.7480862675988
0.033,27.8,106651.0,Iraq,32.0,32846.0,111659988889,0.046,143,312.0,0.031,0.0,0.156,72.0,65.0,0.7,0.415,0.551,0.034,30163199,0.69,1432000000,437.76925223657327
0.022,31.9,67029.0,Israel,20.0,21463.0,205790471988,0.076,1973,230.0,0.004,0.6,0.042,83.0,80.0,1.2,0.272,0.624,0.104,7485600,0.918,5067000000,491.4231026375993
0.029,31.1,21254.0,Jordan,12.0,7458.0,23818322918,0.095,368,136.0,0.018,0.3,0.092,75.0,72.0,1.0,0.356,0.61,0.034,5915000,0.822,3472000000,437.113214369938
0.021,10.7,81869.0,Kuwait,35.0,30815.0,105911338608,0.039,1463,98.0,0.01,0.5,0.062,75.0,73.0,0.9,0.253,0.724,0.023,2850102,0.982,660000000,512.5714736717125
0.013,30.2,20917.0,Lebanon,9.0,6652.0,35139635158,0.074,604,180.0,0.009,0.3,0.096,81.0,77.0,0.6,0.247,0.67,0.083,4246924,0.871,7157000000,498.10200943268046
0.022,21.6,40264.0,Oman,12.0,18279.0,48242913263,0.03,511,62.0,0.01,0.3,0.074,78.0,74.0,1.5,0.292,0.683,0.024,2663224,0.746,1092000000,440.234946475299
0.012,11.3,66120.0,Qatar,7.0,24942.0,97798348830,0.026,1647,36.0,0.008,0.5,0.07,79.0,77.0,1.2,0.146,0.843,0.011,1564082,0.985,26000000,252.6495062237185
0.021,14.5,431027.0,Saudi Arabia,21.0,175675.0,429097866667,0.041,582,79.0,0.015,0.4,0.14810265957446808,77.0,73.0,1.7,0.313,0.657,0.03,26796375,0.819,6744000000,565.6090248390306
0.025,39.7,62112.0,Syrian Arab Republic,15.0,21233.0,1001970945,0.035,95,336.0,0.014,0.2,0.1,77.0,73.0,0.5,0.361,0.602,0.036,21031546,0.553,3781000000,428.61682299165045
0.016,14.1,162602.0,United Arab Emirates,15.0,60672.0,254803438184,0.034,1336,12.0,0.008,0.6,0.14810265957446808,77.0,75.0,1.4,0.141,0.855,0.004,7718319,0.837,7352000000,531.7618686411993
0.033,47.8,23058.0,"Yemen, Rep.",12.0,7764.0,27838718233,0.053,65,248.0,0.048,0.1,0.18,64.0,61.0,0.4,0.427,0.547,0.027,22229625,0.312,899000000,377.89525149729576
0.022714893617021278,44.1,142307.10776470587,American Samoa,39.99941792782305,77236.84089635854,1001970945,0.06416951983298538,15,302.06850282485874,0.032813011456628474,0.23974713551955748,0.14810265957446808,71.15926791277259,66.46183800623054,0.5781237682301931,0.3030511272141707,0.6234814814814815,0.07346457326892109,56245,0.877,26000000,252.6495062237185
0.014,47.6,395094.0,Australia,3.0,122108.0,926710311519,0.09,4118,107.0,0.004,0.7,0.06,84.0,79.0,1.0,0.19,0.677,0.133,21691700,0.886,28022000000,566.8847393514421
0.022,41.2,847.0,Fiji,46.0,77236.84089635854,2925499821,0.042,143,150.0,0.02,0.2,0.079,72.0,66.0,0.8,0.292,0.662,0.047,852479,0.514,724000000,342.84192022529453
0.017,44.1,873.0,French Polynesia,39.99941792782305,77236.84089635854,1001970945,0.06416951983298538,15,302.06850282485874,0.032813011456628474,0.4,0.14810265957446808,78.0,73.0,0.8,0.244,0.692,0.065,265412,0.566,440000000,357.7914867451716
0.018,44.1,142307.10776470587,Guam,39.99941792782305,77236.84089635854,1001970945,0.06416951983298538,15,302.06850282485874,0.032813011456628474,0.5,0.14810265957446808,81.0,75.0,0.5781237682301931,0.279,0.65,0.071,158621,0.94,26000000,252.6495062237185
0.024,31.8,40.0,Kiribati,31.0,77236.84089635854,127125253,0.115,143,120.0,0.049,0.1,0.14810265957446808,70.0,65.0,0.1,0.343,0.619,0.038,96272,0.437,2700000,262.57847768401695
0.022714893617021278,64.8,103.0,Marshall Islands,17.0,77236.84089635854,151560778,0.175,551,128.0,0.032,0.1,0.14810265957446808,71.15926791277259,66.46183800623054,0.5781237682301931,0.3030511272141707,0.6234814814814815,0.07346457326892109,52341,0.711,3500000,252.6495062237185
0.024,58.7,99.0,"Micronesia, Fed. Sts.",16.0,77236.84089635854,277510923,0.134,357,128.0,0.033,0.2,0.154,69.0,68.0,0.3,0.374,0.588,0.039,103983,0.223,27000000,252.6495062237185
0.016,44.1,2849.0,New Caledonia,39.99941792782305,77236.84089635854,1001970945,0.06416951983298538,15,302.06850282485874,0.032813011456628474,0.3,0.14810265957446808,81.0,72.0,0.9,0.241,0.668,0.091,245580,0.666,141000000,359.1521128474754
0.014,33.2,32325.0,New Zealand,1.0,17469.0,118952832655,0.1,2702,172.0,0.005,0.8,0.067,83.0,79.0,1.1,0.207,0.666,0.127,4315800,0.861,4591000000,469.6346350533585
0.031,42.1,3333.0,Papua New Guinea,51.0,77236.84089635854,7914594203,0.042,50,194.0,0.052,0.0,0.101,64.0,60.0,0.2,0.393,0.579,0.027,6704829,0.13,2100000,349.62688990362375
0.028,18.9,161.0,Samoa,9.0,77236.84089635854,501065927,0.057,160,224.0,0.016,0.1,0.121,75.0,69.0,0.5781237682301931,0.385,0.565,0.05,184704,0.203,115000000,282.6178872213985
0.033,26.1,198.0,Solomon Islands,56.0,77236.84089635854,597765363,0.078,91,80.0,0.028,0.0,0.153,68.0,66.0,0.1,0.409,0.559,0.032,514964,0.196,50000000,304.33398001746787
0.028,27.5,172.0,Tonga,25.0,77236.84089635854,318522296,0.046,145,164.0,0.012,0.1,0.125,75.0,69.0,0.5,0.376,0.565,0.059,103557,0.233,16800000,281.0718956779318
0.028,8.4,117.0,Vanuatu,47.0,77236.84089635854,610075807,0.039,103,120.0,0.016,0.1,0.055,73.0,69.0,0.6,0.385,0.576,0.039,230833,0.243,214000000,294.04413328293447
0.017,41.0,499.0,Antigua and Barbuda,21.0,77236.84089635854,1206296296,0.046,638,207.0,0.009,0.4,0.101,78.0,73.0,1.6,0.267,0.661,0.073,86300,0.268,305000000,317.0000287821119
0.017,107.6,179639.0,Argentina,26.0,76075.0,378496221141,0.094,726,453.0,0.013,0.3,0.157,79.0,72.0,1.3,0.251,0.643,0.105,40023641,0.908,4476000000,505.13661247305464
0.011,44.1,2296.0,Aruba,39.99941792782305,77236.84089635854,2498932961,0.06416951983298538,15,302.06850282485874,0.032813011456628474,0.6,0.108,77.0,72.0,1.3,0.21,0.69,0.099,101418,0.434,1224000000,376.17534969760334
0.016,44.9,1643.0,"Bahamas, The",31.0,77236.84089635854,7820420000,0.074,1640,58.0,0.012,0.3,0.055,78.0,71.0,1.0,0.23,0.702,0.068,354492,0.825,2025000000,390.9061989698974
0.013,44.1,1624.0,Barbados,39.99941792782305,77236.84089635854,4592650000,0.08,1025,302.06850282485874,0.014,0.6,0.092,77.0,72.0,1.2,0.195,0.701,0.104,279006,0.322,1122000000,380.081662280396
0.025,33.2,414.0,Belize,44.0,77236.84089635854,1338500000,0.058,259,147.0,0.016,0.1,0.141,76.0,70.0,0.5,0.36,0.601,0.039,301016,0.452,256000000,308.9407589229987
0.012,44.1,466.0,Bermuda,39.99941792782305,77236.84089635854,5806378000,0.06416951983298538,15,302.06850282485874,0.032813011456628474,0.8,0.14810265957446808,82.0,77.0,1.3,0.3030511272141707,0.6234814814814815,0.07346457326892109,65636,1.0,366000000,393.00381198082215
0.027,80.0,14408.0,Bolivia,50.0,6203.0,17339992165,0.058,100,1080.0,0.036,0.2,0.124,68.0,64.0,0.6,0.365,0.589,0.046,9993406,0.66,306000000,391.1105811494738
0.016,65.6,367147.0,Brazil,119.0,240464.0,1620188056417,0.088,733,2600.0,0.016,0.4,0.447,77.0,69.0,0.9,0.259,0.673,0.067,193490922,0.84,5635000000,541.9705318907739
0.011,42.3,513937.0,Canada,5.0,251326.0,1370839154047,0.114,4528,119.0,0.005,0.8,0.024,83.0,79.0,0.7,0.166,0.695,0.139,33628571,0.808,15568000000,582.0941565248769
0.016,44.1,587.0,Cayman Islands,39.99941792782305,77236.84089635854,1001970945,0.06416951983298538,15,302.06850282485874,0.032813011456628474,0.6,0.14810265957446808,71.15926791277259,66.46183800623054,2.0,0.3030511272141707,0.6234814814814815,0.07346457326892109,54275,1.0,458000000,346.0716949116229
0.014,24.8,67267.0,Chile,27.0,29484.0,172323378550,0.075,760,316.0,0.008,0.4,0.073,82.0,76.0,1.0,0.226,0.685,0.089,16991729,0.884,2350000000,446.53581505166414
0.02,80.3,70850.0,Colombia,20.0,30815.0,233821670544,0.07,358,208.0,0.016,0.3,0.13,77.0,70.0,0.9,0.291,0.654,0.055,45802561,0.747,2609000000,464.68741953496783
0.016,55.2,7818.0,Costa Rica,60.0,4561.0,29382692643,0.097,619,282.0,0.009,0.3,0.197,81.0,77.0,0.4,0.255,0.682,0.064,4601424,0.706,2001000000,398.0454116598948
0.01,44.1,29901.0,Cuba,39.99941792782305,12346.0,62078610000,0.117,651,302.06850282485874,0.005,0.1,0.14810265957446808,81.0,77.0,0.1,0.177,0.701,0.121,11288826,0.765,2082000000,252.6495062237185
0.013,44.1,142307.10776470587,Curacao,39.99941792782305,77236.84089635854,1001970945,0.06416951983298538,15,302.06850282485874,0.032813011456628474,0.23974713551955748,0.14810265957446808,80.0,72.0,1.4,0.2,0.67,0.13,145890,0.9,378000000,375.13763582600546
0.022714893617021278,37.0,128.0,Dominica,13.0,77236.84089635854,482592593,0.05,342,117.0,0.011,0.4,0.1,71.15926791277259,66.46183800623054,1.4,0.3030511272141707,0.6234814814814815,0.07346457326892109,70996,0.678,79000000,268.3194695609425
0.022,38.4,20323.0,Dominican Republic,13.0,6941.0,46484962937,0.054,256,324.0,0.026,0.3,0.181,76.0,70.0,0.9,0.315,0.625,0.059,9884265,0.725,4049000000,403.00931976970924
0.022,34.9,30473.0,Ecuador,64.0,12678.0,62519686000,0.071,302,600.0,0.022,0.2,0.14810265957446808,78.0,73.0,0.9,0.313,0.627,0.061,14756424,0.625,674000000,420.56142404359406
0.021,34.8,6476.0,El Salvador,17.0,4214.0,20661000000,0.068,228,320.0,0.016,0.1,0.14810265957446808,76.0,67.0,1.2,0.328,0.604,0.068,6183484,0.638,549000000,374.37993316982545
0.016,44.1,557.0,Greenland,39.99941792782305,77236.84089635854,1267711816,0.06416951983298538,15,302.06850282485874,0.032813011456628474,0.6,0.14810265957446808,73.0,68.0,0.9,0.3030511272141707,0.6234814814814815,0.07346457326892109,56323,0.841,26000000,252.6495062237185
0.019,45.3,253.0,Grenada,20.0,77236.84089635854,771481468,0.062,462,140.0,0.012,0.2,0.11,75.0,70.0,1.1,0.279,0.648,0.073,104296,0.357,112000000,259.7930106370605
0.033,40.9,11844.0,Guatemala,37.0,9318.0,37733606156,0.071,190,344.0,0.029,0.1,0.138,74.0,67.0,1.2,0.419,0.537,0.044,13988988,0.489,1179000000,423.3209889506143
0.022,38.8,1555.0,Guyana,30.0,77236.84089635854,2025565089,0.064,165,288.0,0.033,0.2,0.145,68.0,63.0,0.6,0.376,0.591,0.033,781055,0.282,35000000,315.6575582064916
0.027,40.4,2263.0,Haiti,195.0,2732.0,6584649419,0.065,43,184.0,0.06,0.1,0.173,63.0,60.0,0.4,0.365,0.59,0.044,9765153,0.505,312000000,395.4628709829693
0.027,44.1,7866.0,Honduras,14.0,4453.0,14587485644,0.091,173,224.0,0.022,0.1,0.194,75.0,70.0,1.1,0.374,0.584,0.043,7469844,0.511,616000000,388.26292691034877
0.016,49.9,8592.0,Jamaica,8.0,3022.0,12125023181,0.052,229,414.0,0.016,0.2,0.164,75.0,70.0,1.1,0.296,0.626,0.078,2681386,0.536,2070000000,375.2875037445113
0.02,51.0,446237.0,Mexico,11.0,175752.0,895313142212,0.064,526,517.0,0.015,0.3,0.071,79.0,74.0,0.7,0.305,0.636,0.058,116422752,0.775,12542000000,523.9902225407109
0.024,63.2,4496.0,Nicaragua,39.0,2903.0,8380736990,0.077,109,240.0,0.023,0.1,0.14,77.0,70.0,0.6,0.351,0.604,0.045,5743329,0.57,334000000,381.00280062343484
0.021,43.8,8636.0,Panama,12.0,3367.0,25925100000,0.081,541,482.0,0.017,0.4,0.082,80.0,74.0,1.7,0.296,0.638,0.066,3615846,0.648,2280000000,401.44533246479364
0.025,35.0,4518.0,Paraguay,35.0,4476.0,15929903100,0.075,187,328.0,0.021,0.2,0.283,74.0,70.0,0.9,0.34,0.61,0.051,6347383,0.583,225000000,370.53295437554016
0.021,37.2,47356.0,Peru,41.0,17200.0,121203519256,0.053,234,380.0,0.016,0.3,0.21,76.0,71.0,0.9,0.304,0.637,0.059,28934303,0.766,2440000000,443.6327456682307
0.012,60.6,142307.10776470587,Puerto Rico,7.0,77236.84089635854,96385638000,0.06416951983298538,15,218.0,0.032813011456628474,0.4,0.14810265957446808,82.0,74.0,0.7,0.208,0.664,0.128,3740410,0.939,3176000000,443.089353885647
0.022714893617021278,44.1,142307.10776470587,Sint Maarten (Dutch part),39.99941792782305,77236.84089635854,1001970945,0.06416951983298538,15,302.06850282485874,0.032813011456628474,0.23974713551955748,0.14810265957446808,78.0,73.0,0.5781237682301931,0.3030511272141707,0.6234814814814815,0.07346457326892109,39133,1.0,619000000,340.7679621610493
0.022714893617021278,52.5,260.0,St. Kitts and Nevis,19.0,77236.84089635854,708888889,0.05,686,155.0,0.009,0.7,0.088,71.15926791277259,66.46183800623054,1.5,0.3030511272141707,0.6234814814814815,0.07346457326892109,51731,0.318,83000000,262.8745315809
0.017,34.4,385.0,St. Lucia,14.0,77236.84089635854,1180000000,0.081,537,92.0,0.014,0.4,0.106,77.0,72.0,1.1,0.258,0.66,0.083,175200,0.192,296000000,312.07547896619843
0.017,44.1,142307.10776470587,St. Martin (French part),39.99941792782305,77236.84089635854,1001970945,0.06416951983298538,15,302.06850282485874,0.032813011456628474,0.23974713551955748,0.14810265957446808,82.0,75.0,0.5781237682301931,0.3030511272141707,0.6234814814814815,0.07346457326892109,29820,0.5629525765496639,26000000,252.6495062237185
0.017,41.0,202.0,St. Vincent and the Grenadines,11.0,77236.84089635854,674814815,0.051,317,111.0,0.019,0.3,0.092,74.0,70.0,1.1,0.269,0.663,0.068,109249,0.484,88000000,270.75280671761607
0.019,27.9,2468.0,Suriname,694.0,77236.84089635854,3875409836,0.061,457,199.0,0.023,0.3,0.117,73.0,67.0,1.5,0.29,0.647,0.064,520173,0.664,70000000,301.746730169669
0.015,33.1,48177.0,Trinidad and Tobago,43.0,20277.0,19332270662,0.061,887,210.0,0.021,0.4,0.119,73.0,66.0,1.4,0.208,0.711,0.081,1322518,0.092,548000000,350.74418116202526
0.022714893617021278,44.1,161.0,Turks and Caicos Islands,39.99941792782305,77236.84089635854,1001970945,0.06416951983298538,15,302.06850282485874,0.032813011456628474,0.23974713551955748,0.14810265957446808,71.15926791277259,66.46183800623054,0.5781237682301931,0.3030511272141707,0.6234814814814815,0.07346457326892109,30247,0.898,26000000,252.6495062237185
0.014,46.1,5311840.0,United States,5.0,2164458.0,14417900000000,0.177,8009,187.0,0.006,0.7,0.033,81.0,76.0,0.9,0.2,0.672,0.128,306771529,0.806,149510000000,644.6211246879218
0.015,41.9,7891.0,Uruguay,65.0,4134.0,30461322555,0.089,803,336.0,0.011,0.4,0.153,80.0,73.0,1.2,0.228,0.634,0.138,3360431,0.942,1460000000,396.28150012214894
0.021,60.4,185341.0,"Venezuela, RB",141.0,69597.0,329419189567,0.058,665,864.0,0.014,0.3,0.199,77.0,71.0,1.0,0.298,0.647,0.055,28583040,0.887,1055000000,464.1976204514648
0.012,44.1,142307.10776470587,Virgin Islands (U.S.),39.99941792782305,77236.84089635854,1001970945,0.06416951983298538,15,302.06850282485874,0.032813011456628474,0.3,0.14810265957446808,82.0,76.0,0.5781237682301931,0.208,0.662,0.13,106707,0.944,1021000000,252.6495062237185
0.025,72.0,123475.0,Algeria,25.0,40105.0,161207304960,0.042,181,451.0,0.024,0.1,0.08,72.0,69.0,0.9,0.271,0.681,0.047,37062820,0.675,323000000,416.898744375574
0.046,52.1,30418.0,Angola,66.0,13378.0,82470894868,0.034,144,282.0,0.11,0.1,0.225,52.0,49.0,0.5,0.478,0.498,0.024,19549124,0.401,726000000,377.6135704850927
0.038,65.9,5189.0,Benin,31.0,3653.0,6558416322,0.043,30,270.0,0.062,0.0,0.14810265957446808,60.0,57.0,0.7,0.434,0.537,0.029,9509798,0.419,149000000,335.8558401430872
0.024,19.5,5233.0,Botswana,60.0,2263.0,13746712706,0.056,394,152.0,0.04,0.1,0.115,46.0,47.0,1.2,0.343,0.623,0.035,1969341,0.562,80000000,335.04179516202726
0.043,44.8,1683.0,Burkina Faso,14.0,77236.84089635854,9209288383,0.074,41,270.0,0.07,0.0,0.14810265957446808,56.0,54.0,0.4,0.46,0.515,0.025,15540284,0.257,105000000,342.84192022529453
0.045,154.5,308.0,Burundi,13.0,77236.84089635854,2026864414,0.088,19,211.0,0.061,0.0,0.124,54.0,51.0,0.2,0.439,0.535,0.025,9232753,0.106,2100000,301.746730169669
0.039,48.8,7235.0,Cameroon,19.0,6944.0,22493301699,0.053,57,654.0,0.066,0.0,0.14810265957446808,55.0,53.0,0.4,0.434,0.533,0.032,20624343,0.515,171000000,376.17534969760334
0.035,203.8,264.0,Central African Republic,23.0,77236.84089635854,1986014759,0.039,18,504.0,0.103,0.0,0.14810265957446808,50.0,46.0,0.2,0.406,0.555,0.039,4349921,0.388,7200000,321.3552590380074
0.047,75.8,469.0,Chad,64.0,77236.84089635854,10657705072,0.04,29,732.0,0.094,0.0,0.14810265957446808,51.0,49.0,0.2,0.488,0.487,0.025,11720781,0.22,26000000,252.6495062237185
0.037,217.9,139.0,Comoros,22.0,77236.84089635854,543376206,0.034,27,100.0,0.063,0.1,0.105,62.0,59.0,0.2,0.422,0.549,0.029,683081,0.279,35000000,280.89591025137327
0.044,339.1,3040.0,"Congo, Dem. Rep.",84.0,23766.0,20523286237,0.07,15,336.0,0.092,0.0,0.565,51.0,47.0,0.2,0.455,0.517,0.028,62191161,0.399,10700000,354.42376789407126
0.039,66.3,2028.0,"Congo, Rep.",161.0,1511.0,12007880067,0.023,67,606.0,0.042,0.1,0.14810265957446808,59.0,56.0,0.9,0.422,0.544,0.034,4111715,0.632,26000000,252.6495062237185
0.037,44.2,5805.0,Cote d'Ivoire,40.0,9800.0,22920779598,0.069,83,270.0,0.077,0.0,0.14810265957446808,50.0,49.0,0.8,0.418,0.551,0.031,18976588,0.506,213000000,406.4010452428428
0.028,37.8,539.0,Djibouti,37.0,77236.84089635854,1128611700,0.088,111,90.0,0.062,0.1,0.103,62.0,59.0,0.2,0.341,0.622,0.037,834036,0.77,18000000,283.44872392072375
0.024,42.6,204776.0,"Egypt, Arab Rep.",8.0,73575.0,218887812550,0.048,126,433.0,0.02,0.3,0.11,73.0,68.0,0.9,0.315,0.63,0.055,78075705,0.43,13633000000,471.54274637008297
0.037,44.1,4679.0,Equatorial Guinea,135.0,77236.84089635854,11586407487,0.043,757,492.0,0.076,0.1,0.14810265957446808,53.0,50.0,0.6,0.393,0.578,0.029,696167,0.392,26000000,252.6495062237185
0.038,84.5,513.0,Eritrea,84.0,745.0,2117039511,0.032,12,216.0,0.039,0.0,0.14810265957446808,64.0,59.0,0.0,0.43,0.549,0.021,5741159,0.206,26000000,252.6495062237185
0.035,30.3,6494.0,Ethiopia,15.0,33250.0,29385611867,0.047,14,198.0,0.051,0.0,0.14810265957446808,63.0,60.0,0.1,0.444,0.523,0.033,87095281,0.173,1434000000,352.62662383774034
0.033,43.5,2574.0,Gabon,57.0,1984.0,14569527125,0.035,322,488.0,0.043,0.1,0.14810265957446808,63.0,61.0,1.0,0.386,0.56,0.053,1556222,0.857,26000000,252.6495062237185
0.043,292.1,473.0,"Gambia, The",27.0,77236.84089635854,951805801,0.047,27,376.0,0.052,0.1,0.27,59.0,57.0,0.9,0.46,0.515,0.025,1680640,0.563,80000000,262.8745315809
0.032,32.5,8999.0,Ghana,12.0,10011.0,32174210793,0.053,70,224.0,0.055,0.1,0.14810265957446808,62.0,60.0,0.7,0.39,0.575,0.035,24262901,0.507,706000000,424.2653530202972
0.038,87.9,1236.0,Guinea,40.0,77236.84089635854,4735956476,0.062,27,416.0,0.071,0.0,0.14810265957446808,56.0,55.0,0.4,0.428,0.54,0.032,10876033,0.349,2000000,277.18000952438166
0.039,45.9,238.0,Guinea-Bissau,216.0,77236.84089635854,835390893,0.071,38,208.0,0.085,0.0,0.14810265957446808,55.0,52.0,0.4,0.419,0.551,0.03,1586624,0.452,13600000,295.836589428997
0.037,49.3,12427.0,Kenya,33.0,19719.0,32440133261,0.044,35,393.0,0.052,0.1,0.144,61.0,58.0,0.6,0.426,0.548,0.026,40909194,0.236,1620000000,367.56929714085123
0.028,19.6,18.0,Lesotho,40.0,77236.84089635854,2175685681,0.108,118,324.0,0.077,0.0,0.112,48.0,47.0,0.5,0.376,0.581,0.043,2008921,0.248,25000000,378.0353693411889
0.037,42.9,799.0,Liberia,20.0,77236.84089635854,1292696476,0.131,43,141.0,0.06,0.0,0.142,60.0,59.0,0.4,0.433,0.536,0.031,3957990,0.478,12000000,350.1894818973881
0.022,44.1,59035.0,Libya,39.99941792782305,21611.0,74755288917,0.033,389,302.06850282485874,0.014,0.1,0.06,77.0,73.0,1.8,0.294,0.66,0.046,6040612,0.776,170000000,462.4402470681881
0.035,37.7,2013.0,Madagascar,7.0,77236.84089635854,8704983553,0.045,19,201.0,0.044,0.0,0.49,65.0,62.0,0.4,0.434,0.537,0.028,21079532,0.319,633000000,342.84192022529453
0.041,25.9,1239.0,Malawi,39.0,77236.84089635854,5398616985,0.085,30,157.0,0.053,0.0,0.246,54.0,53.0,0.2,0.458,0.511,0.031,15013694,0.155,47000000,336.6531428425032
0.048,51.4,623.0,Mali,8.0,77236.84089635854,9422267260,0.069,46,270.0,0.083,0.0,0.14810265957446808,54.0,54.0,0.5,0.468,0.503,0.029,13985961,0.36,296000000,371.52932875305333
0.035,68.2,2215.0,Mauritania,19.0,77236.84089635854,3526946625,0.06,58,696.0,0.07,0.0,0.17,63.0,60.0,0.8,0.406,0.563,0.031,3609420,0.567,26000000,252.6495062237185
0.012,27.2,4118.0,Mauritius,6.0,77236.84089635854,9718331363,0.054,427,161.0,0.013,0.3,0.089,77.0,69.0,1.0,0.212,0.711,0.077,1280924,0.406,1585000000,394.53411071814617
0.022,49.6,50608.0,Morocco,12.0,16183.0,90770671432,0.059,168,358.0,0.029,0.5,0.14810265957446808,72.0,68.0,1.0,0.281,0.669,0.05,31642360,0.577,8176000000,455.9935533672484
0.041,37.5,2882.0,Mozambique,13.0,9875.0,9274448732,0.057,22,230.0,0.072,0.0,0.163,50.0,48.0,0.3,0.453,0.514,0.032,23967265,0.31,224000000,375.43682389332946
0.027,22.3,3176.0,Namibia,66.0,1552.0,11141417478,0.082,416,339.0,0.038,0.1,0.097,65.0,60.0,0.9,0.377,0.589,0.034,2178967,0.416,560000000,353.1484461045502
0.05,46.5,1412.0,Niger,17.0,77236.84089635854,5718589550,0.069,24,270.0,0.066,0.0,0.14810265957446808,57.0,57.0,0.2,0.498,0.476,0.026,15893746,0.176,86000000,252.6495062237185
0.042,32.2,78910.0,Nigeria,25.0,115138.0,369062403182,0.056,80,938.0,0.082,0.2,0.176,52.0,51.0,0.5,0.44,0.532,0.027,159707780,0.435,738000000,522.0765456714545
0.037,31.0,594.0,Rwanda,3.0,77236.84089635854,5624809049,0.108,56,148.0,0.044,0.1,0.167,64.0,61.0,0.3,0.447,0.53,0.023,10836732,0.24,224000000,346.0716949116229
0.036,33.3,99.0,Sao Tome and Principe,144.0,77236.84089635854,201037917,0.071,86,424.0,0.04,0.2,0.289,68.0,64.0,0.6,0.416,0.548,0.036,178228,0.619,11100000,177.0146855471984
0.039,45.5,7059.0,Senegal,9.0,3426.0,12932427724,0.048,48,666.0,0.047,0.2,0.14810265957446808,64.0,61.0,0.6,0.436,0.533,0.031,12950564,0.422,464000000,368.4636850659748
0.017,44.1,704.0,Seychelles,39.0,77236.84089635854,973355738,0.037,394,76.0,0.012,0.4,0.127,78.0,69.0,1.3,0.223,0.701,0.076,89770,0.523,29000000,237.92904148442395
0.038,235.2,689.0,Sierra Leone,12.0,77236.84089635854,2578159463,0.154,69,357.0,0.114,0.0,0.213,45.0,45.0,0.3,0.422,0.553,0.026,5751976,0.382,26000000,285.8315362616203
0.045,44.1,609.0,Somalia,39.99941792782305,77236.84089635854,1001970945,0.06416951983298538,15,302.06850282485874,0.097,0.23974713551955748,0.14810265957446808,56.0,52.0,0.1,0.477,0.495,0.028,9636173,0.373,26000000,252.6495062237185
0.022,30.0,460124.0,South Africa,22.0,142291.0,365208432989,0.087,615,200.0,0.035,0.2,0.098,56.0,53.0,1.0,0.297,0.651,0.052,50895698,0.622,10308000000,520.7493494001309
0.037,44.1,142307.10776470587,South Sudan,39.99941792782305,77236.84089635854,16338510934,0.021,32,302.06850282485874,0.071,0.23974713551955748,0.14810265957446808,54.0,52.0,0.5781237682301931,0.428,0.538,0.034,9940929,0.179,26000000,252.6495062237185
0.035,36.1,14173.0,Sudan,36.0,16605.0,65632237471,0.065,119,180.0,0.055,0.2,0.14810265957446808,63.0,60.0,0.4,0.421,0.548,0.031,35652002,0.331,94000000,434.01458489754384
0.031,36.5,1023.0,Swaziland,56.0,77236.84089635854,3891563478,0.084,261,104.0,0.063,0.1,0.098,48.0,49.0,0.6,0.388,0.578,0.033,1193148,0.215,51000000,334.21026925009124
0.041,44.4,6846.0,Tanzania,26.0,20043.0,22915004297,0.072,37,172.0,0.041,0.0,0.145,60.0,58.0,0.5,0.448,0.52,0.031,44973330,0.281,1279000000,423.2732253110719
0.037,50.3,1540.0,Togo,84.0,2692.0,3172945506,0.075,37,270.0,0.061,0.0,0.14810265957446808,56.0,55.0,0.4,0.421,0.552,0.027,6306014,0.375,105000000,335.04179516202726
0.019,62.3,25878.0,Tunisia,11.0,9674.0,44054072936,0.067,282,144.0,0.015,0.4,0.14810265957446808,77.0,73.0,1.0,0.235,0.696,0.069,10549100,0.659,3477000000,409.2774805786156
0.045,35.0,3784.0,Uganda,24.0,77236.84089635854,16030996179,0.092,43,161.0,0.051,0.1,0.202,58.0,56.0,0.4,0.489,0.487,0.024,33987213,0.145,802000000,398.2177940898307
0.043,14.3,2428.0,Zambia,18.0,8054.0,16190196832,0.061,75,183.0,0.064,0.1,0.209,56.0,53.0,0.4,0.469,0.504,0.027,13216985,0.387,125000000,348.4770806283819
0.032,39.1,9428.0,Zimbabwe,90.0,9000.0,9456808151,0.06416951983298538,15,242.0,0.059,0.1,0.14810265957446808,54.0,53.0,0.6,0.412,0.548,0.04,13076978,0.332,634000000,252.6495062237185
0.038,36.3,8236.0,Afghanistan,7.0,77236.84089635854,15936784436,0.087,43,275.0,0.075,0.0,0.157,61.0,58.0,0.5,0.486,0.492,0.022,28397812,0.247,138000000,333.78770643820366
0.014,38.6,4221.0,Armenia,14.0,2483.0,9260287416,0.046,143,581.0,0.016,0.3,0.192,78.0,71.0,1.3,0.205,0.689,0.105,2963496,0.636,456000000,398.3894721661928
0.018,40.9,45731.0,Azerbaijan,8.0,11586.0,52902703376,0.053,310,306.0,0.034,0.5,0.207,74.0,67.0,1.0,0.227,0.714,0.059,9054332,0.534,792000000,423.0336126014305
0.021,35.0,56153.0,Bangladesh,19.0,30756.0,100360101354,0.037,24,302.0,0.039,0.0,0.13,70.0,69.0,0.4,0.317,0.637,0.046,151125475,0.305,103000000,422.0124776842784
0.021,40.8,477.0,Bhutan,46.0,77236.84089635854,1585396256,0.041,90,274.0,0.034,0.1,0.14,67.0,67.0,0.6,0.298,0.657,0.045,716939,0.348,64000000,308.9407589229987
0.017,17.3,9160.0,Brunei Darussalam,105.0,3240.0,12369708859,0.027,844,144.0,0.008,0.5,0.055,80.0,76.0,1.1,0.266,0.697,0.037,400569,0.755,26000000,252.6495062237185
0.026,21.4,4180.0,Cambodia,102.0,5024.0,11242266334,0.058,46,173.0,0.037,0.0,0.14810265957446808,73.0,68.0,0.6,0.318,0.631,0.05,14364931,0.198,1332000000,376.6121468556659
0.012,63.5,8286892.0,China,38.0,2516731.0,5930502270317,0.05,216,358.0,0.014,0.3,0.058,76.0,74.0,0.6,0.181,0.735,0.084,1337705000,0.492,50154000000,615.781255671914
0.014,15.3,6241.0,Georgia,3.0,3122.0,11638536862,0.101,267,387.0,0.015,0.3,0.158,77.0,70.0,0.9,0.173,0.685,0.142,4452800,0.529,737000000,384.6136116471882
0.013,23.0,36289.0,"Hong Kong SAR, China",6.0,13838.0,228637697575,0.06416951983298538,15,80.0,0.032813011456628474,0.7,0.05,86.0,80.0,2.0,0.121,0.75,0.129,7024200,1.0,27208000000,556.2823260847957
0.021,64.9,2008823.0,India,29.0,723743.0,1708458876830,0.037,52,258.0,0.046,0.1,0.083,67.0,64.0,0.6,0.302,0.648,0.051,1205624648,0.309,14490000000,532.3950898942783
0.02,32.2,433989.0,Indonesia,50.0,211296.0,709190823320,0.029,86,266.0,0.027,0.1,0.133,72.0,68.0,0.9,0.298,0.652,0.05,240676485,0.499,7618000000,522.3647302672714
0.009,47.6,1170715.0,Japan,22.0,499092.0,5495387182996,0.096,4115,355.0,0.002,0.8,0.016,86.0,80.0,1.0,0.133,0.638,0.23,127450459,0.905,15356000000,595.0986078756209
0.023,28.6,248729.0,Kazakhstan,19.0,74443.0,148047348241,0.043,398,271.0,0.019,0.3,0.14810265957446808,73.0,64.0,1.2,0.249,0.684,0.067,16321581,0.537,1236000000,446.112295655872
0.014,44.1,71624.0,"Korea, Dem. Rep.",39.99941792782305,18794.0,1001970945,0.06416951983298538,15,302.06850282485874,0.025,0.23974713551955748,0.14810265957446808,72.0,66.0,0.0,0.227,0.686,0.088,24500520,0.602,26000000,252.6495062237185
0.009,28.8,567567.0,"Korea, Rep.",14.0,249964.0,1094499350178,0.073,1498,250.0,0.004,0.8,0.055,84.0,77.0,1.0,0.162,0.727,0.111,49410366,0.819,14398000000,564.4575303527325
0.027,30.6,6399.0,Kyrgyz Republic,10.0,2805.0,4794357795,0.067,60,202.0,0.027,0.2,0.315,74.0,65.0,1.0,0.3,0.655,0.044,5447900,0.353,336000000,392.1177214558109
0.028,32.3,1874.0,Lao PDR,93.0,77236.84089635854,7181441152,0.026,29,362.0,0.059,0.1,0.226,68.0,66.0,0.6,0.368,0.595,0.037,6395713,0.331,385000000,368.1082977460734
0.009,44.1,1030.0,"Macao SAR, China",39.99941792782305,77236.84089635854,28359706123,0.06416951983298538,15,302.06850282485874,0.032813011456628474,0.6,0.053,82.0,77.0,2.1,0.127,0.801,0.072,534626,1.0,28214000000,438.31420887977924
0.018,33.7,216804.0,Malaysia,17.0,72645.0,247533525518,0.04,345,145.0,0.007,0.6,0.05,77.0,72.0,1.2,0.277,0.675,0.048,28275835,0.709,18152000000,521.7756373009689
0.022,9.3,1074.0,Maldives,9.0,77236.84089635854,2134104884,0.058,379,302.06850282485874,0.011,0.3,0.104,78.0,76.0,1.5,0.3,0.65,0.05,325694,0.4,1713000000,374.2266900406287
0.023,24.3,11511.0,Mongolia,13.0,3454.0,6200357070,0.063,143,192.0,0.029,0.1,0.201,71.0,63.0,0.9,0.27,0.692,0.038,2712738,0.676,288000000,383.4038776500263
0.018,44.1,8995.0,Myanmar,39.99941792782305,13997.0,1001970945,0.019,15,302.06850282485874,0.044,0.0,0.17,67.0,63.0,0.0,0.261,0.688,0.051,51931231,0.314,91000000,316.3347702269611
0.023,31.7,3755.0,Nepal,31.0,10218.0,15994094607,0.059,36,338.0,0.036,0.1,0.08,68.0,66.0,0.3,0.371,0.58,0.049,26846016,0.168,378000000,403.391432060557
0.027,30.9,161396.0,Pakistan,21.0,84311.0,177165635077,0.03,30,560.0,0.073,0.1,0.14,67.0,65.0,0.6,0.354,0.602,0.043,173149306,0.366,998000000,442.60066608144297
0.025,43.8,81591.0,Philippines,37.0,40512.0,199589447424,0.042,90,195.0,0.025,0.3,0.077,72.0,65.0,0.9,0.353,0.61,0.037,93444322,0.453,3228000000,490.92913799319354
0.009,25.4,13520.0,Singapore,3.0,34280.0,236420337243,0.041,1893,84.0,0.002,0.7,0.054,84.0,79.0,1.5,0.173,0.736,0.09,5076700,1.0,14178000000,559.4071399705105
0.018,96.6,12710.0,Sri Lanka,37.0,9844.0,49567521670,0.034,82,256.0,0.009,0.1,0.102,77.0,71.0,0.8,0.251,0.671,0.078,20653000,0.183,1044000000,421.6666641426456
0.033,84.0,2860.0,Tajikistan,27.0,2370.0,5642178580,0.06,44,224.0,0.045,0.1,0.242,70.0,64.0,0.8,0.359,0.608,0.033,7627326,0.265,32400000,278.71331098009074
0.011,36.9,295282.0,Thailand,32.0,117429.0,318907930076,0.038,183,264.0,0.013,0.2,0.059,77.0,71.0,1.1,0.193,0.718,0.089,66402316,0.441,23809000000,514.8596091120107
0.036,11.0,183.0,Timor-Leste,110.0,77236.84089635854,934300000,0.056,46,276.0,0.052,0.0,0.11,68.0,64.0,0.4,0.473,0.496,0.031,1066409,0.295,31000000,325.2618842822488
0.022,44.1,53054.0,Turkmenistan,39.99941792782305,22675.0,22148070175,0.021,95,302.06850282485874,0.051,0.0,0.14810265957446808,69.0,61.0,0.6,0.292,0.666,0.041,5041995,0.484,26000000,252.6495062237185
0.023,95.6,104443.0,Uzbekistan,15.0,43747.0,39332770929,0.054,75,205.0,0.04,0.2,0.14810265957446808,71.0,65.0,0.8,0.298,0.658,0.044,28562400,0.362,121000000,252.6495062237185
0.016,32.9,150230.0,Vietnam,38.0,58912.0,115931749905,0.069,83,941.0,0.021,0.3,0.131,80.0,71.0,1.3,0.235,0.7,0.065,86932500,0.304,4450000000,445.56996439206176
0.013,33.1,4283.0,Albania,6.0,2059.0,11926953259,0.055,207,360.0,0.015,0.5,0.128,80.0,74.0,0.9,0.228,0.671,0.101,2856673,0.522,1780000000,445.10805978266865
0.01,44.1,517.0,Andorra,39.99941792782305,77236.84089635854,1001970945,0.072,2958,302.06850282485874,0.002,0.8,0.14810265957446808,71.15926791277259,66.46183800623054,0.8,0.3030511272141707,0.6234814814814815,0.07346457326892109,77907,0.878,26000000,252.6495062237185
0.009,53.2,66897.0,Austria,25.0,34228.0,377679836477,0.116,5272,170.0,0.004,0.8,0.14810265957446808,83.0,78.0,1.5,0.148,0.674,0.178,8389771,0.659,20980000000,539.4362432258158
0.011,80.5,62222.0,Belarus,10.0,27686.0,55220932614,0.056,323,798.0,0.005,0.3,0.092,77.0,65.0,1.1,0.148,0.712,0.139,9490000,0.746,665000000,417.5039556217825
0.012,56.7,108947.0,Belgium,4.0,60892.0,471218301721,0.105,4570,156.0,0.004,0.8,0.14810265957446808,83.0,78.0,1.1,0.168,0.661,0.172,10920272,0.976,11624000000,564.6262763140471
0.009,22.2,31125.0,Bosnia and Herzegovina,64.0,6451.0,16775919279,0.098,427,422.0,0.007,0.5,0.079,78.0,73.0,0.8,0.174,0.675,0.151,3845929,0.392,662000000,373.45171744268976
0.01,28.0,44679.0,Bulgaria,18.0,17897.0,47726575741,0.076,480,616.0,0.011,0.5,0.111,77.0,70.0,1.4,0.133,0.683,0.183,7395599,0.723,4035000000,442.96768765855427
0.01,22.1,20884.0,Croatia,9.0,8564.0,58873994412,0.078,1051,196.0,0.005,0.6,0.104,80.0,74.0,1.1,0.153,0.672,0.175,4417781,0.575,8255000000,423.17753949004737
0.012,22.3,7708.0,Cyprus,8.0,2443.0,23132450331,0.074,2012,149.0,0.003,0.5,0.14810265957446808,81.0,77.0,0.9,0.178,0.707,0.116,1103685,0.676,2371000000,445.1950345222597
0.011,48.0,111752.0,Czech Republic,20.0,44043.0,198493579255,0.074,1404,557.0,0.003,0.7,0.059,81.0,74.0,1.2,0.142,0.704,0.154,10474410,0.733,8017000000,490.63234262448174
0.011,28.1,46303.0,Denmark,6.0,19307.0,312949418349,0.111,6266,135.0,0.003,0.9,0.14810265957446808,81.0,77.0,1.2,0.18,0.654,0.167,5547683,0.868,5704000000,525.764734163285
0.012,48.6,18339.0,Estonia,7.0,5568.0,19033475893,0.063,894,81.0,0.004,0.7,0.078,81.0,71.0,1.3,0.154,0.671,0.175,1331475,0.681,1412000000,416.11592825232356
0.022714893617021278,44.1,711.0,Faeroe Islands,39.99941792782305,77236.84089635854,1001970945,0.06416951983298538,15,302.06850282485874,0.032813011456628474,0.8,0.14810265957446808,84.0,79.0,1.2,0.3030511272141707,0.6234814814814815,0.07346457326892109,49581,0.409,26000000,252.6495062237185
0.011,40.8,61844.0,Finland,14.0,36429.0,236706436523,0.09,3978,243.0,0.003,0.9,0.14810265957446808,83.0,77.0,1.6,0.165,0.664,0.171,5363352,0.836,4510000000,501.07599290948247
0.013,64.8,361273.0,France,7.0,261157.0,2565039332951,0.117,4634,132.0,0.004,0.8,0.14810265957446808,85.0,78.0,0.9,0.184,0.648,0.168,65023142,0.783,56139000000,602.9634685104668
0.008,47.0,745384.0,Germany,15.0,329769.0,3304439018398,0.115,4668,215.0,0.004,0.8,0.14810265957446808,83.0,78.0,1.1,0.134,0.658,0.208,81776930,0.743,49108000000,636.8530642669792
0.01,46.7,86717.0,Greece,19.0,27615.0,294222876631,0.094,2442,224.0,0.004,0.4,0.14810265957446808,83.0,78.0,1.1,0.145,0.665,0.19,11153454,0.763,12579000000,474.3235614824869
0.009,54.6,50583.0,Hungary,4.0,25667.0,127503279792,0.08,1026,277.0,0.006,0.7,0.076,78.0,71.0,1.2,0.146,0.686,0.167,10000023,0.689,6338000000,474.39927796158725
0.015,26.1,1962.0,Iceland,5.0,5369.0,12564705489,0.094,3730,140.0,0.002,0.9,0.103,84.0,80.0,1.1,0.209,0.669,0.121,318041,0.936,562000000,408.4753112124491
0.017,25.3,40000.0,Ireland,13.0,14219.0,209387190854,0.093,4320,76.0,0.004,0.7,0.14810265957446808,83.0,79.0,1.1,0.213,0.673,0.113,4560155,0.618,8187000000,515.0306456360247
0.022714893617021278,44.1,142307.10776470587,Isle of Man,39.99941792782305,77236.84089635854,1001970945,0.06416951983298538,15,302.06850282485874,0.032813011456628474,0.23974713551955748,0.14810265957446808,71.15926791277259,66.46183800623054,0.5781237682301931,0.3030511272141707,0.6234814814814815,0.07346457326892109,83992,0.52,26000000,252.6495062237185
0.009,67.7,406307.0,Italy,6.0,170239.0,2055355252805,0.094,3205,285.0,0.003,0.5,0.04,85.0,80.0,1.5,0.14,0.657,0.203,59277417,0.683,40058000000,586.6751604886979
0.019,16.5,142307.10776470587,Kosovo,58.0,2496.0,5740438192,0.06416951983298538,15,163.0,0.032813011456628474,0.23974713551955748,0.143,72.0,68.0,0.5781237682301931,0.275,0.659,0.067,1775680,0.5629525765496639,26000000,252.6495062237185
0.009,37.6,7616.0,Latvia,16.0,4644.0,24009680460,0.065,742,293.0,0.008,0.7,0.096,78.0,69.0,1.1,0.142,0.675,0.184,2097555,0.677,963000000,418.74251056435475
0.009,44.1,142307.10776470587,Liechtenstein,39.99941792782305,77236.84089635854,1001970945,0.06416951983298538,15,302.06850282485874,0.032813011456628474,0.8,0.14810265957446808,84.0,80.0,1.0,0.3030511272141707,0.6234814814814815,0.07346457326892109,36120,0.145,26000000,252.6495062237185
0.012,45.1,13561.0,Lithuania,22.0,7052.0,36709511568,0.07,782,175.0,0.006,0.6,0.06,79.0,68.0,1.6,0.152,0.693,0.155,3097282,0.668,1034000000,426.71685604695506
0.012,20.0,10829.0,Luxembourg,19.0,4220.0,52053324635,0.072,7592,59.0,0.002,0.9,0.14810265957446808,84.0,78.0,1.4,0.176,0.684,0.14,506953,0.885,4115000000,483.5570966497174
0.011,8.3,10873.0,"Macedonia, FYR",3.0,2883.0,9338674078,0.07,309,119.0,0.009,0.5,0.095,77.0,73.0,1.0,0.174,0.709,0.117,2102216,0.57,209000000,352.0978457246973
0.009,44.1,2589.0,Malta,39.99941792782305,848.0,8163841060,0.085,1707,302.06850282485874,0.006,0.6,0.046,84.0,79.0,1.1,0.156,0.699,0.145,414508,0.947,1238000000,388.80519862834956
0.012,30.4,4855.0,Moldova,10.0,3426.0,5811604052,0.117,190,228.0,0.015,0.3,0.164,72.0,65.0,0.7,0.167,0.722,0.112,3562045,0.449,232000000,384.01317384418684
0.022714893617021278,44.1,142307.10776470587,Monaco,39.99941792782305,77236.84089635854,5350993377,0.044,6431,302.06850282485874,0.003,0.8,0.14810265957446808,71.15926791277259,66.46183800623054,0.6,0.3030511272141707,0.6234814814814815,0.07346457326892109,36845,1.0,26000000,252.6495062237185
0.012,25.4,2582.0,Montenegro,10.0,1174.0,4114881347,0.072,476,372.0,0.006,0.4,0.095,77.0,72.0,1.9,0.195,0.681,0.125,620078,0.631,765000000,327.3268574136315
0.011,39.4,182078.0,Netherlands,8.0,83426.0,777157702271,0.121,5676,134.0,0.004,0.9,0.018,83.0,79.0,1.2,0.175,0.671,0.154,16615394,0.871,18690000000,562.0471035182882
0.013,40.7,57187.0,Norway,7.0,32338.0,420945705225,0.1,8694,87.0,0.003,0.9,0.14810265957446808,83.0,79.0,1.1,0.188,0.662,0.15,4889252,0.791,5299000000,547.9462663077861
0.011,40.1,317254.0,Poland,32.0,101539.0,469799124465,0.07,860,325.0,0.005,0.6,0.14810265957446808,81.0,72.0,1.2,0.15,0.715,0.135,38183683,0.609,9986000000,525.8555382639296
0.01,42.6,52361.0,Portugal,5.0,23541.0,228939349299,0.108,2324,298.0,0.003,0.5,0.14810265957446808,82.0,76.0,1.2,0.151,0.668,0.18,10573100,0.606,12969000000,495.90442458375173
0.011,43.5,78745.0,Romania,9.0,35031.0,164792252746,0.059,457,222.0,0.012,0.4,0.141,77.0,70.0,1.1,0.15,0.701,0.148,20246871,0.538,1631000000,456.3782920222185
0.013,46.5,1740776.0,Russian Federation,29.0,702292.0,1524916112079,0.063,669,320.0,0.01,0.4,0.108,75.0,63.0,1.7,0.149,0.72,0.131,142385523,0.737,13239000000,582.2607967164198
0.011,44.1,142307.10776470587,San Marino,39.99941792782305,77236.84089635854,1001970945,0.053,3319,302.06850282485874,0.003,0.23974713551955748,0.054,86.0,80.0,1.0,0.3030511272141707,0.6234814814814815,0.07346457326892109,30861,0.941,26000000,252.6495062237185
0.009,34.0,45962.0,Serbia,13.0,15536.0,36990001284,0.107,546,279.0,0.007,0.4,0.173,77.0,71.0,1.3,0.169,0.694,0.137,7291436,0.552,951000000,433.6396315793631
0.011,47.4,36094.0,Slovak Republic,18.0,17828.0,87077443709,0.09,1446,257.0,0.007,0.8,0.14810265957446808,79.0,72.0,1.1,0.151,0.726,0.123,5391428,0.547,2335000000,461.6856460676936
0.011,34.6,15328.0,Slovenia,6.0,7230.0,46999407184,0.089,2044,260.0,0.003,0.7,0.14810265957446808,83.0,76.0,1.0,0.14,0.693,0.167,2048583,0.5,2721000000,442.81513232449106
0.01,56.8,269675.0,Spain,47.0,127749.0,1384844699967,0.096,2902,197.0,0.004,0.7,0.14810265957446808,85.0,79.0,1.1,0.149,0.68,0.171,46576897,0.784,59042000000,568.683389085935
0.012,52.0,52515.0,Sweden,16.0,51315.0,463062061649,0.095,4694,122.0,0.003,0.9,0.14810265957446808,84.0,80.0,1.2,0.165,0.653,0.182,9378126,0.851,10991000000,548.7508688354278
0.01,28.8,38757.0,Switzerland,18.0,26199.0,549104835881,0.109,7697,63.0,0.004,0.8,0.027,85.0,80.0,1.2,0.151,0.68,0.169,7824909,0.737,17614000000,544.1968646434101
0.018,43.3,298002.0,Turkey,6.0,105133.0,731168051934,0.068,680,226.0,0.02,0.4,0.14810265957446808,78.0,71.0,0.9,0.267,0.662,0.071,72137546,0.707,26318000000,505.53252697859745
0.011,55.5,304805.0,Ukraine,27.0,132308.0,136419300368,0.078,231,657.0,0.01,0.2,0.159,76.0,65.0,1.2,0.139,0.703,0.158,45870700,0.687,4696000000,490.29080660189226
0.013,36.1,493505.0,United Kingdom,12.0,201829.0,2295522887422,0.096,3489,110.0,0.004,0.9,0.005,82.0,79.0,1.2,0.176,0.659,0.166,62766365,0.813,40746000000,617.0332688084549
0.016,13.5,24202.0,Bahrain,9.0,9472.0,25713547869,0.043,747,36.0,0.007,0.6,0.072,77.0,76.0,1.3,0.199,0.781,0.02,1251513,0.885,2163000000,413.85670967667875
0.019,44.1,571612.0,"Iran, Islamic Rep.",11.0,210678.0,422567967405,0.073,416,344.0,0.016,0.1,0.12,75.0,71.0,0.7,0.236,0.712,0.052,74462314,0.706,2631000000,532.7457466532356
0.032,27.8,114667.0,Iraq,32.0,37845.0,142814704615,0.031,141,312.0,0.03,0.0,0.133,73.0,65.0,0.8,0.412,0.554,0.034,30962380,0.69,1736000000,451.0984768880488
0.022,31.1,70656.0,Israel,20.0,23195.0,231674400562,0.076,2165,235.0,0.004,0.7,0.05,84.0,80.0,1.2,0.272,0.623,0.104,7623600,0.918,5824000000,496.2261191701136
0.029,31.2,20821.0,Jordan,12.0,7105.0,26425379367,0.085,361,136.0,0.018,0.3,0.09,75.0,72.0,1.0,0.351,0.615,0.034,6046000,0.825,4390000000,452.61921928017796
0.021,10.7,93696.0,Kuwait,35.0,32586.0,119934674735,0.028,1116,98.0,0.009,0.6,0.049,75.0,73.0,1.3,0.252,0.726,0.021,2991580,0.983,574000000,514.5731716661955
0.013,30.2,20403.0,Lebanon,9.0,6382.0,38009950249,0.072,620,180.0,0.009,0.4,0.083,81.0,77.0,0.7,0.237,0.678,0.084,4341092,0.872,8026000000,497.5553613383064
0.022,21.6,57202.0,Oman,12.0,23158.0,58813004375,0.028,582,62.0,0.01,0.4,0.068,78.0,74.0,1.6,0.274,0.701,0.025,2802768,0.752,1246000000,453.3967379595456
0.012,11.3,70531.0,Qatar,10.0,28973.0,125122302747,0.021,1496,36.0,0.008,0.7,0.073,79.0,77.0,1.3,0.137,0.852,0.011,1749713,0.987,26000000,252.6495062237185
0.021,14.5,464481.0,Saudi Arabia,21.0,192004.0,526811466667,0.04,663,79.0,0.015,0.4,0.14810265957446808,77.0,73.0,1.9,0.307,0.663,0.03,27258387,0.821,7536000000,567.2855429171613
0.025,39.7,61859.0,Syrian Arab Republic,13.0,21649.0,1001970945,0.034,97,336.0,0.013,0.2,0.099,78.0,72.0,0.5,0.357,0.605,0.037,21532647,0.557,6308000000,449.10165594184065
0.016,14.1,167597.0,United Arab Emirates,15.0,63099.0,287421818966,0.032,1283,12.0,0.008,0.7,0.14810265957446808,78.0,76.0,1.3,0.139,0.858,0.003,8441537,0.841,8577000000,537.9101293872515
0.032,47.8,21852.0,"Yemen, Rep.",12.0,8360.0,31743751169,0.051,66,248.0,0.046,0.1,0.238,64.0,61.0,0.5,0.42,0.553,0.027,22763008,0.317,1161000000,374.2266900406287
0.019,44.1,142307.10776470587,American Samoa,39.99941792782305,77236.84089635854,1001970945,0.06416951983298538,15,302.06850282485874,0.032813011456628474,0.23974713551955748,0.14810265957446808,71.15926791277259,66.46183800623054,0.5781237682301931,0.3030511272141707,0.6234814814814815,0.07346457326892109,55636,0.876,26000000,252.6495062237185
0.014,47.5,373081.0,Australia,3.0,122512.0,1141793593834,0.089,5138,109.0,0.004,0.8,0.073,84.0,80.0,1.0,0.189,0.676,0.134,22031800,0.887,32336000000,577.8584939160664
0.022,39.3,1291.0,Fiji,46.0,77236.84089635854,3225095136,0.042,154,163.0,0.02,0.2,0.075,72.0,66.0,0.8,0.29,0.661,0.048,860559,0.518,809000000,339.32147943903107
0.017,44.1,884.0,French Polynesia,39.99941792782305,77236.84089635854,1001970945,0.06416951983298538,15,302.06850282485874,0.032813011456628474,0.5,0.14810265957446808,78.0,73.0,0.8,0.238,0.695,0.068,268065,0.565,405000000,356.85795632392444
0.018,44.1,142307.10776470587,Guam,39.99941792782305,77236.84089635854,1001970945,0.06416951983298538,15,302.06850282485874,0.032813011456628474,0.5,0.14810265957446808,81.0,75.0,0.5781237682301931,0.275,0.652,0.073,159440,0.941,26000000,252.6495062237185
0.023,31.8,62.0,Kiribati,31.0,77236.84089635854,150431114,0.112,162,120.0,0.048,0.1,0.14810265957446808,71.0,65.0,0.1,0.336,0.626,0.039,97743,0.438,26000000,252.6495062237185
0.022714893617021278,64.8,103.0,Marshall Islands,17.0,77236.84089635854,163200000,0.16,542,128.0,0.032,0.1,0.14810265957446808,71.15926791277259,66.46183800623054,0.5781237682301931,0.3030511272141707,0.6234814814814815,0.07346457326892109,52428,0.713,3300000,252.6495062237185
0.024,58.7,103.0,"Micronesia, Fed. Sts.",16.0,77236.84089635854,294117230,0.138,393,128.0,0.033,0.2,0.151,69.0,68.0,0.3,0.369,0.593,0.038,103619,0.223,29000000,252.6495062237185
0.017,44.1,3920.0,New Caledonia,39.99941792782305,77236.84089635854,1001970945,0.06416951983298538,15,302.06850282485874,0.032813011456628474,0.4,0.14810265957446808,79.0,73.0,0.9,0.235,0.67,0.095,250000,0.673,129000000,361.11007042583725
0.015,34.7,31551.0,New Zealand,1.0,18287.0,143466535135,0.102,3260,172.0,0.005,0.8,0.063,83.0,79.0,1.1,0.205,0.665,0.13,4367800,0.862,4904000000,476.72949588568264
0.03,42.1,3135.0,Papua New Guinea,51.0,77236.84089635854,9480047959,0.041,57,194.0,0.051,0.0,0.104,64.0,60.0,0.3,0.391,0.582,0.028,6858945,0.13,2500000,351.2912117448673
0.028,18.9,161.0,Samoa,9.0,77236.84089635854,572971727,0.064,201,224.0,0.016,0.1,0.107,76.0,69.0,0.5781237682301931,0.383,0.567,0.051,186029,0.201,124000000,290.4418500450599
0.033,26.2,202.0,Solomon Islands,56.0,77236.84089635854,681587105,0.074,95,80.0,0.027,0.1,0.144,68.0,66.0,0.2,0.408,0.56,0.033,526447,0.2,65400000,315.1068804514789
0.027,25.4,158.0,Tonga,25.0,77236.84089635854,369212477,0.048,172,164.0,0.012,0.2,0.115,75.0,69.0,0.5,0.375,0.567,0.059,104098,0.234,26000000,252.6495062237185
0.027,8.4,117.0,Vanuatu,47.0,77236.84089635854,700804286,0.047,139,120.0,0.016,0.1,0.055,73.0,69.0,0.7,0.382,0.579,0.039,236299,0.246,242000000,299.705972416712
0.017,41.0,513.0,Antigua and Barbuda,21.0,77236.84089635854,1135555556,0.057,736,207.0,0.009,0.5,0.11,78.0,73.0,1.9,0.262,0.665,0.072,87233,0.262,298000000,315.6575582064916
0.017,107.6,180512.0,Argentina,25.0,78162.0,462703793707,0.082,751,453.0,0.013,0.5,0.106,79.0,72.0,1.4,0.249,0.645,0.106,40374224,0.91,5629000000,509.6599696782782
0.011,44.1,2321.0,Aruba,39.99941792782305,77236.84089635854,2467703911,0.06416951983298538,15,302.06850282485874,0.032813011456628474,0.6,0.107,77.0,73.0,1.3,0.208,0.689,0.103,101597,0.431,1256000000,376.02870793538426
0.016,44.9,2464.0,"Bahamas, The",24.0,77236.84089635854,7888087000,0.074,1626,58.0,0.011,0.4,0.055,78.0,72.0,1.2,0.225,0.706,0.07,360498,0.825,2159000000,389.12719593478414
0.013,44.1,1503.0,Barbados,39.99941792782305,77236.84089635854,4433700000,0.067,978,302.06850282485874,0.014,0.7,0.087,77.0,72.0,1.2,0.193,0.703,0.104,280396,0.321,1074000000,387.1566551430337
0.024,33.2,422.0,Belize,44.0,77236.84089635854,1398500000,0.058,265,147.0,0.016,0.1,0.139,76.0,70.0,0.6,0.355,0.606,0.039,308595,0.45,264000000,305.51796601229137
0.012,44.1,477.0,Bermuda,39.99941792782305,77236.84089635854,5744414000,0.06416951983298538,15,302.06850282485874,0.032813011456628474,0.8,0.14810265957446808,82.0,77.0,1.4,0.3030511272141707,0.6234814814814815,0.07346457326892109,65124,1.0,442000000,393.9667942208182
0.026,80.0,15456.0,Bolivia,49.0,7341.0,19649631308,0.055,106,1080.0,0.035,0.2,0.099,69.0,64.0,0.7,0.36,0.593,0.047,10156601,0.664,339000000,394.34585905753767
0.016,66.3,419754.0,Brazil,119.0,265887.0,2143067871760,0.09,989,2600.0,0.015,0.4,0.4,77.0,70.0,1.0,0.255,0.676,0.069,195210154,0.843,6180000000,561.0001308558617
0.011,27.7,499137.0,Canada,5.0,250992.0,1614072093764,0.114,5273,131.0,0.005,0.8,0.026,83.0,79.0,0.8,0.165,0.694,0.142,34005274,0.809,18438000000,592.1196040704324
0.015,44.1,590.0,Cayman Islands,39.99941792782305,77236.84089635854,1001970945,0.06416951983298538,15,302.06850282485874,0.032813011456628474,0.7,0.14810265957446808,71.15926791277259,66.46183800623054,1.8,0.3030511272141707,0.6234814814814815,0.07346457326892109,55509,1.0,465000000,348.7676880367186
0.014,24.5,72258.0,Chile,22.0,30920.0,217501911334,0.071,894,316.0,0.008,0.5,0.048,82.0,76.0,1.2,0.221,0.687,0.092,17150760,0.886,2422000000,454.34999028765037
0.02,80.3,75680.0,Colombia,14.0,32235.0,287018184638,0.068,418,208.0,0.016,0.4,0.094,77.0,70.0,1.0,0.288,0.656,0.056,46444798,0.75,2727000000,466.0167374361862
0.016,55.3,7770.0,Costa Rica,60.0,4646.0,36298327670,0.097,750,272.0,0.009,0.4,0.171,82.0,77.0,0.7,0.249,0.686,0.065,4669685,0.717,2179000000,403.7701213742679
0.01,44.1,38364.0,Cuba,39.99941792782305,11308.0,64328220000,0.106,583,302.06850282485874,0.005,0.2,0.14810265957446808,81.0,77.0,0.1,0.173,0.702,0.124,11281768,0.766,2218000000,252.6495062237185
0.014,44.1,142307.10776470587,Curacao,39.99941792782305,77236.84089635854,1001970945,0.06416951983298538,15,302.06850282485874,0.032813011456628474,0.23974713551955748,0.14810265957446808,71.15926791277259,66.46183800623054,1.4,0.198,0.67,0.132,149311,0.899,438000000,378.5911009235173
0.013,37.0,136.0,Dominica,13.0,77236.84089635854,475185185,0.06,400,117.0,0.011,0.5,0.095,71.15926791277259,66.46183800623054,1.5,0.3030511272141707,0.6234814814814815,0.07346457326892109,71167,0.681,95000000,268.3194695609425
0.022,40.1,20964.0,Dominican Republic,19.0,7178.0,50980167048,0.055,278,324.0,0.026,0.3,0.121,76.0,70.0,0.9,0.312,0.628,0.06,10016797,0.738,4209000000,405.32461258170275
0.022,35.3,32636.0,Ecuador,56.0,12428.0,67513698000,0.072,335,654.0,0.021,0.3,0.14810265957446808,79.0,73.0,1.0,0.31,0.629,0.062,15001072,0.627,786000000,423.36869990208334
0.02,34.8,6249.0,El Salvador,17.0,4210.0,21418300000,0.069,238,320.0,0.015,0.2,0.14810265957446808,76.0,67.0,1.2,0.321,0.61,0.069,6218195,0.643,646000000,378.3141764971215
0.015,44.1,634.0,Greenland,39.99941792782305,77236.84089635854,1001970945,0.06416951983298538,15,302.06850282485874,0.032813011456628474,0.6,0.14810265957446808,73.0,69.0,1.0,0.3030511272141707,0.6234814814814815,0.07346457326892109,56905,0.844,26000000,252.6495062237185
0.019,45.3,260.0,Grenada,15.0,77236.84089635854,771111097,0.06,438,140.0,0.012,0.3,0.106,75.0,70.0,1.2,0.275,0.652,0.072,104677,0.357,112000000,259.7930106370605
0.032,40.9,11118.0,Guatemala,37.0,10251.0,41338007893,0.069,198,344.0,0.028,0.1,0.133,75.0,68.0,1.3,0.415,0.541,0.044,14341576,0.493,1379000000,429.53656126277565
0.022,38.8,1701.0,Guyana,24.0,77236.84089635854,2259288396,0.066,188,288.0,0.032,0.3,0.145,68.0,63.0,0.7,0.376,0.592,0.033,786126,0.282,80000000,327.8261501048218
0.027,40.4,2120.0,Haiti,105.0,2409.0,6622541529,0.067,45,184.0,0.073,0.1,0.175,64.0,60.0,0.4,0.362,0.594,0.045,9896400,0.52,169000000,395.27876015946424
0.027,44.1,8108.0,Honduras,14.0,4567.0,15839344592,0.087,176,224.0,0.021,0.1,0.189,75.0,70.0,1.2,0.368,0.589,0.043,7621204,0.517,627000000,392.90628133540434
0.015,48.7,7158.0,Jamaica,8.0,2830.0,13230844040,0.053,255,414.0,0.016,0.3,0.205,76.0,70.0,1.2,0.29,0.631,0.078,2690824,0.537,2095000000,371.52932875305333
0.02,50.5,443674.0,Mexico,7.0,178924.0,1051627949327,0.063,603,404.0,0.014,0.3,0.053,79.0,74.0,0.8,0.3,0.64,0.06,117886404,0.778,12628000000,525.3539740080254
0.024,63.2,4547.0,Nicaragua,39.0,2951.0,8938210560,0.076,112,222.0,0.022,0.1,0.133,77.0,71.0,0.7,0.345,0.609,0.046,5822209,0.573,309000000,384.6136116471882
0.02,43.8,9633.0,Panama,9.0,3710.0,28814100000,0.085,627,482.0,0.017,0.4,0.077,80.0,74.0,1.8,0.293,0.639,0.068,3678128,0.651,2552000000,406.8240834384567
0.024,35.0,5075.0,Paraguay,35.0,4789.0,20030529733,0.087,271,311.0,0.021,0.2,0.26,74.0,70.0,0.9,0.335,0.613,0.052,6459721,0.585,243000000,376.75671580988666
0.021,37.1,57579.0,Peru,26.0,19207.0,148509857547,0.049,257,380.0,0.015,0.3,0.19,77.0,71.0,1.0,0.3,0.64,0.06,29262830,0.769,2475000000,450.20191480252856
0.011,63.6,142307.10776470587,Puerto Rico,7.0,77236.84089635854,98381268000,0.06416951983298538,15,218.0,0.032813011456628474,0.5,0.14810265957446808,82.0,74.0,0.8,0.205,0.665,0.13,3721208,0.938,3211000000,436.3411414303469
0.022714893617021278,44.1,142307.10776470587,Sint Maarten (Dutch part),39.99941792782305,77236.84089635854,1001970945,0.06416951983298538,15,302.06850282485874,0.032813011456628474,0.23974713551955748,0.14810265957446808,71.15926791277259,66.46183800623054,0.5781237682301931,0.3030511272141707,0.6234814814814815,0.07346457326892109,37850,1.0,681000000,341.12135597775693
0.022714893617021278,52.5,249.0,St. Kitts and Nevis,19.0,77236.84089635854,692222222,0.054,739,155.0,0.009,0.8,0.086,71.15926791277259,66.46183800623054,1.5,0.3030511272141707,0.6234814814814815,0.07346457326892109,52352,0.318,90000000,268.3194695609425
0.016,34.0,403.0,St. Lucia,14.0,77236.84089635854,1252222222,0.078,525,92.0,0.014,0.4,0.106,77.0,72.0,1.1,0.253,0.663,0.085,177397,0.185,309000000,312.81976685742285
0.017,44.1,142307.10776470587,St. Martin (French part),39.99941792782305,77236.84089635854,1001970945,0.06416951983298538,15,302.06850282485874,0.032813011456628474,0.23974713551955748,0.14810265957446808,82.0,76.0,0.5781237682301931,0.3030511272141707,0.6234814814814815,0.07346457326892109,30235,0.5629525765496639,26000000,252.6495062237185
0.017,38.7,209.0,St. Vincent and the Grenadines,10.0,77236.84089635854,681481481,0.047,293,111.0,0.019,0.4,0.092,74.0,70.0,1.2,0.265,0.668,0.067,109316,0.488,86000000,273.0280623617032
0.018,27.9,2384.0,Suriname,694.0,77236.84089635854,4368033802,0.058,483,199.0,0.022,0.3,0.116,74.0,67.0,1.0,0.286,0.649,0.064,524960,0.663,69000000,307.26873851753516
0.015,33.1,50682.0,Trinidad and Tobago,41.0,21370.0,20758191858,0.052,805,210.0,0.021,0.5,0.093,73.0,66.0,1.4,0.207,0.71,0.083,1328095,0.091,630000000,338.2002485395387
0.022714893617021278,44.1,161.0,Turks and Caicos Islands,39.99941792782305,77236.84089635854,1001970945,0.06416951983298538,15,302.06850282485874,0.032813011456628474,0.23974713551955748,0.14810265957446808,71.15926791277259,66.46183800623054,0.5781237682301931,0.3030511272141707,0.6234814814814815,0.07346457326892109,30993,0.902,26000000,252.6495062237185
0.013,46.5,5433057.0,United States,5.0,2215504.0,14958300000000,0.177,8254,187.0,0.006,0.7,0.033,81.0,76.0,0.9,0.198,0.671,0.131,309326295,0.808,164606000000,646.511357827216
0.015,41.9,6645.0,Uruguay,65.0,4174.0,38881102075,0.087,998,336.0,0.011,0.5,0.103,80.0,73.0,1.3,0.225,0.636,0.139,3371982,0.944,1669000000,404.9596392370132
0.021,51.9,201747.0,"Venezuela, RB",141.0,75502.0,393801556872,0.047,639,864.0,0.014,0.4,0.183,77.0,71.0,1.0,0.295,0.649,0.056,29043283,0.888,794000000,463.4913154660784
0.011,44.1,142307.10776470587,Virgin Islands (U.S.),39.99941792782305,77236.84089635854,1001970945,0.06416951983298538,15,302.06850282485874,0.032813011456628474,0.3,0.14810265957446808,82.0,76.0,0.5781237682301931,0.207,0.656,0.137,106267,0.946,1013000000,252.6495062237185
0.025,72.0,142307.10776470587,Algeria,25.0,41852.0,199070864638,0.044,233,451.0,0.023,0.1,0.08,72.0,69.0,0.9,0.272,0.681,0.047,37762962,0.682,300000000,406.54252710972526
0.046,52.1,142307.10776470587,Angola,66.0,13576.0,104115863405,0.034,178,282.0,0.107,0.1,0.188,53.0,50.0,0.5,0.477,0.499,0.024,20180490,0.409,653000000,383.89203181004115
0.037,65.9,142307.10776470587,Benin,29.0,3761.0,7294900431,0.045,34,270.0,0.06,0.0,0.14810265957446808,60.0,58.0,0.8,0.432,0.539,0.029,9779795,0.423,188000000,252.6495062237185
0.024,19.5,142307.10776470587,Botswana,60.0,2215.0,15292424757,0.052,404,152.0,0.039,0.1,0.11,46.0,47.0,1.5,0.34,0.625,0.035,1986701,0.565,36000000,332.0496595190035
0.042,43.5,142307.10776470587,Burkina Faso,13.0,77236.84089635854,10395757480,0.064,39,270.0,0.068,0.0,0.14810265957446808,56.0,55.0,0.5,0.458,0.517,0.025,15995313,0.265,26000000,252.6495062237185
0.045,51.6,142307.10776470587,Burundi,13.0,77236.84089635854,2355652064,0.09,21,274.0,0.059,0.0,0.132,55.0,51.0,0.2,0.44,0.535,0.025,9540362,0.109,3700000,313.5495667692504
0.038,48.8,142307.10776470587,Cameroon,15.0,6720.0,25486923059,0.054,64,654.0,0.064,0.1,0.14810265957446808,55.0,53.0,0.5,0.432,0.535,0.032,21156272,0.521,423000000,409.99975381908064
0.035,54.6,142307.10776470587,Central African Republic,22.0,77236.84089635854,2195599491,0.039,19,504.0,0.1,0.0,0.14810265957446808,51.0,47.0,0.2,0.404,0.558,0.039,4436217,0.39,26000000,252.6495062237185
0.047,75.8,142307.10776470587,Chad,55.0,77236.84089635854,12156380062,0.028,25,732.0,0.092,0.0,0.14810265957446808,51.0,49.0,0.3,0.487,0.488,0.025,12080037,0.22,26000000,252.6495062237185
0.036,217.9,142307.10776470587,Comoros,22.0,77236.84089635854,610372697,0.036,31,100.0,0.061,0.1,0.105,62.0,59.0,0.3,0.422,0.549,0.029,700216,0.28,42000000,282.6178872213985
0.044,339.1,142307.10776470587,"Congo, Dem. Rep.",65.0,24497.0,23831631365,0.061,15,336.0,0.09,0.0,0.438,51.0,48.0,0.2,0.453,0.519,0.028,63931512,0.404,11400000,380.74171672721155
0.038,65.3,142307.10776470587,"Congo, Rep.",161.0,1659.0,14425606793,0.025,85,606.0,0.039,0.1,0.14810265957446808,59.0,56.0,0.9,0.423,0.543,0.034,4225359,0.637,26000000,252.6495062237185
0.037,44.0,142307.10776470587,Cote d'Ivoire,32.0,11233.0,24074553674,0.068,84,270.0,0.075,0.0,0.14810265957446808,51.0,49.0,0.9,0.417,0.552,0.031,19389954,0.513,26000000,252.6495062237185
0.028,37.8,142307.10776470587,Djibouti,37.0,77236.84089635854,1239144502,0.087,119,82.0,0.061,0.1,0.106,62.0,59.0,0.2,0.339,0.623,0.038,846646,0.771,19200000,300.22687055053086
0.024,43.6,142307.10776470587,"Egypt, Arab Rep.",8.0,77649.0,236000735704,0.049,137,433.0,0.019,0.4,0.11,73.0,68.0,1.1,0.314,0.631,0.056,79392466,0.43,9333000000,469.5505609812306
0.036,44.1,142307.10776470587,Equatorial Guinea,135.0,77236.84089635854,15715842151,0.045,1051,492.0,0.073,0.1,0.14810265957446808,54.0,51.0,0.7,0.391,0.58,0.029,715996,0.393,26000000,252.6495062237185
0.038,84.5,142307.10776470587,Eritrea,84.0,765.0,2607739837,0.027,12,216.0,0.038,0.0,0.14810265957446808,64.0,59.0,0.0,0.431,0.548,0.022,5932852,0.21,26000000,252.6495062237185
0.034,30.3,142307.10776470587,Ethiopia,15.0,34064.0,31367606700,0.041,14,198.0,0.048,0.0,0.14810265957446808,64.0,61.0,0.2,0.439,0.528,0.033,89393063,0.177,1998000000,359.1521128474754
0.032,43.5,142307.10776470587,Gabon,57.0,1997.0,18796191833,0.034,401,488.0,0.042,0.1,0.14810265957446808,64.0,62.0,1.5,0.385,0.562,0.053,1594034,0.86,26000000,252.6495062237185
0.043,283.2,142307.10776470587,"Gambia, The",27.0,77236.84089635854,898282866,0.047,24,376.0,0.051,0.1,0.28,60.0,57.0,0.8,0.459,0.516,0.025,1734966,0.57,92000000,262.8745315809
0.032,33.4,142307.10776470587,Ghana,12.0,10550.0,39564970070,0.053,83,224.0,0.054,0.1,0.14810265957446808,62.0,60.0,0.9,0.388,0.577,0.035,24820706,0.514,797000000,430.518244901032
0.038,91.2,142307.10776470587,Guinea,40.0,77236.84089635854,5067360041,0.06,27,416.0,0.069,0.0,0.14810265957446808,56.0,55.0,0.4,0.427,0.542,0.031,11161530,0.353,2100000,313.5495667692504
0.038,45.9,142307.10776470587,Guinea-Bissau,9.0,77236.84089635854,967762549,0.063,35,208.0,0.082,0.0,0.14810265957446808,55.0,52.0,0.5,0.417,0.553,0.029,1624228,0.461,26000000,252.6495062237185
0.036,49.3,142307.10776470587,Kenya,33.0,20179.0,34313315840,0.044,35,393.0,0.05,0.3,0.15,62.0,59.0,0.7,0.425,0.549,0.026,42027891,0.24,1844000000,364.7608875989806
0.028,16.0,142307.10776470587,Lesotho,40.0,77236.84089635854,2487352968,0.117,146,324.0,0.073,0.0,0.104,48.0,48.0,0.6,0.372,0.586,0.042,2029516,0.253,29000000,381.00280062343484
0.037,42.9,142307.10776470587,Liberia,6.0,77236.84089635854,1537753885,0.156,59,158.0,0.058,0.0,0.138,61.0,59.0,0.5,0.432,0.537,0.031,4079697,0.482,232000000,349.62688990362375
0.022,44.1,142307.10776470587,Libya,39.99941792782305,13342.0,34699395524,0.039,211,302.06850282485874,0.014,0.1,0.06,77.0,73.0,1.6,0.294,0.659,0.046,6103233,0.778,26000000,252.6495062237185
0.035,37.1,142307.10776470587,Madagascar,8.0,77236.84089635854,9853981624,0.041,19,201.0,0.042,0.0,0.525,65.0,62.0,0.4,0.431,0.541,0.028,21678934,0.326,26000000,252.6495062237185
0.04,29.0,142307.10776470587,Malawi,39.0,77236.84089635854,5627898037,0.083,30,157.0,0.049,0.0,0.238,54.0,54.0,0.3,0.456,0.512,0.031,15457531,0.157,39000000,338.2002485395387
0.048,51.1,142307.10776470587,Mali,8.0,77236.84089635854,10647545670,0.068,51,270.0,0.081,0.0,0.14810265957446808,54.0,54.0,0.8,0.47,0.502,0.029,14416737,0.368,274000000,369.6835514701896
0.035,68.2,142307.10776470587,Mauritania,19.0,77236.84089635854,4136083856,0.059,51,696.0,0.069,0.0,0.17,63.0,60.0,0.9,0.404,0.565,0.031,3702763,0.573,26000000,252.6495062237185
0.011,27.7,142307.10776470587,Mauritius,6.0,77236.84089635854,11252405860,0.049,450,161.0,0.013,0.4,0.089,77.0,70.0,1.0,0.206,0.713,0.08,1286051,0.404,1808000000,394.9080916173414
0.022,49.6,142307.10776470587,Morocco,12.0,17283.0,99211339029,0.063,195,238.0,0.028,0.5,0.14810265957446808,72.0,69.0,1.1,0.279,0.671,0.05,32059424,0.582,9101000000,463.91261030611406
0.04,37.5,142307.10776470587,Mozambique,13.0,10202.0,12547888400,0.064,33,230.0,0.068,0.0,0.191,50.0,49.0,0.3,0.454,0.514,0.032,24581367,0.312,266000000,374.83624007922816
0.027,21.8,142307.10776470587,Namibia,66.0,1589.0,12451760766,0.086,486,339.0,0.036,0.1,0.087,66.0,61.0,1.0,0.371,0.594,0.035,2217618,0.426,645000000,366.65468747229943
0.05,43.8,142307.10776470587,Niger,17.0,77236.84089635854,6411842066,0.068,25,270.0,0.064,0.0,0.14810265957446808,58.0,57.0,0.3,0.499,0.475,0.026,16511462,0.178,86000000,252.6495062237185
0.042,32.7,142307.10776470587,Nigeria,28.0,118325.0,411743801712,0.057,85,938.0,0.079,0.3,0.16,52.0,51.0,0.6,0.441,0.531,0.027,164192925,0.444,688000000,527.9944672047827
0.036,31.0,142307.10776470587,Rwanda,3.0,77236.84089635854,6406727020,0.11,62,148.0,0.041,0.1,0.14810265957446808,65.0,61.0,0.4,0.442,0.535,0.023,11144315,0.249,298000000,353.6634978191697
0.036,32.5,142307.10776470587,Sao Tome and Principe,10.0,77236.84089635854,248286778,0.076,108,424.0,0.039,0.2,0.27,68.0,64.0,0.6,0.416,0.549,0.035,183177,0.626,15900000,200.27863723535523
0.038,45.5,142307.10776470587,Senegal,6.0,3515.0,14440676498,0.05,54,666.0,0.046,0.2,0.14810265957446808,65.0,62.0,0.7,0.436,0.534,0.031,13330737,0.425,26000000,252.6495062237185
0.019,32.2,142307.10776470587,Seychelles,39.0,77236.84089635854,1059593023,0.036,413,76.0,0.012,0.4,0.112,78.0,68.0,1.4,0.222,0.702,0.076,87441,0.526,31000000,237.92904148442395
0.038,32.4,142307.10776470587,Sierra Leone,12.0,77236.84089635854,2932273988,0.163,82,357.0,0.112,0.0,0.21,45.0,45.0,0.4,0.42,0.554,0.026,5865491,0.386,44000000,295.2488365508221
0.045,44.1,142307.10776470587,Somalia,39.99941792782305,77236.84089635854,1001970945,0.06416951983298538,15,302.06850282485874,0.095,0.0,0.14810265957446808,56.0,53.0,0.2,0.475,0.496,0.028,9907903,0.377,26000000,252.6495062237185
0.021,32.4,142307.10776470587,South Africa,19.0,141372.0,403894316555,0.087,670,200.0,0.034,0.3,0.09,57.0,53.0,1.2,0.296,0.651,0.053,51579599,0.627,10707000000,522.1746146677654
0.037,44.1,142307.10776470587,South Sudan,39.99941792782305,77236.84089635854,20782116982,0.017,32,302.06850282485874,0.068,0.23974713551955748,0.14810265957446808,55.0,53.0,0.2,0.426,0.54,0.034,10381110,0.18,26000000,252.6495062237185
0.034,36.1,142307.10776470587,Sudan,36.0,16622.0,67320812663,0.067,119,180.0,0.054,0.2,0.14810265957446808,63.0,60.0,0.7,0.418,0.551,0.032,36430923,0.332,185000000,426.7609727834829
0.031,36.5,142307.10776470587,Swaziland,56.0,77236.84089635854,4145772237,0.083,270,104.0,0.058,0.2,0.09,48.0,49.0,0.6,0.384,0.582,0.034,1212159,0.214,26000000,252.6495062237185
0.04,44.9,142307.10776470587,Tanzania,26.0,20747.0,23874165047,0.074,38,172.0,0.039,0.0,0.15,61.0,59.0,0.6,0.449,0.52,0.031,46354607,0.288,1383000000,426.36229877741204
0.037,48.9,142307.10776470587,Togo,84.0,2764.0,3756023048,0.08,43,270.0,0.059,0.0,0.14810265957446808,57.0,55.0,0.4,0.42,0.553,0.027,6472304,0.38,26000000,252.6495062237185
0.019,62.4,142307.10776470587,Tunisia,11.0,9504.0,45951129422,0.07,304,144.0,0.014,0.4,0.14810265957446808,77.0,73.0,1.2,0.233,0.697,0.07,10673800,0.661,2529000000,413.4983097699966
0.044,35.0,142307.10776470587,Uganda,33.0,77236.84089635854,15493320082,0.093,41,213.0,0.049,0.1,0.218,59.0,57.0,0.5,0.487,0.489,0.024,35148064,0.148,967000000,403.391432060557
0.043,14.4,142307.10776470587,Zambia,18.0,8462.0,19201691493,0.062,87,183.0,0.059,0.1,0.188,57.0,54.0,0.6,0.468,0.505,0.026,13633796,0.392,146000000,351.83078820459957
0.032,34.3,142307.10776470587,Zimbabwe,90.0,9312.0,10956226611,0.06416951983298538,15,242.0,0.058,0.2,0.14810265957446808,56.0,55.0,0.7,0.408,0.552,0.04,13358738,0.33,664000000,252.6495062237185
0.037,36.3,142307.10776470587,Afghanistan,7.0,77236.84089635854,17870159082,0.084,48,275.0,0.074,0.1,0.151,61.0,59.0,0.6,0.481,0.497,0.022,29105480,0.251,137000000,348.18431647513376
0.014,38.8,142307.10776470587,Armenia,8.0,2716.0,10142342770,0.037,127,500.0,0.015,0.3,0.178,78.0,71.0,1.1,0.204,0.692,0.104,2964120,0.634,486000000,404.73913600879433
0.019,40.0,142307.10776470587,Azerbaijan,8.0,12561.0,65951627200,0.05,359,225.0,0.032,0.5,0.19,74.0,68.0,1.1,0.224,0.718,0.058,9173082,0.536,1500000000,453.63696346807177
0.021,35.0,142307.10776470587,Bangladesh,19.0,31294.0,111905616039,0.038,27,302.0,0.037,0.1,0.133,71.0,69.0,0.6,0.311,0.642,0.047,152862431,0.312,97000000,421.2179370717522
0.02,40.8,142307.10776470587,Bhutan,36.0,77236.84089635854,1840841618,0.037,94,274.0,0.033,0.2,0.14,68.0,67.0,0.7,0.291,0.663,0.046,729429,0.356,76000000,319.5497165999623
0.016,16.8,142307.10776470587,Brunei Darussalam,101.0,3832.0,16691360399,0.022,917,96.0,0.008,0.6,0.055,80.0,76.0,1.1,0.262,0.7,0.038,406512,0.759,26000000,252.6495062237185
0.026,21.4,142307.10776470587,Cambodia,102.0,5333.0,12829541141,0.056,49,173.0,0.036,0.0,0.14810265957446808,74.0,68.0,0.9,0.314,0.634,0.051,14605862,0.2,1790000000,385.08775906396977
0.012,63.5,142307.10776470587,China,38.0,2727728.0,7321891954613,0.051,274,358.0,0.013,0.4,0.066,76.0,74.0,0.7,0.18,0.735,0.085,1344130000,0.506,53313000000,629.6506324992482
0.014,16.5,142307.10776470587,Georgia,2.0,3543.0,14434619972,0.094,310,387.0,0.014,0.3,0.15,78.0,70.0,1.0,0.174,0.684,0.142,4483350,0.53,1069000000,390.7008088927333
0.014,23.0,142307.10776470587,"Hong Kong SAR, China",3.0,14894.0,248514003083,0.06416951983298538,15,80.0,0.032813011456628474,0.7,0.05,87.0,80.0,2.2,0.119,0.749,0.132,7071600,1.0,33169000000,560.5869145584353
0.021,62.9,142307.10776470587,India,29.0,749447.0,1880100141185,0.039,62,254.0,0.045,0.1,0.102,68.0,64.0,0.7,0.298,0.651,0.051,1221156319,0.313,17708000000,544.7830796716684
0.02,32.2,142307.10776470587,Indonesia,48.0,209009.0,845931645339,0.029,99,266.0,0.026,0.1,0.124,72.0,68.0,1.0,0.296,0.653,0.051,243801639,0.507,9038000000,523.5480283724913
0.008,48.4,142307.10776470587,Japan,22.0,461468.0,5905630870455,0.1,4641,330.0,0.002,0.8,0.015,86.0,79.0,1.0,0.132,0.631,0.237,127817277,0.912,12534000000,595.6590458182945
0.023,28.6,142307.10776470587,Kazakhstan,19.0,78101.0,188048960311,0.039,458,188.0,0.018,0.5,0.14810265957446808,74.0,64.0,1.6,0.252,0.683,0.066,16556600,0.536,1524000000,454.88904838586694
0.014,44.1,142307.10776470587,"Korea, Dem. Rep.",39.99941792782305,19037.0,1001970945,0.06416951983298538,15,302.06850282485874,0.024,0.23974713551955748,0.14810265957446808,73.0,66.0,0.0,0.223,0.687,0.09,24631291,0.603,26000000,252.6495062237185
0.009,28.7,142307.10776470587,"Korea, Rep.",6.0,260440.0,1202463655510,0.074,1652,225.0,0.003,0.8,0.058,84.0,78.0,1.1,0.157,0.728,0.114,49779440,0.82,17467000000,567.5717048796504
0.027,33.4,142307.10776470587,Kyrgyz Republic,10.0,3097.0,6197766119,0.062,71,210.0,0.025,0.2,0.402,74.0,66.0,1.2,0.301,0.656,0.043,5514600,0.353,689000000,406.1879337568025
0.028,31.9,142307.10776470587,Lao PDR,93.0,77236.84089635854,8254088067,0.028,35,362.0,0.057,0.1,0.14810265957446808,69.0,66.0,0.8,0.362,0.601,0.037,6521314,0.343,413000000,373.6078947785914
0.01,44.1,142307.10776470587,"Macao SAR, China",39.99941792782305,77236.84089635854,36634742799,0.06416951983298538,15,302.06850282485874,0.032813011456628474,0.6,0.053,82.0,78.0,2.5,0.124,0.802,0.074,546278,1.0,38976000000,445.741944791863
0.018,34.0,142307.10776470587,Malaysia,6.0,75907.0,289258937259,0.038,384,133.0,0.007,0.6,0.049,77.0,72.0,1.3,0.272,0.678,0.05,28758968,0.717,19649000000,531.0116879058966
0.022,9.3,142307.10776470587,Maldives,9.0,77236.84089635854,2162990126,0.081,525,302.06850282485874,0.01,0.3,0.102,78.0,76.0,1.6,0.294,0.655,0.05,331964,0.412,1868000000,374.83624007922816
0.023,24.6,142307.10776470587,Mongolia,13.0,3607.0,8761426371,0.06,190,192.0,0.028,0.1,0.166,71.0,63.0,1.1,0.27,0.692,0.038,2754209,0.685,258000000,392.7105338311317
0.018,44.1,142307.10776470587,Myanmar,39.99941792782305,14056.0,1001970945,0.018,19,302.06850282485874,0.042,0.0,0.163,67.0,63.0,0.0,0.257,0.692,0.051,52350763,0.319,293000000,349.62688990362375
0.022,31.5,142307.10776470587,Nepal,29.0,10391.0,18850351853,0.061,41,326.0,0.035,0.1,0.14810265957446808,69.0,66.0,0.5,0.364,0.586,0.05,27156367,0.172,415000000,394.2514145217757
0.026,34.6,142307.10776470587,Pakistan,21.0,84845.0,213685918599,0.03,36,560.0,0.072,0.1,0.144,67.0,65.0,0.6,0.349,0.608,0.043,176166353,0.37,1123000000,455.35257407393374
0.025,44.5,142307.10776470587,Philippines,36.0,40452.0,224095219329,0.044,105,195.0,0.025,0.3,0.067,72.0,65.0,1.0,0.349,0.613,0.038,95053437,0.45,4026000000,505.4551587894871
0.01,27.1,142307.10776470587,Singapore,3.0,33447.0,274065043106,0.042,2144,84.0,0.002,0.7,0.054,84.0,80.0,1.5,0.169,0.737,0.093,5183700,1.0,18082000000,565.8872246562521
0.018,112.9,142307.10776470587,Sri Lanka,37.0,10421.0,59178013928,0.033,93,256.0,0.009,0.2,0.094,77.0,71.0,0.9,0.251,0.669,0.08,20869000,0.183,1421000000,426.27320504912876
0.033,84.5,142307.10776470587,Tajikistan,24.0,2395.0,6522732203,0.058,48,224.0,0.043,0.1,0.248,71.0,64.0,0.8,0.358,0.61,0.032,7814850,0.265,39800000,254.2029211710431
0.011,36.9,142307.10776470587,Thailand,29.0,119147.0,345672232116,0.041,214,264.0,0.012,0.2,0.069,77.0,71.0,1.2,0.189,0.72,0.091,66576332,0.454,30926000000,515.9201704415102
0.036,11.0,142307.10776470587,Timor-Leste,94.0,77236.84089635854,1128300000,0.046,46,276.0,0.05,0.0,0.11,68.0,65.0,0.6,0.469,0.5,0.032,1120392,0.302,24000000,322.5129410194308
0.022,44.1,142307.10776470587,Turkmenistan,39.99941792782305,24710.0,29233333333,0.021,114,302.06850282485874,0.05,0.1,0.14810265957446808,69.0,61.0,1.0,0.289,0.671,0.041,5106668,0.487,26000000,252.6495062237185
0.022,97.5,142307.10776470587,Uzbekistan,14.0,47755.0,45324319955,0.056,91,205.0,0.039,0.3,0.14810265957446808,71.0,65.0,0.9,0.293,0.664,0.043,29339400,0.362,26000000,252.6495062237185
0.016,40.0,142307.10776470587,Vietnam,38.0,61210.0,135539487317,0.068,93,941.0,0.02,0.4,0.17,80.0,71.0,1.4,0.231,0.703,0.065,87840000,0.31,5710000000,451.97736158408713
0.013,31.5,142307.10776470587,Albania,6.0,2173.0,12890867763,0.06,243,371.0,0.014,0.5,0.124,80.0,74.0,1.0,0.221,0.676,0.103,2829337,0.532,1833000000,451.17449232274936
0.022714893617021278,44.1,142307.10776470587,Andorra,39.99941792782305,77236.84089635854,1001970945,0.072,3053,302.06850282485874,0.002,0.8,0.14810265957446808,71.15926791277259,66.46183800623054,0.8,0.3030511272141707,0.6234814814814815,0.07346457326892109,77865,0.873,26000000,252.6495062237185
0.009,52.3,142307.10776470587,Austria,25.0,33019.0,415984217115,0.113,5643,170.0,0.003,0.8,0.14810265957446808,84.0,78.0,1.5,0.146,0.673,0.181,8406187,0.659,22453000000,542.053495306346
0.012,62.3,142307.10776470587,Belarus,10.0,29501.0,59734593905,0.049,311,654.0,0.004,0.4,0.136,77.0,65.0,1.1,0.149,0.712,0.138,9473000,0.75,747000000,416.4531707009048
0.012,57.0,142307.10776470587,Belgium,4.0,59094.0,513317999900,0.105,4914,156.0,0.004,0.8,0.14810265957446808,83.0,78.0,1.1,0.168,0.658,0.174,11047744,0.977,13008000000,571.6994866128452
0.009,23.7,142307.10776470587,Bosnia and Herzegovina,40.0,7095.0,18252896439,0.099,471,422.0,0.006,0.6,0.074,79.0,73.0,0.8,0.169,0.678,0.153,3839322,0.393,734000000,372.0185050015224
0.01,27.2,142307.10776470587,Bulgaria,18.0,19216.0,53542780661,0.073,522,500.0,0.011,0.5,0.106,78.0,71.0,1.4,0.134,0.68,0.186,7348328,0.726,4554000000,446.3668922787347
0.01,21.9,142307.10776470587,Croatia,8.0,8439.0,61520901516,0.068,992,196.0,0.004,0.6,0.097,80.0,74.0,1.2,0.151,0.671,0.177,4280622,0.578,9638000000,425.959928456502
0.012,22.0,142307.10776470587,Cyprus,8.0,2368.0,24851264943,0.074,2123,149.0,0.003,0.6,0.14810265957446808,82.0,77.0,1.0,0.174,0.708,0.118,1116513,0.674,2751000000,452.25004408988167
0.01,48.1,142307.10776470587,Czech Republic,20.0,43429.0,216061200559,0.075,1545,557.0,0.003,0.7,0.057,81.0,75.0,1.2,0.143,0.699,0.158,10496088,0.732,8503000000,495.6091680257545
0.011,26.4,142307.10776470587,Denmark,6.0,17997.0,333743578564,0.109,6521,135.0,0.003,0.9,0.14810265957446808,82.0,78.0,1.3,0.178,0.651,0.171,5570572,0.87,6366000000,529.4472857216589
0.011,57.6,142307.10776470587,Estonia,7.0,5603.0,22542967739,0.058,928,81.0,0.003,0.8,0.061,81.0,71.0,1.4,0.155,0.668,0.176,1327439,0.68,1683000000,426.8490720062744
0.012,44.1,142307.10776470587,Faeroe Islands,39.99941792782305,77236.84089635854,1001970945,0.06416951983298538,15,302.06850282485874,0.032813011456628474,0.8,0.14810265957446808,84.0,79.0,1.2,0.3030511272141707,0.6234814814814815,0.07346457326892109,49551,0.411,26000000,252.6495062237185
0.011,39.0,142307.10776470587,Finland,14.0,34749.0,262379400238,0.09,4411,93.0,0.002,0.9,0.14810265957446808,84.0,77.0,1.7,0.164,0.659,0.177,5388272,0.837,5591000000,506.99386125951395
0.013,64.7,142307.10776470587,France,7.0,252827.0,2782210861683,0.116,4968,132.0,0.004,0.8,0.14810265957446808,86.0,79.0,0.9,0.183,0.646,0.171,65343588,0.786,65959000000,610.6165210085941
0.008,45.6,142307.10776470587,Germany,15.0,311770.0,3628110015053,0.113,4996,221.0,0.003,0.8,0.14810265957446808,83.0,78.0,1.1,0.133,0.657,0.21,81797673,0.745,53399000000,641.6131890443738
0.01,45.9,142307.10776470587,Greece,11.0,26723.0,289886951188,0.09,2304,224.0,0.004,0.5,0.14810265957446808,84.0,78.0,1.1,0.146,0.663,0.192,11123213,0.766,14984000000,478.9741782492972
0.009,52.0,142307.10776470587,Hungary,4.0,24964.0,137452115093,0.079,1096,277.0,0.006,0.7,0.083,79.0,71.0,1.2,0.146,0.685,0.169,9971727,0.693,6929000000,476.5999037913402
0.014,29.6,142307.10776470587,Iceland,5.0,5731.0,14042801904,0.092,4051,140.0,0.002,0.9,0.077,84.0,81.0,1.1,0.208,0.669,0.123,319014,0.937,751000000,417.0646495156065
0.016,25.4,142307.10776470587,Ireland,13.0,13216.0,226035376257,0.088,4306,76.0,0.003,0.7,0.14810265957446808,83.0,79.0,1.1,0.215,0.67,0.115,4576794,0.621,9526000000,512.8238731132145
0.022714893617021278,44.1,142307.10776470587,Isle of Man,39.99941792782305,77236.84089635854,1001970945,0.06416951983298538,15,302.06850282485874,0.032813011456628474,0.23974713551955748,0.14810265957446808,71.15926791277259,66.46183800623054,0.5781237682301931,0.3030511272141707,0.6234814814814815,0.07346457326892109,84654,0.52,26000000,252.6495062237185
0.009,67.7,142307.10776470587,Italy,6.0,167416.0,2196336800620,0.092,3339,285.0,0.003,0.5,0.046,85.0,80.0,1.6,0.14,0.654,0.205,59379449,0.684,45368000000,590.4457052741946
0.018,15.4,142307.10776470587,Kosovo,58.0,2528.0,6630214452,0.06416951983298538,15,164.0,0.032813011456628474,0.23974713551955748,0.139,72.0,68.0,0.5781237682301931,0.3030511272141707,0.6234814814814815,0.07346457326892109,1790957,0.5629525765496639,26000000,252.6495062237185
0.009,37.1,142307.10776470587,Latvia,16.0,4371.0,28480338368,0.06,826,290.0,0.008,0.7,0.064,79.0,69.0,1.1,0.143,0.672,0.185,2059709,0.676,1102000000,426.0048209904163
0.011,44.1,142307.10776470587,Liechtenstein,39.99941792782305,77236.84089635854,1001970945,0.06416951983298538,15,302.06850282485874,0.032813011456628474,0.9,0.14810265957446808,84.0,80.0,1.0,0.3030511272141707,0.6234814814814815,0.07346457326892109,36388,0.144,26000000,252.6495062237185
0.011,43.1,142307.10776470587,Lithuania,22.0,7287.0,43083067994,0.067,887,175.0,0.005,0.6,0.14810265957446808,79.0,68.0,1.6,0.151,0.693,0.155,3028115,0.667,1417000000,423.8900766790453
0.011,19.8,142307.10776470587,Luxembourg,19.0,4171.0,58009863403,0.067,7751,59.0,0.002,0.9,0.14810265957446808,84.0,79.0,1.5,0.175,0.685,0.14,518347,0.889,4825000000,486.821847134152
0.011,8.4,142307.10776470587,"Macedonia, FYR",3.0,3122.0,10395222334,0.069,344,119.0,0.008,0.6,0.089,77.0,73.0,1.1,0.171,0.71,0.118,2103890,0.57,242000000,356.62112107221424
0.01,41.0,142307.10776470587,Malta,40.0,857.0,9302057270,0.087,1900,139.0,0.005,0.7,0.047,83.0,79.0,1.2,0.153,0.697,0.15,416268,0.948,1465000000,392.4151804340308
0.012,30.8,142307.10776470587,Moldova,9.0,3331.0,7016162818,0.114,224,228.0,0.014,0.4,0.144,73.0,65.0,0.9,0.165,0.723,0.112,3559986,0.449,262000000,389.65837587050527
0.022714893617021278,44.1,142307.10776470587,Monaco,39.99941792782305,77236.84089635854,6074506533,0.044,7180,302.06850282485874,0.003,0.8,0.14810265957446808,71.15926791277259,66.46183800623054,0.9,0.3030511272141707,0.6234814814814815,0.07346457326892109,37261,1.0,26000000,252.6495062237185
0.012,20.9,142307.10776470587,Montenegro,10.0,1179.0,4501753898,0.072,522,372.0,0.006,0.4,0.097,77.0,72.0,1.9,0.193,0.682,0.126,620644,0.633,926000000,326.3083060590406
0.011,39.6,142307.10776470587,Netherlands,8.0,77419.0,832755438977,0.119,5997,127.0,0.004,0.9,0.02,83.0,79.0,1.2,0.173,0.667,0.159,16693074,0.878,20970000000,564.6444847875116
0.012,40.7,142307.10776470587,Norway,7.0,28137.0,490806911071,0.099,9908,87.0,0.003,0.9,0.14810265957446808,84.0,79.0,1.2,0.187,0.661,0.152,4953088,0.794,6301000000,554.4427050949437
0.01,39.5,142307.10776470587,Poland,32.0,101313.0,515771297421,0.068,915,296.0,0.005,0.6,0.14810265957446808,81.0,73.0,1.3,0.149,0.713,0.137,38534157,0.608,11598000000,524.7440539838702
0.009,42.7,142307.10776470587,Portugal,4.0,23084.0,237888302256,0.102,2302,275.0,0.003,0.6,0.14810265957446808,84.0,77.0,1.2,0.15,0.667,0.182,10557560,0.612,14882000000,498.2828134398527
0.01,43.1,142307.10776470587,Romania,14.0,35830.0,182610666616,0.056,480,222.0,0.012,0.4,0.121,78.0,71.0,1.1,0.15,0.701,0.149,20147528,0.54,2018000000,464.57485913600834
0.013,46.9,142307.10776470587,Russian Federation,29.0,730970.0,1904793021649,0.061,803,290.0,0.01,0.5,0.085,76.0,64.0,1.4,0.151,0.718,0.13,142956460,0.737,16961000000,592.601674434492
0.01,44.1,142307.10776470587,San Marino,39.99941792782305,77236.84089635854,1001970945,0.055,3553,302.06850282485874,0.003,0.5,0.059,86.0,80.0,1.1,0.3030511272141707,0.6234814814814815,0.07346457326892109,31048,0.941,26000000,252.6495062237185
0.009,34.0,142307.10776470587,Serbia,13.0,16185.0,43749934551,0.103,622,279.0,0.006,0.4,0.172,77.0,72.0,1.3,0.167,0.695,0.138,7234099,0.553,1149000000,439.1856086775909
0.011,47.6,142307.10776470587,Slovak Republic,18.0,17349.0,95877536836,0.079,1415,231.0,0.007,0.7,0.14810265957446808,80.0,72.0,1.1,0.15,0.725,0.125,5398384,0.544,2514000000,467.3788095183702
0.011,33.9,142307.10776470587,Slovenia,6.0,7249.0,50250147802,0.089,2171,260.0,0.003,0.7,0.14810265957446808,83.0,77.0,1.1,0.141,0.691,0.169,2052843,0.499,2953000000,440.87831353562393
0.01,38.7,142307.10776470587,Spain,28.0,125570.0,1454534452554,0.093,2978,187.0,0.004,0.7,0.14810265957446808,86.0,80.0,1.1,0.151,0.677,0.173,46742697,0.787,67698000000,570.435517933266
0.012,52.0,142307.10776470587,Sweden,16.0,49045.0,536000581090,0.095,5419,122.0,0.002,0.9,0.14810265957446808,84.0,80.0,1.2,0.166,0.649,0.185,9449213,0.852,12777000000,555.4232440295497
0.01,28.9,142307.10776470587,Switzerland,18.0,25375.0,658867317929,0.11,9248,63.0,0.004,0.9,0.027,85.0,81.0,1.3,0.149,0.679,0.172,7912398,0.737,20640000000,553.8204996201819
0.017,40.0,142307.10776470587,Turkey,6.0,112459.0,774754155294,0.061,644,226.0,0.019,0.4,0.14810265957446808,78.0,71.0,0.9,0.264,0.665,0.072,73058638,0.713,30093000000,501.9601019337415
0.011,57.1,142307.10776470587,Ukraine,24.0,126438.0,163421733019,0.073,262,657.0,0.01,0.3,0.159,76.0,66.0,1.2,0.14,0.704,0.156,45706100,0.689,5406000000,497.19657827240496
0.013,36.1,142307.10776470587,United Kingdom,12.0,188074.0,2462484285580,0.094,3659,110.0,0.004,0.9,0.005,83.0,79.0,1.2,0.175,0.656,0.169,63258918,0.816,45940000000,619.606591871451
0.016,13.5,142307.10776470587,Bahrain,9.0,9506.0,29044378668,0.038,766,36.0,0.006,0.8,0.068,77.0,76.0,1.3,0.198,0.781,0.021,1292764,0.886,1766000000,425.0521780789718
0.019,44.1,142307.10776470587,"Iran, Islamic Rep.",11.0,212145.0,528426099489,0.068,483,344.0,0.016,0.2,0.11,75.0,72.0,0.7,0.236,0.712,0.052,75424285,0.712,2574000000,534.0852259139003
0.032,27.8,142307.10776470587,Iraq,32.0,40220.0,191176927521,0.027,160,312.0,0.029,0.1,0.136,73.0,65.0,0.8,0.409,0.558,0.033,31760020,0.691,1557000000,455.9935533672484
0.021,30.2,142307.10776470587,Israel,20.0,23254.0,258216783343,0.076,2373,235.0,0.003,0.7,0.06,84.0,80.0,1.2,0.273,0.622,0.105,7765800,0.919,6029000000,498.1834578090043
0.028,27.7,142307.10776470587,Jordan,12.0,7064.0,28840197019,0.088,386,151.0,0.017,0.3,0.087,75.0,72.0,1.1,0.346,0.62,0.034,6181000,0.827,3860000000,439.746180918601
0.021,10.7,142307.10776470587,Kuwait,32.0,32523.0,160600006232,0.026,1349,98.0,0.009,0.7,0.052,75.0,73.0,1.6,0.251,0.728,0.021,3124705,0.983,644000000,526.2520466929452
0.013,30.2,142307.10776470587,Lebanon,9.0,6349.0,40078938640,0.074,646,180.0,0.009,0.5,0.075,82.0,77.0,0.8,0.227,0.688,0.085,4382790,0.873,6797000000,493.45825125688725
0.022,22.0,142307.10776470587,Oman,8.0,25276.0,69971912138,0.024,610,62.0,0.01,0.5,0.062,79.0,74.0,1.6,0.257,0.717,0.026,3024774,0.757,1612000000,458.275587650169
0.011,11.3,142307.10776470587,Qatar,9.0,33285.0,169804731108,0.019,1738,36.0,0.007,0.7,0.055,79.0,77.0,1.2,0.134,0.856,0.01,1910902,0.988,4463000000,518.8853398633637
0.02,14.5,142307.10776470587,Saudi Arabia,21.0,187070.0,669506666667,0.035,721,79.0,0.014,0.5,0.14810265957446808,77.0,74.0,1.9,0.302,0.669,0.029,27761728,0.823,9317000000,558.1310481822264
0.025,39.7,142307.10776470587,Syrian Arab Republic,13.0,19986.0,1001970945,0.034,102,336.0,0.013,0.2,0.14810265957446808,78.0,72.0,0.6,0.355,0.607,0.038,21961676,0.561,26000000,252.6495062237185
0.016,14.1,142307.10776470587,United Arab Emirates,13.0,66108.0,348594945288,0.031,1375,12.0,0.007,0.8,0.14810265957446808,78.0,76.0,1.3,0.14,0.857,0.003,8925096,0.844,26000000,252.6495062237185
0.032,32.7,142307.10776470587,"Yemen, Rep.",12.0,7260.0,29207296703,0.05,63,248.0,0.044,0.1,0.25,64.0,61.0,0.5,0.413,0.559,0.028,23304206,0.323,780000000,375.13763582600546
0.022714893617021278,44.1,142307.10776470587,American Samoa,39.99941792782305,77236.84089635854,1001970945,0.06416951983298538,15,302.06850282485874,0.032813011456628474,0.23974713551955748,0.14810265957446808,71.15926791277259,66.46183800623054,0.5781237682301931,0.3030511272141707,0.6234814814814815,0.07346457326892109,55274,0.875,26000000,252.6495062237185
0.014,47.3,142307.10776470587,Australia,3.0,122888.0,1386889147177,0.092,6114,109.0,0.004,0.8,0.077,84.0,80.0,1.0,0.189,0.674,0.137,22340000,0.889,34207000000,587.0766040567325
0.021,38.3,142307.10776470587,Fiji,45.0,77236.84089635854,3753485389,0.038,167,163.0,0.02,0.3,0.075,73.0,67.0,0.8,0.289,0.661,0.05,867921,0.522,933000000,344.4900330352392
0.017,44.1,142307.10776470587,French Polynesia,39.99941792782305,77236.84089635854,1001970945,0.06416951983298538,15,302.06850282485874,0.032813011456628474,0.5,0.14810265957446808,78.0,74.0,0.8,0.233,0.698,0.07,270874,0.563,384000000,358.7036959770631
0.018,44.1,142307.10776470587,Guam,39.99941792782305,77236.84089635854,1001970945,0.06416951983298538,15,302.06850282485874,0.032813011456628474,0.6,0.14810265957446808,81.0,76.0,0.5781237682301931,0.271,0.654,0.075,160858,0.942,26000000,252.6495062237185
0.023,31.8,142307.10776470587,Kiribati,31.0,77236.84089635854,172253739,0.108,181,120.0,0.047,0.1,0.14810265957446808,71.0,65.0,0.1,0.33,0.631,0.039,99250,0.439,26000000,252.6495062237185
0.022714893617021278,64.8,142307.10776470587,Marshall Islands,17.0,77236.84089635854,170700000,0.16,567,128.0,0.032,0.1,0.14810265957446808,71.15926791277259,66.46183800623054,0.5781237682301931,0.3030511272141707,0.6234814814814815,0.07346457326892109,52495,0.716,26000000,252.6495062237185
0.024,59.0,142307.10776470587,"Micronesia, Fed. Sts.",16.0,77236.84089635854,310287519,0.137,412,128.0,0.032,0.2,0.144,70.0,68.0,0.3,0.364,0.597,0.039,103424,0.223,26000000,252.6495062237185
0.016,44.1,142307.10776470587,New Caledonia,39.99941792782305,77236.84089635854,1001970945,0.06416951983298538,15,302.06850282485874,0.032813011456628474,0.5,0.14810265957446808,79.0,73.0,0.9,0.231,0.671,0.098,254000,0.679,153000000,360.4679893823877
0.014,34.4,142307.10776470587,New Zealand,1.0,18167.0,163841041662,0.103,3715,172.0,0.005,0.8,0.061,83.0,79.0,1.1,0.204,0.663,0.133,4405200,0.862,5546000000,482.46615808755894
0.03,42.1,142307.10776470587,Papua New Guinea,51.0,77236.84089635854,12393604089,0.042,74,194.0,0.05,0.0,0.108,64.0,60.0,0.3,0.387,0.584,0.028,7012977,0.13,3500000,252.6495062237185
0.027,18.9,142307.10776470587,Samoa,9.0,77236.84089635854,631791993,0.07,245,224.0,0.016,0.1,0.1,76.0,70.0,0.5781237682301931,0.381,0.569,0.051,187429,0.199,135000000,286.1376211960345
0.032,26.2,142307.10776470587,Solomon Islands,42.0,77236.84089635854,868574141,0.077,124,80.0,0.026,0.1,0.132,69.0,66.0,0.5,0.406,0.561,0.033,537997,0.205,86700000,324.18597802560026
0.027,25.4,142307.10776470587,Tonga,16.0,77236.84089635854,423038017,0.05,219,164.0,0.011,0.3,0.114,75.0,69.0,0.5,0.374,0.568,0.058,104554,0.234,26000000,252.6495062237185
0.027,8.4,142307.10776470587,Vanuatu,35.0,77236.84089635854,785745262,0.038,125,120.0,0.015,0.1,0.055,73.0,69.0,0.6,0.378,0.582,0.04,241778,0.249,252000000,305.51796601229137
0.017,41.0,142307.10776470587,Antigua and Barbuda,21.0,77236.84089635854,1127037037,0.055,703,207.0,0.008,0.5,0.109,78.0,73.0,2.0,0.258,0.67,0.072,88152,0.257,312000000,314.26544695030617
0.017,107.7,142307.10776470587,Argentina,25.0,80112.0,557727273773,0.079,866,415.0,0.013,0.5,0.141,80.0,72.0,1.5,0.246,0.646,0.107,40728738,0.911,6060000000,516.8846573840852
0.011,44.1,142307.10776470587,Aruba,39.99941792782305,77236.84089635854,2584463687,0.06416951983298538,15,302.06850282485874,0.032813011456628474,0.7,0.097,78.0,73.0,0.5781237682301931,0.204,0.689,0.107,101932,0.427,1360000000,379.5458789948939
0.015,46.6,142307.10776470587,"Bahamas, The",24.0,77236.84089635854,7872584000,0.075,1622,58.0,0.011,0.7,0.051,78.0,72.0,0.8,0.22,0.708,0.072,366331,0.826,2223000000,386.7057489805004
0.013,41.1,142307.10776470587,Barbados,18.0,77236.84089635854,4368900000,0.072,935,245.0,0.014,0.7,0.087,77.0,73.0,1.2,0.191,0.704,0.105,281804,0.319,26000000,252.6495062237185
0.024,33.2,142307.10776470587,Belize,44.0,77236.84089635854,1489000000,0.058,264,147.0,0.015,0.2,0.134,77.0,71.0,0.7,0.349,0.612,0.039,316280,0.447,248000000,303.6804101832035
0.012,44.1,142307.10776470587,Bermuda,39.99941792782305,77236.84089635854,5550771000,0.06416951983298538,15,302.06850282485874,0.032813011456628474,0.9,0.14810265957446808,82.0,77.0,0.5781237682301931,0.3030511272141707,0.6234814814814815,0.07346457326892109,64564,1.0,472000000,393.58426061023806
0.026,80.0,142307.10776470587,Bolivia,49.0,7704.0,23948541156,0.05,115,1080.0,0.033,0.3,0.109,69.0,65.0,0.8,0.356,0.596,0.048,10324445,0.669,499000000,393.2950445605219
0.015,66.3,142307.10776470587,Brazil,119.0,270028.0,2476694763271,0.089,1119,2600.0,0.014,0.5,0.439,77.0,70.0,1.2,0.25,0.679,0.071,196935134,0.846,6830000000,573.3600438109801
0.011,26.1,142307.10776470587,Canada,5.0,251845.0,1778632046933,0.109,5656,131.0,0.005,0.8,0.03,83.0,79.0,0.8,0.164,0.691,0.145,34342780,0.811,19989000000,597.4372237065661
0.015,44.1,142307.10776470587,Cayman Islands,39.99941792782305,77236.84089635854,1001970945,0.06416951983298538,15,302.06850282485874,0.032813011456628474,0.7,0.14810265957446808,71.15926791277259,66.46183800623054,1.7,0.3030511272141707,0.6234814814814815,0.07346457326892109,56601,1.0,472000000,353.1484461045502
0.014,24.5,142307.10776470587,Chile,8.0,33574.0,251162316598,0.071,1022,316.0,0.007,0.5,0.09,82.0,76.0,1.3,0.217,0.688,0.094,17308449,0.888,2751000000,459.6582123883895
0.019,76.4,142307.10776470587,Colombia,14.0,31613.0,335415156702,0.065,466,193.0,0.015,0.4,0.112,77.0,70.0,1.0,0.284,0.658,0.058,47078792,0.753,2992000000,473.8359791236808
0.016,55.3,142307.10776470587,Costa Rica,60.0,4655.0,41237296807,0.102,883,246.0,0.009,0.4,0.161,82.0,77.0,0.9,0.244,0.689,0.067,4737680,0.729,2375000000,402.93248095181485
0.01,44.1,142307.10776470587,Cuba,39.99941792782305,11187.0,68233900000,0.106,648,302.06850282485874,0.006,0.2,0.14810265957446808,81.0,77.0,0.1,0.169,0.703,0.127,11276053,0.767,2503000000,252.6495062237185
0.013,44.1,142307.10776470587,Curacao,39.99941792782305,77236.84089635854,1001970945,0.06416951983298538,15,302.06850282485874,0.032813011456628474,0.23974713551955748,0.14810265957446808,81.0,74.0,1.4,0.197,0.669,0.134,150612,0.898,540000000,383.64867627955954
0.022714893617021278,37.1,142307.10776470587,Dominica,12.0,77236.84089635854,491481481,0.06,402,117.0,0.011,0.5,0.088,71.15926791277259,66.46183800623054,1.5,0.3030511272141707,0.6234814814814815,0.07346457326892109,71401,0.684,113000000,265.7036038635226
0.022,41.2,142307.10776470587,Dominican Republic,19.0,7382.0,55433248935,0.054,293,324.0,0.025,0.4,0.156,76.0,70.0,0.9,0.308,0.631,0.061,10147598,0.749,4436000000,404.6653790205565
0.021,35.3,142307.10776470587,Ecuador,56.0,12942.0,76769729000,0.069,362,654.0,0.02,0.3,0.14810265957446808,79.0,73.0,1.0,0.306,0.631,0.063,15246481,0.629,849000000,425.87000377024066
0.02,34.8,142307.10776470587,El Salvador,17.0,4319.0,23139000000,0.068,252,320.0,0.015,0.2,0.14810265957446808,77.0,67.0,1.3,0.313,0.617,0.07,6256242,0.648,729000000,372.9795619435841
0.014,44.1,142307.10776470587,Greenland,39.99941792782305,77236.84089635854,1001970945,0.06416951983298538,15,302.06850282485874,0.032813011456628474,0.6,0.14810265957446808,71.15926791277259,66.46183800623054,1.0,0.3030511272141707,0.6234814814814815,0.07346457326892109,56890,0.848,26000000,252.6495062237185
0.019,45.3,142307.10776470587,Grenada,15.0,77236.84089635854,778518505,0.065,481,140.0,0.011,0.3,0.107,75.0,70.0,1.2,0.272,0.656,0.072,105074,0.356,117000000,259.7930106370605
0.032,40.9,142307.10776470587,Guatemala,37.0,10163.0,47654789735,0.067,215,344.0,0.028,0.1,0.134,75.0,68.0,1.3,0.412,0.544,0.045,14706578,0.498,1350000000,426.6726944360374
0.021,35.9,142307.10776470587,Guyana,20.0,77236.84089635854,2576602497,0.068,221,263.0,0.032,0.3,0.145,69.0,63.0,0.7,0.373,0.595,0.033,790882,0.283,95000000,330.69271284949457
0.026,40.4,142307.10776470587,Haiti,105.0,3211.0,7516834160,0.085,62,184.0,0.057,0.1,0.116,64.0,61.0,0.4,0.358,0.598,0.045,10032864,0.535,162000000,397.69850986434585
0.026,43.6,142307.10776470587,Honduras,14.0,4740.0,17710325578,0.084,187,224.0,0.02,0.2,0.186,76.0,71.0,1.0,0.362,0.594,0.043,7776669,0.523,642000000,396.6402651600717
0.015,44.3,142307.10776470587,Jamaica,7.0,3066.0,14433926129,0.052,273,414.0,0.015,0.4,0.195,76.0,71.0,1.1,0.284,0.637,0.079,2699838,0.539,2055000000,367.7497628827629
0.019,52.7,142307.10776470587,Mexico,6.0,186171.0,1170085556896,0.06,609,347.0,0.014,0.4,0.049,79.0,75.0,0.8,0.295,0.643,0.061,119361233,0.781,12458000000,528.8070020061386
0.024,66.9,142307.10776470587,Nicaragua,39.0,3038.0,9898547558,0.076,124,207.0,0.021,0.1,0.105,77.0,71.0,0.8,0.339,0.615,0.046,5905146,0.575,378000000,390.28696390899574
0.02,43.6,142307.10776470587,Panama,8.0,4058.0,33270500000,0.079,664,482.0,0.016,0.4,0.069,80.0,74.0,1.8,0.29,0.641,0.069,3740282,0.654,2925000000,412.71131658159936
0.024,35.0,142307.10776470587,Paraguay,35.0,4858.0,25071193102,0.089,352,387.0,0.02,0.2,0.174,74.0,70.0,1.0,0.331,0.616,0.053,6573097,0.587,281000000,382.15760818791796
0.02,36.6,142307.10776470587,Peru,25.0,20582.0,170563949736,0.047,283,309.0,0.014,0.4,0.187,77.0,72.0,1.1,0.296,0.643,0.061,29614887,0.773,2912000000,453.30028499742053
0.011,63.1,142307.10776470587,Puerto Rico,6.0,77236.84089635854,100351670000,0.06416951983298538,15,218.0,0.032813011456628474,0.5,0.14810265957446808,82.0,75.0,0.8,0.201,0.666,0.132,3686580,0.938,3143000000,436.90399207612074
0.022714893617021278,44.1,142307.10776470587,Sint Maarten (Dutch part),39.99941792782305,77236.84089635854,1001970945,0.06416951983298538,15,302.06850282485874,0.032813011456628474,0.23974713551955748,0.14810265957446808,71.15926791277259,66.46183800623054,0.5781237682301931,0.3030511272141707,0.6234814814814815,0.07346457326892109,38486,1.0,729000000,343.50950585483963
0.022714893617021278,52.5,142307.10776470587,St. Kitts and Nevis,19.0,77236.84089635854,728148148,0.058,820,203.0,0.008,0.8,0.094,71.15926791277259,66.46183800623054,1.5,0.3030511272141707,0.6234814814814815,0.07346457326892109,52971,0.318,94000000,270.75280671761607
0.016,34.4,142307.10776470587,St. Lucia,15.0,77236.84089635854,1295925926,0.076,513,92.0,0.013,0.5,0.1,77.0,72.0,1.2,0.248,0.666,0.086,179271,0.185,321000000,312.81976685742285
0.017,44.1,142307.10776470587,St. Martin (French part),39.99941792782305,77236.84089635854,1001970945,0.06416951983298538,15,302.06850282485874,0.032813011456628474,0.23974713551955748,0.14810265957446808,82.0,76.0,0.5781237682301931,0.3030511272141707,0.6234814814814815,0.07346457326892109,30615,0.5629525765496639,26000000,252.6495062237185
0.017,38.7,142307.10776470587,St. Vincent and the Grenadines,10.0,77236.84089635854,677037037,0.049,310,111.0,0.018,0.4,0.091,74.0,70.0,1.2,0.261,0.671,0.068,109357,0.491,92000000,268.3194695609425
0.018,27.9,142307.10776470587,Suriname,694.0,77236.84089635854,4363219094,0.06,490,199.0,0.022,0.3,0.118,74.0,67.0,1.0,0.283,0.652,0.065,529761,0.663,69000000,313.5495667692504
0.015,29.1,142307.10776470587,Trinidad and Tobago,41.0,20918.0,23676348287,0.053,935,210.0,0.02,0.6,0.08,73.0,66.0,1.4,0.207,0.708,0.085,1333082,0.089,650000000,363.77955540418924
0.022714893617021278,44.1,142307.10776470587,Turks and Caicos Islands,39.99941792782305,77236.84089635854,1001970945,0.06416951983298538,15,302.06850282485874,0.032813011456628474,0.23974713551955748,0.14810265957446808,71.15926791277259,66.46183800623054,0.5781237682301931,0.3030511272141707,0.6234814814814815,0.07346457326892109,31726,0.907,26000000,252.6495062237185
0.013,46.5,142307.10776470587,United States,5.0,2191193.0,15533800000000,0.177,8467,187.0,0.006,0.7,0.033,81.0,76.0,0.9,0.197,0.669,0.133,311582564,0.809,184536000000,649.6499065182835
0.015,41.9,142307.10776470587,Uruguay,7.0,4430.0,47236710623,0.088,1213,336.0,0.01,0.5,0.098,80.0,73.0,1.4,0.223,0.638,0.139,3383486,0.946,2401000000,420.10098796987165
0.02,62.8,142307.10776470587,"Venezuela, RB",141.0,70198.0,316482176579,0.045,487,864.0,0.014,0.4,0.172,77.0,71.0,1.0,0.291,0.651,0.058,29500625,0.888,805000000,475.04530891071846
0.011,44.1,142307.10776470587,Virgin Islands (U.S.),39.99941792782305,77236.84089635854,1001970945,0.06416951983298538,15,302.06850282485874,0.032813011456628474,0.4,0.14810265957446808,83.0,76.0,0.5781237682301931,0.206,0.649,0.145,105784,0.948,26000000,252.6495062237185
0.025,71.9,142307.10776470587,Algeria,25.0,77236.84089635854,204331017992,0.052,279,451.0,0.022,0.2,0.08,73.0,69.0,1.0,0.274,0.679,0.047,38481705,0.689,295000000,405.68646888125477
0.045,52.1,142307.10776470587,Angola,66.0,77236.84089635854,115332111283,0.035,190,282.0,0.104,0.2,0.167,53.0,50.0,0.6,0.476,0.5,0.024,20820525,0.417,711000000,379.94837002270094
0.037,65.9,142307.10776470587,Benin,26.0,77236.84089635854,7543183759,0.045,33,270.0,0.058,0.0,0.14810265957446808,61.0,58.0,0.8,0.43,0.542,0.029,10050702,0.427,192000000,252.6495062237185
0.024,25.4,142307.10776470587,Botswana,60.0,77236.84089635854,14537490553,0.053,384,152.0,0.037,0.1,0.11,46.0,48.0,1.5,0.338,0.627,0.036,2003910,0.567,30000000,339.32147943903107
0.041,43.5,142307.10776470587,Burkina Faso,13.0,77236.84089635854,10726305450,0.062,38,270.0,0.066,0.0,0.14810265957446808,56.0,55.0,0.6,0.457,0.519,0.024,16460141,0.273,26000000,252.6495062237185
0.045,51.6,142307.10776470587,Burundi,8.0,77236.84089635854,2472384813,0.081,20,274.0,0.057,0.0,0.143,56.0,52.0,0.2,0.442,0.534,0.024,9849569,0.112,2700000,307.26873851753516
0.038,48.8,142307.10776470587,Cameroon,15.0,77236.84089635854,26472637887,0.051,59,654.0,0.062,0.1,0.14810265957446808,56.0,54.0,0.6,0.431,0.537,0.032,21699631,0.527,377000000,412.89422054954406
0.034,67.4,142307.10776470587,Central African Republic,22.0,77236.84089635854,2169706411,0.038,18,483.0,0.098,0.0,0.14810265957446808,51.0,48.0,0.3,0.401,0.561,0.039,4525209,0.393,26000000,252.6495062237185
0.046,75.7,142307.10776470587,Chad,62.0,77236.84089635854,12887072082,0.028,25,732.0,0.09,0.0,0.14810265957446808,52.0,50.0,0.4,0.485,0.49,0.024,12448175,0.221,26000000,252.6495062237185
0.036,217.9,142307.10776470587,Comoros,20.0,77236.84089635854,595898770,0.045,38,100.0,0.059,0.1,0.105,62.0,59.0,0.4,0.422,0.55,0.029,717503,0.28,26000000,252.6495062237185
0.043,339.1,142307.10776470587,"Congo, Dem. Rep.",58.0,77236.84089635854,27452795398,0.056,15,336.0,0.088,0.0,0.284,51.0,48.0,0.3,0.451,0.52,0.028,65705093,0.41,6900000,342.1627519520008
0.038,64.9,142307.10776470587,"Congo, Rep.",161.0,77236.84089635854,13677929162,0.032,100,606.0,0.037,0.1,0.14810265957446808,60.0,57.0,1.0,0.424,0.542,0.034,4337051,0.641,26000000,252.6495062237185
0.037,39.4,142307.10776470587,Cote d'Ivoire,32.0,77236.84089635854,24680372724,0.071,88,270.0,0.073,0.0,0.14810265957446808,51.0,50.0,0.9,0.415,0.554,0.031,19839750,0.52,26000000,252.6495062237185
0.028,37.8,142307.10776470587,Djibouti,37.0,77236.84089635854,1353632942,0.088,129,82.0,0.059,0.1,0.14810265957446808,63.0,60.0,0.2,0.337,0.624,0.039,859652,0.771,20500000,295.9530131768024
0.024,42.6,142307.10776470587,"Egypt, Arab Rep.",8.0,77236.84089635854,262831912587,0.05,152,392.0,0.019,0.4,0.12,73.0,69.0,1.2,0.312,0.631,0.056,80721874,0.43,10823000000,476.72949588568264
0.036,44.1,142307.10776470587,Equatorial Guinea,135.0,77236.84089635854,16486743747,0.047,1138,492.0,0.071,0.1,0.14810265957446808,54.0,51.0,0.7,0.39,0.582,0.028,736296,0.395,26000000,252.6495062237185
0.037,84.5,142307.10776470587,Eritrea,84.0,77236.84089635854,3091967480,0.026,15,216.0,0.037,0.0,0.14810265957446808,65.0,60.0,0.1,0.431,0.547,0.022,6130922,0.214,26000000,252.6495062237185
0.034,32.5,142307.10776470587,Ethiopia,15.0,77236.84089635854,42805215879,0.038,18,306.0,0.046,0.0,0.14810265957446808,65.0,61.0,0.2,0.433,0.533,0.034,91728849,0.182,1980000000,361.5324848133993
0.032,43.5,142307.10776470587,Gabon,57.0,77236.84089635854,17843815459,0.035,397,488.0,0.04,0.1,0.14810265957446808,64.0,62.0,1.8,0.385,0.563,0.052,1632572,0.864,26000000,252.6495062237185
0.043,283.2,142307.10776470587,"Gambia, The",27.0,77236.84089635854,914109100,0.05,26,376.0,0.05,0.1,0.28,60.0,57.0,0.9,0.459,0.517,0.024,1791225,0.577,99000000,252.6495062237185
0.031,33.4,142307.10776470587,Ghana,12.0,77236.84089635854,41740897827,0.052,83,224.0,0.053,0.1,0.14810265957446808,62.0,60.0,1.0,0.386,0.579,0.035,25366462,0.521,1154000000,428.57455131335917
0.037,91.2,142307.10776470587,Guinea,35.0,77236.84089635854,5651088170,0.063,32,416.0,0.067,0.0,0.14810265957446808,57.0,55.0,0.5,0.425,0.544,0.031,11451273,0.357,1700000,307.26873851753516
0.038,45.9,142307.10776470587,Guinea-Bissau,9.0,77236.84089635854,822320638,0.059,30,208.0,0.08,0.0,0.14810265957446808,56.0,53.0,0.6,0.416,0.555,0.029,1663558,0.469,26000000,252.6495062237185
0.036,44.2,142307.10776470587,Kenya,32.0,77236.84089635854,40264403585,0.047,45,340.0,0.049,0.3,0.197,63.0,59.0,0.7,0.424,0.55,0.026,43178141,0.244,2004000000,360.03414968651396
0.028,16.0,142307.10776470587,Lesotho,29.0,77236.84089635854,2328196275,0.116,138,324.0,0.074,0.0,0.101,49.0,49.0,0.8,0.368,0.591,0.042,2051545,0.258,46000000,374.83624007922816
0.036,26.6,142307.10776470587,Liberia,6.0,77236.84089635854,1733828405,0.155,65,158.0,0.056,0.0,0.135,61.0,59.0,0.6,0.431,0.539,0.03,4190435,0.485,26000000,252.6495062237185
0.021,31.6,142307.10776470587,Libya,35.0,77236.84089635854,81873662519,0.039,578,889.0,0.013,0.23974713551955748,0.06,77.0,73.0,1.6,0.295,0.658,0.047,6154623,0.78,26000000,470.8610862021797
0.035,36.4,142307.10776470587,Madagascar,8.0,77236.84089635854,9880703883,0.041,18,201.0,0.041,0.0,0.6,66.0,63.0,0.4,0.427,0.545,0.028,22293914,0.332,26000000,252.6495062237185
0.04,32.4,142307.10776470587,Malawi,40.0,77236.84089635854,4240492849,0.092,25,175.0,0.046,0.0,0.323,55.0,55.0,0.3,0.454,0.514,0.031,15906483,0.158,38000000,339.6881621805503
0.047,51.1,142307.10776470587,Mali,8.0,77236.84089635854,10340794110,0.058,42,270.0,0.079,0.0,0.14810265957446808,54.0,55.0,1.0,0.471,0.5,0.028,14853572,0.376,26000000,252.6495062237185
0.034,68.2,142307.10776470587,Mauritania,19.0,77236.84089635854,3958701369,0.064,52,696.0,0.068,0.1,0.17,63.0,60.0,1.1,0.402,0.566,0.032,3796141,0.58,26000000,252.6495062237185
0.011,27.5,142307.10776470587,Mauritius,6.0,77236.84089635854,11442063228,0.048,444,161.0,0.013,0.4,0.087,77.0,70.0,1.2,0.202,0.715,0.084,1291167,0.402,1778000000,391.7177804397648
0.023,49.6,142307.10776470587,Morocco,12.0,77236.84089635854,95981572517,0.064,190,238.0,0.027,0.6,0.14810265957446808,72.0,69.0,1.2,0.278,0.672,0.05,32521143,0.587,8491000000,460.6526162020078
0.039,37.5,142307.10776470587,Mozambique,13.0,77236.84089635854,14376457305,0.064,37,230.0,0.064,0.0,0.168,51.0,49.0,0.3,0.454,0.514,0.033,25203395,0.314,289000000,370.70072292973435
0.026,21.8,142307.10776470587,Namibia,66.0,77236.84089635854,13399386550,0.083,473,314.0,0.036,0.1,0.087,67.0,61.0,1.0,0.366,0.599,0.035,2259393,0.437,26000000,252.6495062237185
0.05,43.8,142307.10776470587,Niger,17.0,77236.84089635854,6773185511,0.072,25,270.0,0.062,0.0,0.14810265957446808,58.0,58.0,0.3,0.5,0.474,0.026,17157042,0.18,26000000,252.6495062237185
0.042,33.8,142307.10776470587,Nigeria,28.0,77236.84089635854,462979245902,0.061,94,956.0,0.077,0.3,0.168,52.0,52.0,0.7,0.442,0.531,0.027,168833776,0.452,641000000,526.7542481898139
0.036,30.8,142307.10776470587,Rwanda,3.0,77236.84089635854,7133378888,0.107,66,134.0,0.039,0.1,0.14810265957446808,65.0,62.0,0.5,0.436,0.541,0.023,11457801,0.259,337000000,349.9091868805707
0.035,32.5,142307.10776470587,Sao Tome and Principe,5.0,77236.84089635854,263328450,0.079,109,424.0,0.038,0.2,0.262,68.0,64.0,0.7,0.416,0.55,0.034,188098,0.633,15000000,198.1865811743194
0.038,45.5,142307.10776470587,Senegal,6.0,77236.84089635854,14045680427,0.05,51,666.0,0.045,0.2,0.14810265957446808,65.0,62.0,0.8,0.435,0.534,0.03,13726021,0.428,26000000,252.6495062237185
0.019,25.7,142307.10776470587,Seychelles,39.0,77236.84089635854,1032199341,0.047,521,76.0,0.012,0.5,0.122,78.0,68.0,1.5,0.221,0.702,0.077,88303,0.529,26000000,231.0948803987931
0.037,32.4,142307.10776470587,Sierra Leone,12.0,77236.84089635854,3787392596,0.151,96,357.0,0.11,0.0,0.21,46.0,45.0,0.4,0.417,0.556,0.026,5978727,0.389,41000000,290.1703208023793
0.044,44.1,142307.10776470587,Somalia,39.99941792782305,77236.84089635854,1001970945,0.06416951983298538,15,302.06850282485874,0.092,0.0,0.14810265957446808,56.0,53.0,0.2,0.473,0.498,0.028,10195134,0.382,26000000,252.6495062237185
0.021,32.7,142307.10776470587,South Africa,19.0,77236.84089635854,382337636448,0.088,645,200.0,0.034,0.4,0.088,58.0,54.0,1.3,0.295,0.65,0.054,52274945,0.633,11201000000,514.815165541193
0.037,26.3,142307.10776470587,South Sudan,17.0,77236.84089635854,10560000000,0.026,27,218.0,0.066,0.23974713551955748,0.14810265957446808,56.0,54.0,0.2,0.423,0.543,0.035,10837527,0.182,26000000,252.6495062237185
0.034,36.1,142307.10776470587,Sudan,36.0,77236.84089635854,63029562337,0.072,115,180.0,0.053,0.2,0.14810265957446808,64.0,60.0,0.7,0.415,0.553,0.032,37195349,0.333,880000000,425.46301925856534
0.03,36.5,142307.10776470587,Swaziland,56.0,77236.84089635854,4049589166,0.085,259,104.0,0.057,0.2,0.088,48.0,49.0,0.7,0.38,0.585,0.034,1230985,0.214,26000000,252.6495062237185
0.04,44.9,142307.10776470587,Tanzania,26.0,77236.84089635854,28248631876,0.07,41,172.0,0.038,0.0,0.155,62.0,60.0,0.6,0.449,0.52,0.032,47783107,0.295,1605000000,429.5779094209635
0.037,48.9,142307.10776470587,Togo,38.0,77236.84089635854,3915754216,0.086,41,270.0,0.057,0.0,0.14810265957446808,57.0,55.0,0.5,0.419,0.554,0.027,6642928,0.385,26000000,252.6495062237185
0.019,62.4,142307.10776470587,Tunisia,11.0,77236.84089635854,45238491581,0.07,297,144.0,0.014,0.4,0.14810265957446808,77.0,73.0,1.2,0.232,0.697,0.071,10777500,0.663,2931000000,413.1973319807427
0.044,36.6,142307.10776470587,Uganda,33.0,77236.84089635854,20032237910,0.08,44,213.0,0.045,0.1,0.263,60.0,58.0,0.5,0.485,0.49,0.024,36345860,0.151,1105000000,408.81138843318155
0.043,15.1,142307.10776470587,Zambia,17.0,77236.84089635854,20596424325,0.065,96,183.0,0.057,0.1,0.121,59.0,55.0,0.7,0.467,0.506,0.026,14075099,0.396,155000000,355.41536745824317
0.032,34.5,142307.10776470587,Zimbabwe,90.0,77236.84089635854,12472416688,0.06416951983298538,15,242.0,0.055,0.2,0.14810265957446808,59.0,57.0,0.9,0.402,0.558,0.039,13724317,0.328,749000000,252.6495062237185
0.035,36.3,142307.10776470587,Afghanistan,7.0,77236.84089635854,20506795254,0.086,51,275.0,0.072,0.1,0.15,62.0,59.0,0.7,0.474,0.503,0.023,29824536,0.255,116000000,331.1503603323873
0.014,38.8,142307.10776470587,Armenia,8.0,77236.84089635854,9958217880,0.045,150,380.0,0.015,0.4,0.172,78.0,71.0,1.1,0.203,0.693,0.103,2969081,0.632,487000000,405.46972608658797
0.019,40.0,142307.10776470587,Azerbaijan,8.0,77236.84089635854,68730906314,0.054,398,214.0,0.031,0.5,0.183,74.0,68.0,1.1,0.222,0.721,0.057,9295784,0.539,2634000000,470.23542019765404
0.02,35.0,142307.10776470587,Bangladesh,19.0,77236.84089635854,116033894878,0.036,26,302.0,0.035,0.1,0.13,71.0,70.0,0.6,0.306,0.647,0.047,154695368,0.32,110000000,421.7162359704843
0.02,40.8,142307.10776470587,Bhutan,36.0,77236.84089635854,1861157558,0.038,90,274.0,0.031,0.3,0.14,68.0,68.0,0.8,0.285,0.668,0.047,741822,0.364,94000000,326.8209699135724
0.016,16.8,142307.10776470587,Brunei Darussalam,101.0,77236.84089635854,16953952625,0.023,939,96.0,0.008,0.6,0.055,80.0,77.0,1.1,0.258,0.702,0.04,412238,0.762,26000000,252.6495062237185
0.026,21.4,142307.10776470587,Cambodia,102.0,77236.84089635854,14054443213,0.054,51,173.0,0.034,0.0,0.14810265957446808,74.0,69.0,1.3,0.312,0.635,0.053,14864646,0.201,2000000000,390.4944006734116
0.012,63.7,142307.10776470587,China,33.0,77236.84089635854,8229490030098,0.054,322,338.0,0.012,0.4,0.06,77.0,74.0,0.8,0.18,0.733,0.087,1350695000,0.519,54937000000,646.3197004756721
0.014,16.5,142307.10776470587,Georgia,2.0,77236.84089635854,15846484588,0.092,333,280.0,0.013,0.4,0.148,78.0,70.0,1.1,0.176,0.681,0.143,4490700,0.532,1565000000,398.81562418081296
0.013,23.0,142307.10776470587,"Hong Kong SAR, China",3.0,77236.84089635854,262630086122,0.06416951983298538,15,78.0,0.032813011456628474,0.7,0.05,86.0,81.0,2.3,0.118,0.747,0.136,7154600,1.0,38021000000,563.1709488809055
0.021,62.8,142307.10776470587,India,27.0,77236.84089635854,1858744737180,0.04,61,243.0,0.043,0.1,0.106,68.0,65.0,0.7,0.294,0.654,0.052,1236686732,0.316,18340000000,546.1539537531991
0.019,32.2,142307.10776470587,Indonesia,48.0,77236.84089635854,876719347689,0.03,108,259.0,0.025,0.1,0.118,73.0,69.0,1.1,0.293,0.656,0.051,246864191,0.515,9463000000,527.820624082153
0.008,49.4,142307.10776470587,Japan,22.0,451501.0,5937766585288,0.101,4752,330.0,0.002,0.9,0.014,86.0,80.0,1.1,0.131,0.625,0.244,127561489,0.919,16197000000,597.1196941906394
0.023,28.6,142307.10776470587,Kazakhstan,19.0,77236.84089635854,203517198089,0.042,521,188.0,0.016,0.5,0.14810265957446808,74.0,65.0,1.9,0.255,0.68,0.066,16791425,0.535,1572000000,461.14170013637363
0.014,44.1,142307.10776470587,"Korea, Dem. Rep.",39.99941792782305,77236.84089635854,1001970945,0.06416951983298538,15,302.06850282485874,0.023,0.23974713551955748,0.14810265957446808,73.0,66.0,0.1,0.22,0.688,0.092,24763188,0.604,26000000,252.6495062237185
0.01,29.0,142307.10776470587,"Korea, Rep.",6.0,263002.0,1222807167489,0.075,1703,207.0,0.003,0.8,0.054,85.0,78.0,1.1,0.153,0.729,0.118,50004441,0.821,19653000000,567.9500011732798
0.028,33.4,142307.10776470587,Kyrgyz Republic,10.0,77236.84089635854,6605133551,0.071,84,210.0,0.023,0.2,0.128,74.0,66.0,1.2,0.302,0.656,0.042,5607200,0.354,750000000,416.9541173369799
0.027,31.9,142307.10776470587,Lao PDR,92.0,77236.84089635854,9386913253,0.029,40,362.0,0.055,0.1,0.14810265957446808,69.0,66.0,0.6,0.356,0.606,0.038,6645827,0.354,461000000,372.5018694248798
0.01,44.1,142307.10776470587,"Macao SAR, China",39.99941792782305,77236.84089635854,42981497744,0.06416951983298538,15,302.06850282485874,0.032813011456628474,0.6,0.053,82.0,78.0,2.9,0.122,0.8,0.077,556783,1.0,44455000000,452.0022198736087
0.018,24.5,142307.10776470587,Malaysia,6.0,77236.84089635854,305032745225,0.039,410,133.0,0.007,0.7,0.048,77.0,73.0,1.4,0.267,0.682,0.052,29239927,0.725,20251000000,536.8265773198161
0.022,26.8,142307.10776470587,Maldives,9.0,77236.84089635854,2113179304,0.085,558,252.0,0.009,0.4,0.105,79.0,77.0,1.7,0.29,0.66,0.05,338442,0.423,1873000000,376.9007759169866
0.023,24.6,142307.10776470587,Mongolia,12.0,77236.84089635854,10321968595,0.063,232,192.0,0.027,0.2,0.181,71.0,63.0,1.2,0.271,0.691,0.038,2796484,0.695,480000000,394.2514145217757
0.017,52.7,142307.10776470587,Myanmar,72.0,77236.84089635854,1001970945,0.018,20,155.0,0.041,0.0,0.13,67.0,63.0,0.1,0.253,0.696,0.052,52797319,0.325,26000000,252.6495062237185
0.022,31.5,142307.10776470587,Nepal,29.0,77236.84089635854,19206800719,0.055,36,326.0,0.033,0.1,0.14810265957446808,69.0,67.0,0.6,0.356,0.594,0.051,27474377,0.175,379000000,405.83035078928435
0.026,34.6,142307.10776470587,Pakistan,21.0,77236.84089635854,224880171658,0.031,39,560.0,0.071,0.1,0.135,67.0,66.0,0.7,0.343,0.613,0.044,179160111,0.374,1014000000,454.1846314408556
0.025,44.5,142307.10776470587,Philippines,36.0,77236.84089635854,250182019476,0.046,119,193.0,0.024,0.4,0.057,72.0,65.0,1.1,0.345,0.616,0.038,96706764,0.448,4900000000,512.8371201218578
0.01,27.6,142307.10776470587,Singapore,3.0,77236.84089635854,286908399902,0.047,2426,82.0,0.002,0.7,0.054,85.0,80.0,1.5,0.165,0.738,0.097,5312400,1.0,19261000000,568.0053285897824
0.018,55.3,142307.10776470587,Sri Lanka,8.0,77236.84089635854,59393056426,0.031,89,254.0,0.009,0.2,0.133,77.0,71.0,0.9,0.252,0.666,0.082,20328000,0.183,1756000000,437.7006551184453
0.033,84.5,142307.10776470587,Tajikistan,24.0,77236.84089635854,7633049792,0.058,55,224.0,0.042,0.1,0.252,71.0,64.0,0.8,0.358,0.61,0.032,8008990,0.266,60400000,247.50945808030656
0.01,37.2,142307.10776470587,Thailand,29.0,77236.84089635854,365965815820,0.039,215,264.0,0.012,0.3,0.071,78.0,71.0,1.3,0.185,0.721,0.094,66785001,0.467,37740000000,519.181800106651
0.036,11.0,142307.10776470587,Timor-Leste,94.0,77236.84089635854,1355000000,0.043,50,276.0,0.048,0.0,0.122,69.0,66.0,0.6,0.463,0.505,0.032,1148958,0.308,21000000,331.1503603323873
0.022,44.1,142307.10776470587,Turkmenistan,39.99941792782305,77236.84089635854,35164210526,0.02,129,302.06850282485874,0.048,0.1,0.14810265957446808,70.0,61.0,1.1,0.286,0.673,0.041,5172931,0.49,26000000,252.6495062237185
0.021,98.5,142307.10776470587,Uzbekistan,12.0,77236.84089635854,51183443225,0.059,105,205.0,0.038,0.4,0.14810265957446808,72.0,65.0,0.7,0.289,0.668,0.043,29774500,0.362,26000000,252.6495062237185
0.016,34.3,142307.10776470587,Vietnam,34.0,77236.84089635854,155820001920,0.066,102,872.0,0.02,0.4,0.135,80.0,71.0,1.5,0.229,0.706,0.066,88772900,0.317,6830000000,455.4677095128396
0.013,32.0,142307.10776470587,Albania,5.0,77236.84089635854,12344532541,0.06,228,357.0,0.014,0.5,0.109,80.0,74.0,1.1,0.213,0.681,0.106,2801681,0.543,1623000000,442.72334566856796
0.01,44.1,142307.10776470587,Andorra,39.99941792782305,77236.84089635854,1001970945,0.083,3057,302.06850282485874,0.002,0.9,0.14810265957446808,71.15926791277259,66.46183800623054,0.8,0.3030511272141707,0.6234814814814815,0.07346457326892109,78360,0.867,26000000,252.6495062237185
0.009,52.4,142307.10776470587,Austria,25.0,32896.0,394457535617,0.115,5407,170.0,0.003,0.8,0.14810265957446808,84.0,78.0,1.6,0.145,0.672,0.182,8429991,0.659,21446000000,539.9620649368446
0.012,60.5,142307.10776470587,Belarus,10.0,77236.84089635854,63615445567,0.05,339,338.0,0.004,0.5,0.195,78.0,67.0,1.1,0.151,0.711,0.138,9464000,0.755,986000000,419.2700859657691
0.011,57.6,142307.10776470587,Belgium,4.0,57286.0,482918013610,0.108,4711,156.0,0.004,0.8,0.14810265957446808,83.0,78.0,1.1,0.169,0.655,0.176,11128246,0.977,12659000000,570.8409921193421
0.009,23.7,142307.10776470587,Bosnia and Herzegovina,37.0,77236.84089635854,16853238733,0.099,447,407.0,0.006,0.7,0.069,79.0,74.0,0.9,0.163,0.682,0.155,3833916,0.394,665000000,364.17496178676356
0.01,27.7,142307.10776470587,Bulgaria,18.0,77236.84089635854,51303659418,0.074,516,454.0,0.011,0.5,0.097,78.0,71.0,1.5,0.135,0.675,0.189,7305888,0.73,4202000000,445.7133276946222
0.01,21.8,142307.10776470587,Croatia,8.0,77236.84089635854,56155732957,0.068,908,196.0,0.004,0.6,0.095,80.0,74.0,1.2,0.15,0.67,0.18,4267558,0.581,8865000000,427.8495748756423
0.012,22.2,142307.10776470587,Cyprus,8.0,77236.84089635854,22766912960,0.073,1949,147.0,0.003,0.6,0.14810265957446808,82.0,78.0,1.0,0.172,0.708,0.12,1128994,0.673,2709000000,450.12422037766936
0.01,48.1,142307.10776470587,Czech Republic,20.0,42823.0,196446226536,0.077,1432,413.0,0.003,0.7,0.054,81.0,75.0,1.3,0.146,0.692,0.162,10510785,0.731,7758000000,492.8438283971699
0.01,27.0,142307.10776470587,Denmark,6.0,17041.0,315164386682,0.112,6304,130.0,0.003,0.9,0.14810265957446808,82.0,78.0,1.3,0.177,0.649,0.175,5591572,0.871,6135000000,528.3115551668925
0.011,66.4,142307.10776470587,Estonia,7.0,5721.0,22376042498,0.059,1010,81.0,0.003,0.8,0.057,82.0,72.0,1.6,0.157,0.665,0.178,1325016,0.678,1588000000,427.6772209458558
0.013,44.1,142307.10776470587,Faeroe Islands,39.99941792782305,77236.84089635854,1001970945,0.06416951983298538,15,302.06850282485874,0.032813011456628474,0.9,0.14810265957446808,85.0,80.0,1.2,0.3030511272141707,0.6234814814814815,0.07346457326892109,49506,0.413,26000000,252.6495062237185
0.011,40.6,142307.10776470587,Finland,14.0,33475.0,247143237013,0.091,4232,93.0,0.002,0.9,0.14810265957446808,84.0,78.0,1.7,0.164,0.653,0.183,5413971,0.838,5415000000,505.7022906100742
0.013,64.7,142307.10776470587,France,7.0,251706.0,2611221313282,0.117,4690,132.0,0.004,0.8,0.14810265957446808,86.0,79.0,1.0,0.183,0.643,0.175,65676758,0.788,63530000000,604.0186415049066
0.008,45.9,142307.10776470587,Germany,15.0,307381.0,3425956470874,0.113,4683,207.0,0.003,0.8,0.14810265957446808,83.0,79.0,1.1,0.132,0.657,0.211,80425823,0.747,51581000000,639.6532645773395
0.009,44.1,142307.10776470587,Greece,12.0,25991.0,248424267494,0.093,2044,202.0,0.004,0.6,0.14810265957446808,83.0,78.0,1.2,0.146,0.66,0.194,11092771,0.77,13313000000,466.3611142929863
0.009,49.5,142307.10776470587,Hungary,5.0,23499.0,124600394632,0.078,987,277.0,0.005,0.7,0.09,79.0,72.0,1.2,0.146,0.683,0.17,9920362,0.698,5923000000,468.51212663767103
0.014,30.6,142307.10776470587,Iceland,5.0,6021.0,13586213061,0.091,3872,140.0,0.002,1.0,0.083,84.0,82.0,1.1,0.207,0.667,0.126,320716,0.938,865000000,419.2176184504104
0.016,25.5,142307.10776470587,Ireland,10.0,13350.0,210638080064,0.081,3708,80.0,0.003,0.8,0.14810265957446808,83.0,79.0,1.1,0.215,0.667,0.118,4586897,0.624,9064000000,506.93386895604107
0.022714893617021278,44.1,142307.10776470587,Isle of Man,39.99941792782305,77236.84089635854,1001970945,0.06416951983298538,15,302.06850282485874,0.032813011456628474,0.23974713551955748,0.14810265957446808,71.15926791277259,66.46183800623054,0.5781237682301931,0.3030511272141707,0.6234814814814815,0.07346457326892109,85284,0.52,26000000,252.6495062237185
0.009,67.7,142307.10776470587,Italy,6.0,158616.0,2013265404946,0.092,3032,269.0,0.003,0.6,0.052,86.0,80.0,1.6,0.14,0.651,0.208,59539717,0.686,43036000000,586.3000412139818
0.018,15.4,142307.10776470587,Kosovo,52.0,77236.84089635854,6445460830,0.06416951983298538,15,164.0,0.032813011456628474,0.23974713551955748,0.129,73.0,68.0,0.5781237682301931,0.3030511272141707,0.6234814814814815,0.07346457326892109,1807106,0.5629525765496639,26000000,252.6495062237185
0.01,35.9,142307.10776470587,Latvia,16.0,77236.84089635854,28372577697,0.06,792,264.0,0.008,0.7,0.055,79.0,69.0,1.1,0.146,0.669,0.185,2034319,0.675,1068000000,423.36869990208334
0.01,44.1,142307.10776470587,Liechtenstein,39.99941792782305,77236.84089635854,1001970945,0.06416951983298538,15,302.06850282485874,0.032813011456628474,0.9,0.14810265957446808,85.0,80.0,1.0,0.3030511272141707,0.6234814814814815,0.07346457326892109,36656,0.144,26000000,252.6495062237185
0.01,43.0,142307.10776470587,Lithuania,20.0,77236.84089635854,42343559196,0.067,859,175.0,0.005,0.7,0.14810265957446808,80.0,68.0,1.7,0.151,0.693,0.156,2987773,0.666,1430000000,431.79369500557385
0.011,20.0,142307.10776470587,Luxembourg,19.0,4080.0,55143457330,0.069,7452,59.0,0.002,0.9,0.14810265957446808,84.0,79.0,1.5,0.175,0.685,0.141,530946,0.892,4613000000,483.9642348587606
0.011,8.2,142307.10776470587,"Macedonia, FYR",2.0,77236.84089635854,9576482628,0.071,327,119.0,0.007,0.6,0.085,77.0,73.0,1.1,0.169,0.711,0.12,2105575,0.57,237000000,355.1697743329197
0.01,40.9,142307.10776470587,Malta,40.0,77236.84089635854,8863076923,0.091,1835,139.0,0.005,0.7,0.047,83.0,79.0,1.2,0.15,0.694,0.156,419455,0.95,1451000000,393.1011153459309
0.012,30.8,142307.10776470587,Moldova,9.0,77236.84089635854,7284686576,0.117,239,220.0,0.014,0.4,0.134,73.0,65.0,1.0,0.165,0.722,0.112,3559519,0.449,294000000,394.2514145217757
0.022714893617021278,44.1,142307.10776470587,Monaco,39.99941792782305,77236.84089635854,1001970945,0.044,6708,302.06850282485874,0.003,0.9,0.14810265957446808,71.15926791277259,66.46183800623054,0.9,0.3030511272141707,0.6234814814814815,0.07346457326892109,37579,1.0,26000000,252.6495062237185
0.012,20.9,142307.10776470587,Montenegro,10.0,77236.84089635854,4045813953,0.076,493,320.0,0.005,0.6,0.096,77.0,72.0,1.6,0.19,0.682,0.128,621081,0.635,860000000,324.72772309108046
0.011,39.2,142307.10776470587,Netherlands,5.0,78220.0,770066718925,0.124,5737,127.0,0.004,0.9,0.016,83.0,79.0,1.2,0.172,0.663,0.164,16754962,0.886,20527000000,563.4048248627466
0.012,40.7,142307.10776470587,Norway,7.0,29818.0,500029909755,0.09,9055,87.0,0.002,0.9,0.14810265957446808,84.0,80.0,1.2,0.186,0.659,0.155,5018573,0.797,5353000000,556.433017579875
0.01,39.8,142307.10776470587,Poland,32.0,96543.0,490212958698,0.067,854,286.0,0.005,0.6,0.14810265957446808,81.0,73.0,1.4,0.149,0.71,0.14,38535873,0.607,11835000000,525.5420419356808
0.009,42.0,142307.10776470587,Portugal,4.0,21949.0,212140251057,0.094,1905,275.0,0.003,0.6,0.14810265957446808,84.0,77.0,1.1,0.149,0.666,0.185,10514844,0.618,14559000000,493.95589406919174
0.01,42.9,142307.10776470587,Romania,10.0,77236.84089635854,169396055591,0.051,420,216.0,0.011,0.5,0.113,78.0,71.0,1.1,0.15,0.7,0.15,20076727,0.541,1919000000,460.9995984803196
0.013,54.1,142307.10776470587,Russian Federation,18.0,77236.84089635854,2017470930421,0.063,887,177.0,0.009,0.6,0.091,76.0,65.0,1.5,0.154,0.716,0.13,143178000,0.738,17876000000,604.9860831437398
0.01,42.2,142307.10776470587,San Marino,40.0,77236.84089635854,1001970945,0.065,3792,52.0,0.003,0.5,0.14810265957446808,71.15926791277259,66.46183800623054,1.2,0.3030511272141707,0.6234814814814815,0.07346457326892109,31247,0.941,26000000,252.6495062237185
0.009,34.0,142307.10776470587,Serbia,12.0,77236.84089635854,38110737579,0.105,561,279.0,0.006,0.5,0.182,78.0,73.0,1.2,0.165,0.695,0.14,7199077,0.553,1066000000,436.1992935353854
0.01,47.1,142307.10776470587,Slovak Republic,14.0,16676.0,91347809328,0.078,1326,207.0,0.006,0.8,0.14810265957446808,80.0,73.0,1.1,0.15,0.723,0.127,5407579,0.542,2365000000,464.7997003886472
0.011,33.9,142307.10776470587,Slovenia,6.0,7143.0,45379174408,0.088,1942,260.0,0.002,0.7,0.14810265957446808,83.0,77.0,1.1,0.142,0.688,0.171,2057159,0.499,2841000000,432.8416097962151
0.01,38.7,142307.10776470587,Spain,28.0,124679.0,1322481642058,0.096,2808,167.0,0.004,0.7,0.14810265957446808,85.0,80.0,1.1,0.152,0.673,0.175,46761264,0.789,63198000000,566.5748881728123
0.012,52.0,142307.10776470587,Sweden,16.0,48877.0,523941063360,0.096,5319,122.0,0.002,0.9,0.14810265957446808,84.0,80.0,1.2,0.167,0.644,0.189,9519374,0.854,12415000000,556.7143278321682
0.01,29.1,142307.10776470587,Switzerland,18.0,25500.0,631183475908,0.113,8980,63.0,0.004,0.9,0.027,85.0,81.0,1.3,0.148,0.678,0.174,7996861,0.737,19439000000,553.9986742408381
0.017,40.0,142307.10776470587,Turkey,6.0,115701.0,788863301681,0.063,665,226.0,0.017,0.5,0.14810265957446808,78.0,72.0,0.9,0.26,0.667,0.073,73997128,0.718,32249000000,495.071014133641
0.011,55.4,142307.10776470587,Ukraine,22.0,77236.84089635854,176603428857,0.076,293,491.0,0.009,0.4,0.184,76.0,66.0,1.3,0.142,0.705,0.153,45593300,0.691,5988000000,503.30849776109403
0.013,35.0,142307.10776470587,United Kingdom,12.0,192381.0,2461768284868,0.094,3647,110.0,0.004,0.9,0.005,84.0,80.0,1.2,0.175,0.653,0.172,63695687,0.818,45966000000,620.7908287940679
0.016,13.5,142307.10776470587,Bahrain,9.0,77236.84089635854,30362317939,0.039,895,36.0,0.006,0.9,0.06,77.0,76.0,1.6,0.202,0.777,0.021,1317827,0.886,1742000000,424.5910725850055
0.019,44.1,142307.10776470587,"Iran, Islamic Rep.",16.0,77236.84089635854,502729273638,0.067,490,344.0,0.015,0.3,0.11,76.0,72.0,0.8,0.237,0.711,0.052,76424443,0.718,26000000,252.6495062237185
0.031,27.8,142307.10776470587,Iraq,29.0,77236.84089635854,215837906604,0.036,226,312.0,0.029,0.1,0.13,73.0,66.0,0.8,0.405,0.562,0.033,32578209,0.692,1640000000,465.8344288095424
0.022,29.0,142307.10776470587,Israel,21.0,24079.0,257621957027,0.075,2289,235.0,0.003,0.7,0.056,84.0,80.0,1.2,0.275,0.619,0.105,7910500,0.919,6225000000,497.3993075120992
0.028,28.1,142307.10776470587,Jordan,12.0,77236.84089635854,31015239496,0.098,388,151.0,0.017,0.4,0.088,75.0,72.0,1.3,0.341,0.624,0.035,6318000,0.83,4485000000,438.98604282707606
0.021,12.4,142307.10776470587,Kuwait,32.0,77236.84089635854,183219310563,0.025,1428,98.0,0.009,0.7,0.05,75.0,73.0,1.6,0.249,0.729,0.022,3250496,0.983,780000000,529.3583448775045
0.013,30.2,142307.10776470587,Lebanon,9.0,77236.84089635854,43205095854,0.076,675,180.0,0.008,0.6,0.072,82.0,78.0,0.8,0.216,0.698,0.086,4424888,0.874,6298000000,490.19429473700325
0.021,22.0,142307.10776470587,Oman,8.0,77236.84089635854,78289467471,0.026,690,62.0,0.01,0.6,0.057,79.0,75.0,1.6,0.242,0.731,0.028,3314001,0.762,1779000000,462.4402470681881
0.011,11.3,142307.10776470587,Qatar,9.0,77236.84089635854,189944609791,0.022,2029,48.0,0.007,0.7,0.054,79.0,78.0,1.3,0.133,0.857,0.01,2050514,0.989,7220000000,533.3188169685213
0.02,14.5,142307.10776470587,Saudi Arabia,21.0,77236.84089635854,733955733333,0.032,795,72.0,0.014,0.5,0.14810265957446808,77.0,74.0,1.9,0.297,0.674,0.029,28287855,0.825,8400000000,557.5671344512457
0.024,39.7,142307.10776470587,Syrian Arab Republic,13.0,77236.84089635854,1001970945,0.034,105,336.0,0.012,0.2,0.14810265957446808,78.0,72.0,0.6,0.354,0.607,0.039,22399254,0.565,26000000,252.6495062237185
0.015,14.9,142307.10776470587,United Arab Emirates,8.0,77236.84089635854,383799194081,0.028,1343,12.0,0.007,0.9,0.14810265957446808,78.0,76.0,1.5,0.144,0.852,0.004,9205651,0.847,26000000,252.6495062237185
0.031,32.7,142307.10776470587,"Yemen, Rep.",40.0,77236.84089635854,31992801303,0.055,71,248.0,0.042,0.2,0.245,64.0,62.0,0.6,0.407,0.565,0.028,23852409,0.329,1057000000,252.6495062237185
0.022714893617021278,44.1,142307.10776470587,American Samoa,39.99941792782305,77236.84089635854,1001970945,0.06416951983298538,15,302.06850282485874,0.032813011456628474,0.23974713551955748,0.14810265957446808,71.15926791277259,66.46183800623054,0.5781237682301931,0.3030511272141707,0.6234814814814815,0.07346457326892109,55128,0.874,26000000,252.6495062237185
0.014,47.2,142307.10776470587,Australia,3.0,133681.0,1532407884934,0.091,6140,109.0,0.004,0.8,0.07,84.0,80.0,1.1,0.189,0.671,0.14,22723900,0.89,34130000000,589.0387632126306
0.021,37.6,142307.10776470587,Fiji,59.0,77236.84089635854,4035420973,0.04,177,163.0,0.02,0.3,0.07,73.0,67.0,1.0,0.289,0.659,0.052,874742,0.526,987000000,342.84192022529453
0.017,44.1,142307.10776470587,French Polynesia,39.99941792782305,77236.84089635854,1001970945,0.06416951983298538,15,302.06850282485874,0.032813011456628474,0.5,0.14810265957446808,78.0,74.0,0.8,0.229,0.7,0.071,273814,0.562,26000000,252.6495062237185
0.017,44.1,142307.10776470587,Guam,39.99941792782305,77236.84089635854,1001970945,0.06416951983298538,15,302.06850282485874,0.032813011456628474,0.6,0.14810265957446808,81.0,76.0,0.5781237682301931,0.266,0.656,0.078,162810,0.943,26000000,252.6495062237185
0.023,31.8,142307.10776470587,Kiribati,31.0,77236.84089635854,174984469,0.107,187,120.0,0.046,0.1,0.14810265957446808,71.0,66.0,0.2,0.324,0.636,0.04,100786,0.439,26000000,252.6495062237185
0.022714893617021278,64.8,142307.10776470587,Marshall Islands,17.0,77236.84089635854,173000000,0.156,590,128.0,0.031,0.1,0.14810265957446808,71.15926791277259,66.46183800623054,0.5781237682301931,0.3030511272141707,0.6234814814814815,0.07346457326892109,52555,0.719,26000000,252.6495062237185
0.024,59.9,142307.10776470587,"Micronesia, Fed. Sts.",16.0,77236.84089635854,326160961,0.128,405,128.0,0.031,0.3,0.143,70.0,68.0,0.3,0.358,0.602,0.039,103395,0.223,26000000,252.6495062237185
0.016,44.1,142307.10776470587,New Caledonia,39.99941792782305,77236.84089635854,1001970945,0.06416951983298538,15,302.06850282485874,0.032813011456628474,0.6,0.14810265957446808,79.0,73.0,0.9,0.228,0.673,0.099,258000,0.685,26000000,252.6495062237185
0.014,34.0,142307.10776470587,New Zealand,1.0,18566.0,171461480706,0.103,3292,152.0,0.005,0.8,0.058,83.0,79.0,1.1,0.203,0.661,0.136,4433000,0.862,5467000000,485.6052046950094
0.029,42.1,142307.10776470587,Papua New Guinea,53.0,77236.84089635854,15653921367,0.052,114,207.0,0.048,0.0,0.108,64.0,60.0,0.4,0.384,0.588,0.029,7167010,0.13,26000000,252.6495062237185
0.027,18.9,142307.10776470587,Samoa,9.0,77236.84089635854,684273267,0.068,245,224.0,0.016,0.1,0.099,76.0,70.0,0.5781237682301931,0.379,0.57,0.051,188889,0.196,148000000,286.2896920077554
0.031,25.3,142307.10776470587,Solomon Islands,9.0,77236.84089635854,999972421,0.08,148,80.0,0.026,0.1,0.113,69.0,66.0,0.6,0.404,0.563,0.033,549598,0.21,66900000,325.2618842822488
0.026,25.4,142307.10776470587,Tonga,16.0,77236.84089635854,471575497,0.054,238,164.0,0.011,0.3,0.1,75.0,70.0,0.5,0.373,0.568,0.058,104941,0.235,26000000,252.6495062237185
0.027,8.4,142307.10776470587,Vanuatu,35.0,77236.84089635854,786938335,0.036,116,120.0,0.015,0.1,0.061,73.0,69.0,0.6,0.374,0.586,0.04,247262,0.252,288000000,308.9407589229987
0.017,41.0,142307.10776470587,Antigua and Barbuda,21.0,77236.84089635854,1194074074,0.052,681,207.0,0.008,0.6,0.102,78.0,73.0,1.4,0.254,0.675,0.071,89069,0.251,26000000,252.6495062237185
0.017,107.8,142307.10776470587,Argentina,25.0,77236.84089635854,603153016503,0.085,995,405.0,0.012,0.6,0.141,80.0,72.0,1.6,0.244,0.648,0.108,41086927,0.913,5655000000,521.1625151214346
0.01,44.1,142307.10776470587,Aruba,39.99941792782305,77236.84089635854,1001970945,0.06416951983298538,15,302.06850282485874,0.032813011456628474,0.7,0.092,78.0,73.0,1.3,0.199,0.69,0.11,102384,0.424,1414000000,380.4789650680857
0.015,46.6,142307.10776470587,"Bahamas, The",24.0,77236.84089635854,8149004000,0.075,1647,58.0,0.011,0.7,0.048,78.0,72.0,0.8,0.216,0.71,0.074,371960,0.827,2415000000,390.7008088927333
0.013,40.8,142307.10776470587,Barbados,18.0,77236.84089635854,4224850000,0.063,938,237.0,0.014,0.7,0.087,78.0,73.0,1.2,0.19,0.704,0.106,283221,0.318,26000000,252.6495062237185
0.024,33.2,142307.10776470587,Belize,44.0,77236.84089635854,1572500000,0.058,259,147.0,0.015,0.3,0.124,77.0,71.0,0.5,0.344,0.617,0.039,324060,0.445,299000000,306.4036705701629
0.012,44.1,142307.10776470587,Bermuda,39.99941792782305,77236.84089635854,5473536000,0.06416951983298538,15,302.06850282485874,0.032813011456628474,0.9,0.14810265957446808,82.0,77.0,1.4,0.3030511272141707,0.6234814814814815,0.07346457326892109,64798,1.0,461000000,393.3916725532485
0.026,83.4,142307.10776470587,Bolivia,49.0,77236.84089635854,27035110130,0.058,149,1025.0,0.032,0.4,0.111,69.0,65.0,0.9,0.352,0.599,0.048,10496285,0.673,581000000,405.68646888125477
0.015,68.5,142307.10776470587,Brazil,119.0,77236.84089635854,2248780912396,0.093,1056,2600.0,0.013,0.5,0.366,77.0,70.0,1.3,0.246,0.681,0.073,198656019,0.849,6890000000,575.4769946499136
0.011,24.6,142307.10776470587,Canada,5.0,252651.0,1821445449562,0.109,5741,131.0,0.005,0.8,0.03,83.0,79.0,0.8,0.164,0.688,0.148,34754312,0.813,20696000000,599.5004598408991
0.013,44.1,142307.10776470587,Cayman Islands,39.99941792782305,77236.84089635854,1001970945,0.06416951983298538,15,302.06850282485874,0.032813011456628474,0.7,0.14810265957446808,71.15926791277259,66.46183800623054,1.7,0.3030511272141707,0.6234814814814815,0.07346457326892109,57570,1.0,26000000,252.6495062237185
0.014,27.7,142307.10776470587,Chile,8.0,32720.0,266259263033,0.072,1103,291.0,0.007,0.6,0.101,82.0,77.0,1.4,0.214,0.689,0.097,17464814,0.89,3180000000,465.55958160038745
0.019,76.0,142307.10776470587,Colombia,15.0,77236.84089635854,370328075210,0.068,530,203.0,0.015,0.5,0.126,78.0,70.0,1.0,0.28,0.66,0.06,47704427,0.756,3257000000,481.20549488671037
0.015,55.3,142307.10776470587,Costa Rica,60.0,77236.84089635854,45374788701,0.101,951,226.0,0.009,0.5,0.182,82.0,78.0,1.1,0.239,0.692,0.068,4805295,0.739,2544000000,406.2590899525615
0.01,44.1,142307.10776470587,Cuba,39.99941792782305,77236.84089635854,1001970945,0.086,558,302.06850282485874,0.005,0.3,0.14810265957446808,81.0,77.0,0.1,0.166,0.704,0.13,11270957,0.768,2614000000,252.6495062237185
0.013,44.1,142307.10776470587,Curacao,39.99941792782305,77236.84089635854,1001970945,0.06416951983298538,15,302.06850282485874,0.032813011456628474,0.23974713551955748,0.14810265957446808,71.15926791277259,66.46183800623054,1.3,0.195,0.668,0.137,152056,0.897,676000000,387.82395150816336
0.022714893617021278,37.1,142307.10776470587,Dominica,12.0,77236.84089635854,495555556,0.059,392,117.0,0.011,0.6,0.09,71.15926791277259,66.46183800623054,1.5,0.3030511272141707,0.6234814814814815,0.07346457326892109,71684,0.687,110000000,268.3194695609425
0.021,43.4,142307.10776470587,Dominican Republic,19.0,77236.84089635854,58920504571,0.054,310,324.0,0.024,0.4,0.155,76.0,70.0,0.9,0.305,0.633,0.062,10276621,0.76,4736000000,404.6653790205565
0.021,34.6,142307.10776470587,Ecuador,56.0,77236.84089635854,84039856000,0.064,361,654.0,0.02,0.4,0.14810265957446808,79.0,73.0,1.1,0.303,0.633,0.064,15492264,0.631,1039000000,427.06854125665774
0.02,34.8,142307.10776470587,El Salvador,17.0,77236.84089635854,23813600000,0.067,254,320.0,0.014,0.2,0.14810265957446808,77.0,68.0,1.4,0.306,0.623,0.071,6297394,0.653,894000000,379.1394046337301
0.014,44.1,142307.10776470587,Greenland,39.99941792782305,77236.84089635854,1001970945,0.06416951983298538,15,302.06850282485874,0.032813011456628474,0.6,0.14810265957446808,71.15926791277259,66.46183800623054,1.0,0.3030511272141707,0.6234814814814815,0.07346457326892109,56810,0.852,26000000,252.6495062237185
0.019,45.3,142307.10776470587,Grenada,15.0,77236.84089635854,801481467,0.064,478,140.0,0.011,0.3,0.097,75.0,70.0,1.2,0.27,0.659,0.071,105483,0.356,110000000,259.7930106370605
0.031,40.9,142307.10776470587,Guatemala,40.0,77236.84089635854,50388454861,0.067,226,332.0,0.027,0.2,0.135,75.0,68.0,1.4,0.408,0.547,0.045,15082831,0.502,1419000000,425.73476620809953
0.021,35.9,142307.10776470587,Guyana,20.0,77236.84089635854,2851154076,0.066,235,263.0,0.031,0.3,0.139,69.0,63.0,0.7,0.368,0.599,0.033,795369,0.283,64000000,332.0496595190035
0.026,40.4,142307.10776470587,Haiti,105.0,77236.84089635854,7890216508,0.064,53,184.0,0.056,0.1,0.089,65.0,61.0,0.6,0.354,0.601,0.045,10173775,0.548,170000000,399.0692573277915
0.026,40.0,142307.10776470587,Honduras,14.0,77236.84089635854,18564264545,0.086,195,224.0,0.02,0.2,0.185,76.0,71.0,0.9,0.357,0.599,0.044,7935846,0.529,666000000,398.2177940898307
0.015,44.3,142307.10776470587,Jamaica,7.0,77236.84089635854,14794802081,0.059,318,368.0,0.015,0.3,0.176,76.0,71.0,1.0,0.278,0.643,0.079,2707805,0.541,2070000000,358.02149859514583
0.019,52.5,142307.10776470587,Mexico,6.0,191924.0,1186460890130,0.061,618,337.0,0.013,0.4,0.047,80.0,75.0,0.8,0.29,0.647,0.063,120847477,0.784,13320000000,533.4610277976024
0.023,64.9,142307.10776470587,Nicaragua,39.0,77236.84089635854,10644973606,0.082,144,207.0,0.021,0.1,0.12,78.0,71.0,1.0,0.334,0.62,0.046,5991733,0.578,422000000,389.4467176118347
0.02,40.5,142307.10776470587,Panama,7.0,77236.84089635854,37956200000,0.076,723,431.0,0.016,0.4,0.069,80.0,75.0,1.6,0.286,0.643,0.071,3802281,0.657,3784000000,408.87828641983253
0.024,35.0,142307.10776470587,Paraguay,35.0,77236.84089635854,24611040343,0.103,392,387.0,0.019,0.3,0.172,74.0,70.0,1.0,0.328,0.619,0.054,6687361,0.589,265000000,386.0200531967374
0.02,36.4,142307.10776470587,Peru,25.0,77236.84089635854,192636058714,0.051,337,293.0,0.014,0.4,0.192,77.0,72.0,1.0,0.292,0.646,0.063,29987800,0.776,3288000000,457.5789542847775
0.011,50.7,142307.10776470587,Puerto Rico,6.0,77236.84089635854,101080738000,0.06416951983298538,15,218.0,0.032813011456628474,0.7,0.14810265957446808,82.0,75.0,0.8,0.198,0.667,0.135,3651545,0.937,3193000000,435.48309044770326
0.022714893617021278,44.1,142307.10776470587,Sint Maarten (Dutch part),39.99941792782305,77236.84089635854,1001970945,0.06416951983298538,15,302.06850282485874,0.032813011456628474,0.23974713551955748,0.14810265957446808,71.15926791277259,66.46183800623054,0.5781237682301931,0.3030511272141707,0.6234814814814815,0.07346457326892109,39088,1.0,854000000,346.0716949116229
0.022714893617021278,51.9,142307.10776470587,St. Kitts and Nevis,19.0,77236.84089635854,731851852,0.059,825,203.0,0.008,0.8,0.087,71.15926791277259,66.46183800623054,1.4,0.3030511272141707,0.6234814814814815,0.07346457326892109,53584,0.318,94000000,270.75280671761607
0.016,34.6,142307.10776470587,St. Lucia,15.0,77236.84089635854,1318148148,0.085,556,92.0,0.013,0.3,0.095,77.0,72.0,1.2,0.243,0.67,0.087,180870,0.185,335000000,313.5495667692504
0.016,44.1,142307.10776470587,St. Martin (French part),39.99941792782305,77236.84089635854,1001970945,0.06416951983298538,15,302.06850282485874,0.032813011456628474,0.23974713551955748,0.14810265957446808,82.0,76.0,0.5781237682301931,0.3030511272141707,0.6234814814814815,0.07346457326892109,30959,0.5629525765496639,26000000,252.6495062237185
0.017,38.7,142307.10776470587,St. Vincent and the Grenadines,10.0,77236.84089635854,694444444,0.052,340,111.0,0.018,0.5,0.094,75.0,70.0,1.2,0.257,0.675,0.068,109373,0.495,93000000,270.75280671761607
0.018,27.9,142307.10776470587,Suriname,694.0,77236.84089635854,5012121212,0.059,521,199.0,0.021,0.3,0.117,74.0,68.0,1.1,0.278,0.656,0.066,534541,0.662,79000000,319.5497165999623
0.015,29.1,142307.10776470587,Trinidad and Tobago,41.0,77236.84089635854,23436342520,0.054,972,210.0,0.02,0.6,0.077,74.0,66.0,1.4,0.207,0.705,0.088,1337439,0.088,26000000,252.6495062237185
0.022714893617021278,44.1,142307.10776470587,Turks and Caicos Islands,39.99941792782305,77236.84089635854,1001970945,0.06416951983298538,15,302.06850282485874,0.032813011456628474,0.23974713551955748,0.14810265957446808,71.15926791277259,66.46183800623054,0.5781237682301931,0.3030511272141707,0.6234814814814815,0.07346457326892109,32427,0.911,26000000,252.6495062237185
0.013,46.4,142307.10776470587,United States,5.0,2132446.0,16244600000000,0.179,8895,175.0,0.006,0.8,0.033,81.0,76.0,1.0,0.196,0.667,0.136,313873685,0.811,200092000000,653.5224446367394
0.015,41.9,142307.10776470587,Uruguay,7.0,77236.84089635854,50004354667,0.089,1308,310.0,0.01,0.5,0.112,80.0,74.0,1.5,0.22,0.639,0.14,3395253,0.948,2222000000,430.5990624816839
0.02,61.9,142307.10776470587,"Venezuela, RB",144.0,77236.84089635854,381286223859,0.046,593,792.0,0.013,0.5,0.164,78.0,72.0,1.0,0.288,0.652,0.06,29954782,0.889,904000000,479.04258351426637
0.011,44.1,142307.10776470587,Virgin Islands (U.S.),39.99941792782305,77236.84089635854,1001970945,0.06416951983298538,15,302.06850282485874,0.032813011456628474,0.4,0.14810265957446808,83.0,76.0,0.5781237682301931,0.206,0.641,0.152,105275,0.949,26000000,252.6495062237185
